===== 1|0.01|0.5|linear|0.01|0.01|False | 445s | exit=0 =====
/home/xiaokang/miniconda3/envs/prune_llm/lib/python3.9/site-packages/torch/torch_version.py:3: UserWarning: pkg_resources is deprecated as an API. See https://setuptools.pypa.io/en/latest/pkg_resources.html. The pkg_resources package is slated for removal as early as 2025-11-30. Refrain from using this package or pin to Setuptools<81.
  from pkg_resources import packaging  # type: ignore[attr-defined]
[DEBUG] running: /home/xiaokang/OWL/OWL-version2/risk-prune/main.py
[DEBUG] HF_ENDPOINT env: None
[DEBUG] HfApi endpoint: https://huggingface.co
# of gpus:  1
[DEBUG] Parsed args:
  nsamples               = 32
  risk_k                 = 1
  risk_probe             = 0.01
  risk_decay             = 0.5
  risk_decay_type        = linear
  risk_decay_beta        = 0.01
  risk_alpha             = 0.01
  consider_current_layer_in_risk = True
Loading checkpoint shards:   0%|          | 0/2 [00:00<?, ?it/s]Loading checkpoint shards:  50%|█████     | 1/2 [00:03<00:03,  3.57s/it]Loading checkpoint shards: 100%|██████████| 2/2 [00:04<00:00,  2.29s/it]Loading checkpoint shards: 100%|██████████| 2/2 [00:04<00:00,  2.48s/it]
use device  cuda:0
target sparsity 0.7
pruning starts
loading calibration data
dataset loading complete
after adjustment [0.32154387 0.33052334 0.35553527 0.40382937 0.3556912  0.34425825
 0.36281928 0.35440147 0.34041196 0.33683133 0.33567408 0.3330906
 0.33067206 0.32056895 0.31427026 0.29846182 0.28695586 0.27979746
 0.27319846 0.26702517 0.2621449  0.26242876 0.25932163 0.2589753
 0.25523868 0.25864556 0.25183204 0.24919166 0.24809445 0.24382937
 0.24520025 0.25953785] mean 0.3 max 0.40382937 min 0.24382937
pruning layer 0 name self_attn.q_proj
pruning layer 0 name self_attn.k_proj
pruning layer 0 name self_attn.v_proj
pruning layer 0 name self_attn.o_proj
pruning layer 0 name mlp.gate_proj
pruning layer 0 name mlp.down_proj
pruning layer 0 name mlp.up_proj
pruning layer 1 name self_attn.q_proj
pruning layer 1 name self_attn.k_proj
pruning layer 1 name self_attn.v_proj
pruning layer 1 name self_attn.o_proj
pruning layer 1 name mlp.gate_proj
pruning layer 1 name mlp.down_proj
pruning layer 1 name mlp.up_proj
pruning layer 2 name self_attn.q_proj
pruning layer 2 name self_attn.k_proj
pruning layer 2 name self_attn.v_proj
pruning layer 2 name self_attn.o_proj
pruning layer 2 name mlp.gate_proj
pruning layer 2 name mlp.down_proj
pruning layer 2 name mlp.up_proj
pruning layer 3 name self_attn.q_proj
pruning layer 3 name self_attn.k_proj
pruning layer 3 name self_attn.v_proj
pruning layer 3 name self_attn.o_proj
pruning layer 3 name mlp.gate_proj
pruning layer 3 name mlp.down_proj
pruning layer 3 name mlp.up_proj
pruning layer 4 name self_attn.q_proj
pruning layer 4 name self_attn.k_proj
pruning layer 4 name self_attn.v_proj
pruning layer 4 name self_attn.o_proj
pruning layer 4 name mlp.gate_proj
pruning layer 4 name mlp.down_proj
pruning layer 4 name mlp.up_proj
pruning layer 5 name self_attn.q_proj
pruning layer 5 name self_attn.k_proj
pruning layer 5 name self_attn.v_proj
pruning layer 5 name self_attn.o_proj
pruning layer 5 name mlp.gate_proj
pruning layer 5 name mlp.down_proj
pruning layer 5 name mlp.up_proj
pruning layer 6 name self_attn.q_proj
pruning layer 6 name self_attn.k_proj
pruning layer 6 name self_attn.v_proj
pruning layer 6 name self_attn.o_proj
pruning layer 6 name mlp.gate_proj
pruning layer 6 name mlp.down_proj
pruning layer 6 name mlp.up_proj
pruning layer 7 name self_attn.q_proj
pruning layer 7 name self_attn.k_proj
pruning layer 7 name self_attn.v_proj
pruning layer 7 name self_attn.o_proj
pruning layer 7 name mlp.gate_proj
pruning layer 7 name mlp.down_proj
pruning layer 7 name mlp.up_proj
pruning layer 8 name self_attn.q_proj
pruning layer 8 name self_attn.k_proj
pruning layer 8 name self_attn.v_proj
pruning layer 8 name self_attn.o_proj
pruning layer 8 name mlp.gate_proj
pruning layer 8 name mlp.down_proj
pruning layer 8 name mlp.up_proj
pruning layer 9 name self_attn.q_proj
pruning layer 9 name self_attn.k_proj
pruning layer 9 name self_attn.v_proj
pruning layer 9 name self_attn.o_proj
pruning layer 9 name mlp.gate_proj
pruning layer 9 name mlp.down_proj
pruning layer 9 name mlp.up_proj
pruning layer 10 name self_attn.q_proj
pruning layer 10 name self_attn.k_proj
pruning layer 10 name self_attn.v_proj
pruning layer 10 name self_attn.o_proj
pruning layer 10 name mlp.gate_proj
pruning layer 10 name mlp.down_proj
pruning layer 10 name mlp.up_proj
pruning layer 11 name self_attn.q_proj
pruning layer 11 name self_attn.k_proj
pruning layer 11 name self_attn.v_proj
pruning layer 11 name self_attn.o_proj
pruning layer 11 name mlp.gate_proj
pruning layer 11 name mlp.down_proj
pruning layer 11 name mlp.up_proj
pruning layer 12 name self_attn.q_proj
pruning layer 12 name self_attn.k_proj
pruning layer 12 name self_attn.v_proj
pruning layer 12 name self_attn.o_proj
pruning layer 12 name mlp.gate_proj
pruning layer 12 name mlp.down_proj
pruning layer 12 name mlp.up_proj
pruning layer 13 name self_attn.q_proj
pruning layer 13 name self_attn.k_proj
pruning layer 13 name self_attn.v_proj
pruning layer 13 name self_attn.o_proj
pruning layer 13 name mlp.gate_proj
pruning layer 13 name mlp.down_proj
pruning layer 13 name mlp.up_proj
pruning layer 14 name self_attn.q_proj
pruning layer 14 name self_attn.k_proj
pruning layer 14 name self_attn.v_proj
pruning layer 14 name self_attn.o_proj
pruning layer 14 name mlp.gate_proj
pruning layer 14 name mlp.down_proj
pruning layer 14 name mlp.up_proj
pruning layer 15 name self_attn.q_proj
pruning layer 15 name self_attn.k_proj
pruning layer 15 name self_attn.v_proj
pruning layer 15 name self_attn.o_proj
pruning layer 15 name mlp.gate_proj
pruning layer 15 name mlp.down_proj
pruning layer 15 name mlp.up_proj
pruning layer 16 name self_attn.q_proj
pruning layer 16 name self_attn.k_proj
pruning layer 16 name self_attn.v_proj
pruning layer 16 name self_attn.o_proj
pruning layer 16 name mlp.gate_proj
pruning layer 16 name mlp.down_proj
pruning layer 16 name mlp.up_proj
pruning layer 17 name self_attn.q_proj
pruning layer 17 name self_attn.k_proj
pruning layer 17 name self_attn.v_proj
pruning layer 17 name self_attn.o_proj
pruning layer 17 name mlp.gate_proj
pruning layer 17 name mlp.down_proj
pruning layer 17 name mlp.up_proj
pruning layer 18 name self_attn.q_proj
pruning layer 18 name self_attn.k_proj
pruning layer 18 name self_attn.v_proj
pruning layer 18 name self_attn.o_proj
pruning layer 18 name mlp.gate_proj
pruning layer 18 name mlp.down_proj
pruning layer 18 name mlp.up_proj
pruning layer 19 name self_attn.q_proj
pruning layer 19 name self_attn.k_proj
pruning layer 19 name self_attn.v_proj
pruning layer 19 name self_attn.o_proj
pruning layer 19 name mlp.gate_proj
pruning layer 19 name mlp.down_proj
pruning layer 19 name mlp.up_proj
pruning layer 20 name self_attn.q_proj
pruning layer 20 name self_attn.k_proj
pruning layer 20 name self_attn.v_proj
pruning layer 20 name self_attn.o_proj
pruning layer 20 name mlp.gate_proj
pruning layer 20 name mlp.down_proj
pruning layer 20 name mlp.up_proj
pruning layer 21 name self_attn.q_proj
pruning layer 21 name self_attn.k_proj
pruning layer 21 name self_attn.v_proj
pruning layer 21 name self_attn.o_proj
pruning layer 21 name mlp.gate_proj
pruning layer 21 name mlp.down_proj
pruning layer 21 name mlp.up_proj
pruning layer 22 name self_attn.q_proj
pruning layer 22 name self_attn.k_proj
pruning layer 22 name self_attn.v_proj
pruning layer 22 name self_attn.o_proj
pruning layer 22 name mlp.gate_proj
pruning layer 22 name mlp.down_proj
pruning layer 22 name mlp.up_proj
pruning layer 23 name self_attn.q_proj
pruning layer 23 name self_attn.k_proj
pruning layer 23 name self_attn.v_proj
pruning layer 23 name self_attn.o_proj
pruning layer 23 name mlp.gate_proj
pruning layer 23 name mlp.down_proj
pruning layer 23 name mlp.up_proj
pruning layer 24 name self_attn.q_proj
pruning layer 24 name self_attn.k_proj
pruning layer 24 name self_attn.v_proj
pruning layer 24 name self_attn.o_proj
pruning layer 24 name mlp.gate_proj
pruning layer 24 name mlp.down_proj
pruning layer 24 name mlp.up_proj
pruning layer 25 name self_attn.q_proj
pruning layer 25 name self_attn.k_proj
pruning layer 25 name self_attn.v_proj
pruning layer 25 name self_attn.o_proj
pruning layer 25 name mlp.gate_proj
pruning layer 25 name mlp.down_proj
pruning layer 25 name mlp.up_proj
pruning layer 26 name self_attn.q_proj
pruning layer 26 name self_attn.k_proj
pruning layer 26 name self_attn.v_proj
pruning layer 26 name self_attn.o_proj
pruning layer 26 name mlp.gate_proj
pruning layer 26 name mlp.down_proj
pruning layer 26 name mlp.up_proj
pruning layer 27 name self_attn.q_proj
pruning layer 27 name self_attn.k_proj
pruning layer 27 name self_attn.v_proj
pruning layer 27 name self_attn.o_proj
pruning layer 27 name mlp.gate_proj
pruning layer 27 name mlp.down_proj
pruning layer 27 name mlp.up_proj
pruning layer 28 name self_attn.q_proj
pruning layer 28 name self_attn.k_proj
pruning layer 28 name self_attn.v_proj
pruning layer 28 name self_attn.o_proj
pruning layer 28 name mlp.gate_proj
pruning layer 28 name mlp.down_proj
pruning layer 28 name mlp.up_proj
pruning layer 29 name self_attn.q_proj
pruning layer 29 name self_attn.k_proj
pruning layer 29 name self_attn.v_proj
pruning layer 29 name self_attn.o_proj
pruning layer 29 name mlp.gate_proj
pruning layer 29 name mlp.down_proj
pruning layer 29 name mlp.up_proj
pruning layer 30 name self_attn.q_proj
pruning layer 30 name self_attn.k_proj
pruning layer 30 name self_attn.v_proj
pruning layer 30 name self_attn.o_proj
pruning layer 30 name mlp.gate_proj
pruning layer 30 name mlp.down_proj
pruning layer 30 name mlp.up_proj
pruning layer 31 name self_attn.q_proj
pruning layer 31 name self_attn.k_proj
pruning layer 31 name self_attn.v_proj
pruning layer 31 name self_attn.o_proj
pruning layer 31 name mlp.gate_proj
pruning layer 31 name mlp.down_proj
pruning layer 31 name mlp.up_proj
******************************
layer 0 sparsity 0.678266
layer 1 sparsity 0.669431
layer 2 sparsity 0.644321
layer 3 sparsity 0.595984
layer 4 sparsity 0.644281
layer 5 sparsity 0.655559
layer 6 sparsity 0.637010
layer 7 sparsity 0.645513
layer 8 sparsity 0.659445
layer 9 sparsity 0.663101
layer 10 sparsity 0.664293
layer 11 sparsity 0.666777
layer 12 sparsity 0.669201
layer 13 sparsity 0.679247
layer 14 sparsity 0.685577
layer 15 sparsity 0.701432
layer 16 sparsity 0.712921
layer 17 sparsity 0.720002
layer 18 sparsity 0.726603
layer 19 sparsity 0.732913
layer 20 sparsity 0.737801
layer 21 sparsity 0.737550
layer 22 sparsity 0.740515
layer 23 sparsity 0.740976
layer 24 sparsity 0.744652
layer 25 sparsity 0.741226
layer 26 sparsity 0.748057
layer 27 sparsity 0.750731
layer 28 sparsity 0.751733
layer 29 sparsity 0.756100
layer 30 sparsity 0.754658
layer 31 sparsity 0.740285
sparsity sanity check 0.6999
******************************
evaluating on wikitext2
nsamples 166
sample 0
sample 50
sample 100
sample 150
begin calcualte ppl
[TIME] this run took 441.40 seconds (7.36 min)
[RESULT] final ppl on wikitext = 30.6834
===== 1|0.01|0.5|linear|0.01|0.01|True | 442s | exit=0 =====
/home/xiaokang/miniconda3/envs/prune_llm/lib/python3.9/site-packages/torch/torch_version.py:3: UserWarning: pkg_resources is deprecated as an API. See https://setuptools.pypa.io/en/latest/pkg_resources.html. The pkg_resources package is slated for removal as early as 2025-11-30. Refrain from using this package or pin to Setuptools<81.
  from pkg_resources import packaging  # type: ignore[attr-defined]
[DEBUG] running: /home/xiaokang/OWL/OWL-version2/risk-prune/main.py
[DEBUG] HF_ENDPOINT env: None
[DEBUG] HfApi endpoint: https://huggingface.co
# of gpus:  1
[DEBUG] Parsed args:
  nsamples               = 32
  risk_k                 = 1
  risk_probe             = 0.01
  risk_decay             = 0.5
  risk_decay_type        = linear
  risk_decay_beta        = 0.01
  risk_alpha             = 0.01
  consider_current_layer_in_risk = True
Loading checkpoint shards:   0%|          | 0/2 [00:00<?, ?it/s]Loading checkpoint shards:  50%|█████     | 1/2 [00:03<00:03,  3.60s/it]Loading checkpoint shards: 100%|██████████| 2/2 [00:04<00:00,  2.30s/it]Loading checkpoint shards: 100%|██████████| 2/2 [00:04<00:00,  2.49s/it]
use device  cuda:0
target sparsity 0.7
pruning starts
loading calibration data
dataset loading complete
after adjustment [0.32154387 0.33052334 0.35553527 0.40382937 0.3556912  0.34425825
 0.36281928 0.35440147 0.34041196 0.33683133 0.33567408 0.3330906
 0.33067206 0.32056895 0.31427026 0.29846182 0.28695586 0.27979746
 0.27319846 0.26702517 0.2621449  0.26242876 0.25932163 0.2589753
 0.25523868 0.25864556 0.25183204 0.24919166 0.24809445 0.24382937
 0.24520025 0.25953785] mean 0.3 max 0.40382937 min 0.24382937
pruning layer 0 name self_attn.q_proj
pruning layer 0 name self_attn.k_proj
pruning layer 0 name self_attn.v_proj
pruning layer 0 name self_attn.o_proj
pruning layer 0 name mlp.gate_proj
pruning layer 0 name mlp.down_proj
pruning layer 0 name mlp.up_proj
pruning layer 1 name self_attn.q_proj
pruning layer 1 name self_attn.k_proj
pruning layer 1 name self_attn.v_proj
pruning layer 1 name self_attn.o_proj
pruning layer 1 name mlp.gate_proj
pruning layer 1 name mlp.down_proj
pruning layer 1 name mlp.up_proj
pruning layer 2 name self_attn.q_proj
pruning layer 2 name self_attn.k_proj
pruning layer 2 name self_attn.v_proj
pruning layer 2 name self_attn.o_proj
pruning layer 2 name mlp.gate_proj
pruning layer 2 name mlp.down_proj
pruning layer 2 name mlp.up_proj
pruning layer 3 name self_attn.q_proj
pruning layer 3 name self_attn.k_proj
pruning layer 3 name self_attn.v_proj
pruning layer 3 name self_attn.o_proj
pruning layer 3 name mlp.gate_proj
pruning layer 3 name mlp.down_proj
pruning layer 3 name mlp.up_proj
pruning layer 4 name self_attn.q_proj
pruning layer 4 name self_attn.k_proj
pruning layer 4 name self_attn.v_proj
pruning layer 4 name self_attn.o_proj
pruning layer 4 name mlp.gate_proj
pruning layer 4 name mlp.down_proj
pruning layer 4 name mlp.up_proj
pruning layer 5 name self_attn.q_proj
pruning layer 5 name self_attn.k_proj
pruning layer 5 name self_attn.v_proj
pruning layer 5 name self_attn.o_proj
pruning layer 5 name mlp.gate_proj
pruning layer 5 name mlp.down_proj
pruning layer 5 name mlp.up_proj
pruning layer 6 name self_attn.q_proj
pruning layer 6 name self_attn.k_proj
pruning layer 6 name self_attn.v_proj
pruning layer 6 name self_attn.o_proj
pruning layer 6 name mlp.gate_proj
pruning layer 6 name mlp.down_proj
pruning layer 6 name mlp.up_proj
pruning layer 7 name self_attn.q_proj
pruning layer 7 name self_attn.k_proj
pruning layer 7 name self_attn.v_proj
pruning layer 7 name self_attn.o_proj
pruning layer 7 name mlp.gate_proj
pruning layer 7 name mlp.down_proj
pruning layer 7 name mlp.up_proj
pruning layer 8 name self_attn.q_proj
pruning layer 8 name self_attn.k_proj
pruning layer 8 name self_attn.v_proj
pruning layer 8 name self_attn.o_proj
pruning layer 8 name mlp.gate_proj
pruning layer 8 name mlp.down_proj
pruning layer 8 name mlp.up_proj
pruning layer 9 name self_attn.q_proj
pruning layer 9 name self_attn.k_proj
pruning layer 9 name self_attn.v_proj
pruning layer 9 name self_attn.o_proj
pruning layer 9 name mlp.gate_proj
pruning layer 9 name mlp.down_proj
pruning layer 9 name mlp.up_proj
pruning layer 10 name self_attn.q_proj
pruning layer 10 name self_attn.k_proj
pruning layer 10 name self_attn.v_proj
pruning layer 10 name self_attn.o_proj
pruning layer 10 name mlp.gate_proj
pruning layer 10 name mlp.down_proj
pruning layer 10 name mlp.up_proj
pruning layer 11 name self_attn.q_proj
pruning layer 11 name self_attn.k_proj
pruning layer 11 name self_attn.v_proj
pruning layer 11 name self_attn.o_proj
pruning layer 11 name mlp.gate_proj
pruning layer 11 name mlp.down_proj
pruning layer 11 name mlp.up_proj
pruning layer 12 name self_attn.q_proj
pruning layer 12 name self_attn.k_proj
pruning layer 12 name self_attn.v_proj
pruning layer 12 name self_attn.o_proj
pruning layer 12 name mlp.gate_proj
pruning layer 12 name mlp.down_proj
pruning layer 12 name mlp.up_proj
pruning layer 13 name self_attn.q_proj
pruning layer 13 name self_attn.k_proj
pruning layer 13 name self_attn.v_proj
pruning layer 13 name self_attn.o_proj
pruning layer 13 name mlp.gate_proj
pruning layer 13 name mlp.down_proj
pruning layer 13 name mlp.up_proj
pruning layer 14 name self_attn.q_proj
pruning layer 14 name self_attn.k_proj
pruning layer 14 name self_attn.v_proj
pruning layer 14 name self_attn.o_proj
pruning layer 14 name mlp.gate_proj
pruning layer 14 name mlp.down_proj
pruning layer 14 name mlp.up_proj
pruning layer 15 name self_attn.q_proj
pruning layer 15 name self_attn.k_proj
pruning layer 15 name self_attn.v_proj
pruning layer 15 name self_attn.o_proj
pruning layer 15 name mlp.gate_proj
pruning layer 15 name mlp.down_proj
pruning layer 15 name mlp.up_proj
pruning layer 16 name self_attn.q_proj
pruning layer 16 name self_attn.k_proj
pruning layer 16 name self_attn.v_proj
pruning layer 16 name self_attn.o_proj
pruning layer 16 name mlp.gate_proj
pruning layer 16 name mlp.down_proj
pruning layer 16 name mlp.up_proj
pruning layer 17 name self_attn.q_proj
pruning layer 17 name self_attn.k_proj
pruning layer 17 name self_attn.v_proj
pruning layer 17 name self_attn.o_proj
pruning layer 17 name mlp.gate_proj
pruning layer 17 name mlp.down_proj
pruning layer 17 name mlp.up_proj
pruning layer 18 name self_attn.q_proj
pruning layer 18 name self_attn.k_proj
pruning layer 18 name self_attn.v_proj
pruning layer 18 name self_attn.o_proj
pruning layer 18 name mlp.gate_proj
pruning layer 18 name mlp.down_proj
pruning layer 18 name mlp.up_proj
pruning layer 19 name self_attn.q_proj
pruning layer 19 name self_attn.k_proj
pruning layer 19 name self_attn.v_proj
pruning layer 19 name self_attn.o_proj
pruning layer 19 name mlp.gate_proj
pruning layer 19 name mlp.down_proj
pruning layer 19 name mlp.up_proj
pruning layer 20 name self_attn.q_proj
pruning layer 20 name self_attn.k_proj
pruning layer 20 name self_attn.v_proj
pruning layer 20 name self_attn.o_proj
pruning layer 20 name mlp.gate_proj
pruning layer 20 name mlp.down_proj
pruning layer 20 name mlp.up_proj
pruning layer 21 name self_attn.q_proj
pruning layer 21 name self_attn.k_proj
pruning layer 21 name self_attn.v_proj
pruning layer 21 name self_attn.o_proj
pruning layer 21 name mlp.gate_proj
pruning layer 21 name mlp.down_proj
pruning layer 21 name mlp.up_proj
pruning layer 22 name self_attn.q_proj
pruning layer 22 name self_attn.k_proj
pruning layer 22 name self_attn.v_proj
pruning layer 22 name self_attn.o_proj
pruning layer 22 name mlp.gate_proj
pruning layer 22 name mlp.down_proj
pruning layer 22 name mlp.up_proj
pruning layer 23 name self_attn.q_proj
pruning layer 23 name self_attn.k_proj
pruning layer 23 name self_attn.v_proj
pruning layer 23 name self_attn.o_proj
pruning layer 23 name mlp.gate_proj
pruning layer 23 name mlp.down_proj
pruning layer 23 name mlp.up_proj
pruning layer 24 name self_attn.q_proj
pruning layer 24 name self_attn.k_proj
pruning layer 24 name self_attn.v_proj
pruning layer 24 name self_attn.o_proj
pruning layer 24 name mlp.gate_proj
pruning layer 24 name mlp.down_proj
pruning layer 24 name mlp.up_proj
pruning layer 25 name self_attn.q_proj
pruning layer 25 name self_attn.k_proj
pruning layer 25 name self_attn.v_proj
pruning layer 25 name self_attn.o_proj
pruning layer 25 name mlp.gate_proj
pruning layer 25 name mlp.down_proj
pruning layer 25 name mlp.up_proj
pruning layer 26 name self_attn.q_proj
pruning layer 26 name self_attn.k_proj
pruning layer 26 name self_attn.v_proj
pruning layer 26 name self_attn.o_proj
pruning layer 26 name mlp.gate_proj
pruning layer 26 name mlp.down_proj
pruning layer 26 name mlp.up_proj
pruning layer 27 name self_attn.q_proj
pruning layer 27 name self_attn.k_proj
pruning layer 27 name self_attn.v_proj
pruning layer 27 name self_attn.o_proj
pruning layer 27 name mlp.gate_proj
pruning layer 27 name mlp.down_proj
pruning layer 27 name mlp.up_proj
pruning layer 28 name self_attn.q_proj
pruning layer 28 name self_attn.k_proj
pruning layer 28 name self_attn.v_proj
pruning layer 28 name self_attn.o_proj
pruning layer 28 name mlp.gate_proj
pruning layer 28 name mlp.down_proj
pruning layer 28 name mlp.up_proj
pruning layer 29 name self_attn.q_proj
pruning layer 29 name self_attn.k_proj
pruning layer 29 name self_attn.v_proj
pruning layer 29 name self_attn.o_proj
pruning layer 29 name mlp.gate_proj
pruning layer 29 name mlp.down_proj
pruning layer 29 name mlp.up_proj
pruning layer 30 name self_attn.q_proj
pruning layer 30 name self_attn.k_proj
pruning layer 30 name self_attn.v_proj
pruning layer 30 name self_attn.o_proj
pruning layer 30 name mlp.gate_proj
pruning layer 30 name mlp.down_proj
pruning layer 30 name mlp.up_proj
pruning layer 31 name self_attn.q_proj
pruning layer 31 name self_attn.k_proj
pruning layer 31 name self_attn.v_proj
pruning layer 31 name self_attn.o_proj
pruning layer 31 name mlp.gate_proj
pruning layer 31 name mlp.down_proj
pruning layer 31 name mlp.up_proj
******************************
layer 0 sparsity 0.678266
layer 1 sparsity 0.669431
layer 2 sparsity 0.644321
layer 3 sparsity 0.595984
layer 4 sparsity 0.644281
layer 5 sparsity 0.655559
layer 6 sparsity 0.637010
layer 7 sparsity 0.645513
layer 8 sparsity 0.659445
layer 9 sparsity 0.663101
layer 10 sparsity 0.664293
layer 11 sparsity 0.666777
layer 12 sparsity 0.669201
layer 13 sparsity 0.679247
layer 14 sparsity 0.685577
layer 15 sparsity 0.701432
layer 16 sparsity 0.712921
layer 17 sparsity 0.720002
layer 18 sparsity 0.726603
layer 19 sparsity 0.732913
layer 20 sparsity 0.737801
layer 21 sparsity 0.737550
layer 22 sparsity 0.740515
layer 23 sparsity 0.740976
layer 24 sparsity 0.744652
layer 25 sparsity 0.741226
layer 26 sparsity 0.748057
layer 27 sparsity 0.750731
layer 28 sparsity 0.751733
layer 29 sparsity 0.756100
layer 30 sparsity 0.754658
layer 31 sparsity 0.740285
sparsity sanity check 0.6999
******************************
evaluating on wikitext2
nsamples 166
sample 0
sample 50
sample 100
sample 150
begin calcualte ppl
[TIME] this run took 439.95 seconds (7.33 min)
[RESULT] final ppl on wikitext = 30.6834
===== 1|0.01|0.5|linear|0.01|0.05|False | 443s | exit=0 =====
/home/xiaokang/miniconda3/envs/prune_llm/lib/python3.9/site-packages/torch/torch_version.py:3: UserWarning: pkg_resources is deprecated as an API. See https://setuptools.pypa.io/en/latest/pkg_resources.html. The pkg_resources package is slated for removal as early as 2025-11-30. Refrain from using this package or pin to Setuptools<81.
  from pkg_resources import packaging  # type: ignore[attr-defined]
[DEBUG] running: /home/xiaokang/OWL/OWL-version2/risk-prune/main.py
[DEBUG] HF_ENDPOINT env: None
[DEBUG] HfApi endpoint: https://huggingface.co
# of gpus:  1
[DEBUG] Parsed args:
  nsamples               = 32
  risk_k                 = 1
  risk_probe             = 0.01
  risk_decay             = 0.5
  risk_decay_type        = linear
  risk_decay_beta        = 0.01
  risk_alpha             = 0.05
  consider_current_layer_in_risk = True
Loading checkpoint shards:   0%|          | 0/2 [00:00<?, ?it/s]Loading checkpoint shards:  50%|█████     | 1/2 [00:03<00:03,  3.58s/it]Loading checkpoint shards: 100%|██████████| 2/2 [00:04<00:00,  2.28s/it]Loading checkpoint shards: 100%|██████████| 2/2 [00:04<00:00,  2.47s/it]
use device  cuda:0
target sparsity 0.7
pruning starts
loading calibration data
dataset loading complete
after adjustment [0.3229406  0.33425453 0.3551203  0.40366083 0.35537934 0.34393337
 0.3626097  0.3542012  0.34020534 0.33664834 0.33552033 0.33295837
 0.33055747 0.32042444 0.31414682 0.29833135 0.28684944 0.27963364
 0.27305084 0.26686853 0.2620136  0.26227504 0.25919572 0.25885677
 0.2551     0.2585715  0.25173983 0.24905704 0.24796084 0.24366084
 0.24571753 0.2585568 ] mean 0.3 max 0.40366083 min 0.24366084
pruning layer 0 name self_attn.q_proj
pruning layer 0 name self_attn.k_proj
pruning layer 0 name self_attn.v_proj
pruning layer 0 name self_attn.o_proj
pruning layer 0 name mlp.gate_proj
pruning layer 0 name mlp.down_proj
pruning layer 0 name mlp.up_proj
pruning layer 1 name self_attn.q_proj
pruning layer 1 name self_attn.k_proj
pruning layer 1 name self_attn.v_proj
pruning layer 1 name self_attn.o_proj
pruning layer 1 name mlp.gate_proj
pruning layer 1 name mlp.down_proj
pruning layer 1 name mlp.up_proj
pruning layer 2 name self_attn.q_proj
pruning layer 2 name self_attn.k_proj
pruning layer 2 name self_attn.v_proj
pruning layer 2 name self_attn.o_proj
pruning layer 2 name mlp.gate_proj
pruning layer 2 name mlp.down_proj
pruning layer 2 name mlp.up_proj
pruning layer 3 name self_attn.q_proj
pruning layer 3 name self_attn.k_proj
pruning layer 3 name self_attn.v_proj
pruning layer 3 name self_attn.o_proj
pruning layer 3 name mlp.gate_proj
pruning layer 3 name mlp.down_proj
pruning layer 3 name mlp.up_proj
pruning layer 4 name self_attn.q_proj
pruning layer 4 name self_attn.k_proj
pruning layer 4 name self_attn.v_proj
pruning layer 4 name self_attn.o_proj
pruning layer 4 name mlp.gate_proj
pruning layer 4 name mlp.down_proj
pruning layer 4 name mlp.up_proj
pruning layer 5 name self_attn.q_proj
pruning layer 5 name self_attn.k_proj
pruning layer 5 name self_attn.v_proj
pruning layer 5 name self_attn.o_proj
pruning layer 5 name mlp.gate_proj
pruning layer 5 name mlp.down_proj
pruning layer 5 name mlp.up_proj
pruning layer 6 name self_attn.q_proj
pruning layer 6 name self_attn.k_proj
pruning layer 6 name self_attn.v_proj
pruning layer 6 name self_attn.o_proj
pruning layer 6 name mlp.gate_proj
pruning layer 6 name mlp.down_proj
pruning layer 6 name mlp.up_proj
pruning layer 7 name self_attn.q_proj
pruning layer 7 name self_attn.k_proj
pruning layer 7 name self_attn.v_proj
pruning layer 7 name self_attn.o_proj
pruning layer 7 name mlp.gate_proj
pruning layer 7 name mlp.down_proj
pruning layer 7 name mlp.up_proj
pruning layer 8 name self_attn.q_proj
pruning layer 8 name self_attn.k_proj
pruning layer 8 name self_attn.v_proj
pruning layer 8 name self_attn.o_proj
pruning layer 8 name mlp.gate_proj
pruning layer 8 name mlp.down_proj
pruning layer 8 name mlp.up_proj
pruning layer 9 name self_attn.q_proj
pruning layer 9 name self_attn.k_proj
pruning layer 9 name self_attn.v_proj
pruning layer 9 name self_attn.o_proj
pruning layer 9 name mlp.gate_proj
pruning layer 9 name mlp.down_proj
pruning layer 9 name mlp.up_proj
pruning layer 10 name self_attn.q_proj
pruning layer 10 name self_attn.k_proj
pruning layer 10 name self_attn.v_proj
pruning layer 10 name self_attn.o_proj
pruning layer 10 name mlp.gate_proj
pruning layer 10 name mlp.down_proj
pruning layer 10 name mlp.up_proj
pruning layer 11 name self_attn.q_proj
pruning layer 11 name self_attn.k_proj
pruning layer 11 name self_attn.v_proj
pruning layer 11 name self_attn.o_proj
pruning layer 11 name mlp.gate_proj
pruning layer 11 name mlp.down_proj
pruning layer 11 name mlp.up_proj
pruning layer 12 name self_attn.q_proj
pruning layer 12 name self_attn.k_proj
pruning layer 12 name self_attn.v_proj
pruning layer 12 name self_attn.o_proj
pruning layer 12 name mlp.gate_proj
pruning layer 12 name mlp.down_proj
pruning layer 12 name mlp.up_proj
pruning layer 13 name self_attn.q_proj
pruning layer 13 name self_attn.k_proj
pruning layer 13 name self_attn.v_proj
pruning layer 13 name self_attn.o_proj
pruning layer 13 name mlp.gate_proj
pruning layer 13 name mlp.down_proj
pruning layer 13 name mlp.up_proj
pruning layer 14 name self_attn.q_proj
pruning layer 14 name self_attn.k_proj
pruning layer 14 name self_attn.v_proj
pruning layer 14 name self_attn.o_proj
pruning layer 14 name mlp.gate_proj
pruning layer 14 name mlp.down_proj
pruning layer 14 name mlp.up_proj
pruning layer 15 name self_attn.q_proj
pruning layer 15 name self_attn.k_proj
pruning layer 15 name self_attn.v_proj
pruning layer 15 name self_attn.o_proj
pruning layer 15 name mlp.gate_proj
pruning layer 15 name mlp.down_proj
pruning layer 15 name mlp.up_proj
pruning layer 16 name self_attn.q_proj
pruning layer 16 name self_attn.k_proj
pruning layer 16 name self_attn.v_proj
pruning layer 16 name self_attn.o_proj
pruning layer 16 name mlp.gate_proj
pruning layer 16 name mlp.down_proj
pruning layer 16 name mlp.up_proj
pruning layer 17 name self_attn.q_proj
pruning layer 17 name self_attn.k_proj
pruning layer 17 name self_attn.v_proj
pruning layer 17 name self_attn.o_proj
pruning layer 17 name mlp.gate_proj
pruning layer 17 name mlp.down_proj
pruning layer 17 name mlp.up_proj
pruning layer 18 name self_attn.q_proj
pruning layer 18 name self_attn.k_proj
pruning layer 18 name self_attn.v_proj
pruning layer 18 name self_attn.o_proj
pruning layer 18 name mlp.gate_proj
pruning layer 18 name mlp.down_proj
pruning layer 18 name mlp.up_proj
pruning layer 19 name self_attn.q_proj
pruning layer 19 name self_attn.k_proj
pruning layer 19 name self_attn.v_proj
pruning layer 19 name self_attn.o_proj
pruning layer 19 name mlp.gate_proj
pruning layer 19 name mlp.down_proj
pruning layer 19 name mlp.up_proj
pruning layer 20 name self_attn.q_proj
pruning layer 20 name self_attn.k_proj
pruning layer 20 name self_attn.v_proj
pruning layer 20 name self_attn.o_proj
pruning layer 20 name mlp.gate_proj
pruning layer 20 name mlp.down_proj
pruning layer 20 name mlp.up_proj
pruning layer 21 name self_attn.q_proj
pruning layer 21 name self_attn.k_proj
pruning layer 21 name self_attn.v_proj
pruning layer 21 name self_attn.o_proj
pruning layer 21 name mlp.gate_proj
pruning layer 21 name mlp.down_proj
pruning layer 21 name mlp.up_proj
pruning layer 22 name self_attn.q_proj
pruning layer 22 name self_attn.k_proj
pruning layer 22 name self_attn.v_proj
pruning layer 22 name self_attn.o_proj
pruning layer 22 name mlp.gate_proj
pruning layer 22 name mlp.down_proj
pruning layer 22 name mlp.up_proj
pruning layer 23 name self_attn.q_proj
pruning layer 23 name self_attn.k_proj
pruning layer 23 name self_attn.v_proj
pruning layer 23 name self_attn.o_proj
pruning layer 23 name mlp.gate_proj
pruning layer 23 name mlp.down_proj
pruning layer 23 name mlp.up_proj
pruning layer 24 name self_attn.q_proj
pruning layer 24 name self_attn.k_proj
pruning layer 24 name self_attn.v_proj
pruning layer 24 name self_attn.o_proj
pruning layer 24 name mlp.gate_proj
pruning layer 24 name mlp.down_proj
pruning layer 24 name mlp.up_proj
pruning layer 25 name self_attn.q_proj
pruning layer 25 name self_attn.k_proj
pruning layer 25 name self_attn.v_proj
pruning layer 25 name self_attn.o_proj
pruning layer 25 name mlp.gate_proj
pruning layer 25 name mlp.down_proj
pruning layer 25 name mlp.up_proj
pruning layer 26 name self_attn.q_proj
pruning layer 26 name self_attn.k_proj
pruning layer 26 name self_attn.v_proj
pruning layer 26 name self_attn.o_proj
pruning layer 26 name mlp.gate_proj
pruning layer 26 name mlp.down_proj
pruning layer 26 name mlp.up_proj
pruning layer 27 name self_attn.q_proj
pruning layer 27 name self_attn.k_proj
pruning layer 27 name self_attn.v_proj
pruning layer 27 name self_attn.o_proj
pruning layer 27 name mlp.gate_proj
pruning layer 27 name mlp.down_proj
pruning layer 27 name mlp.up_proj
pruning layer 28 name self_attn.q_proj
pruning layer 28 name self_attn.k_proj
pruning layer 28 name self_attn.v_proj
pruning layer 28 name self_attn.o_proj
pruning layer 28 name mlp.gate_proj
pruning layer 28 name mlp.down_proj
pruning layer 28 name mlp.up_proj
pruning layer 29 name self_attn.q_proj
pruning layer 29 name self_attn.k_proj
pruning layer 29 name self_attn.v_proj
pruning layer 29 name self_attn.o_proj
pruning layer 29 name mlp.gate_proj
pruning layer 29 name mlp.down_proj
pruning layer 29 name mlp.up_proj
pruning layer 30 name self_attn.q_proj
pruning layer 30 name self_attn.k_proj
pruning layer 30 name self_attn.v_proj
pruning layer 30 name self_attn.o_proj
pruning layer 30 name mlp.gate_proj
pruning layer 30 name mlp.down_proj
pruning layer 30 name mlp.up_proj
pruning layer 31 name self_attn.q_proj
pruning layer 31 name self_attn.k_proj
pruning layer 31 name self_attn.v_proj
pruning layer 31 name self_attn.o_proj
pruning layer 31 name mlp.gate_proj
pruning layer 31 name mlp.down_proj
pruning layer 31 name mlp.up_proj
******************************
layer 0 sparsity 0.677013
layer 1 sparsity 0.665565
layer 2 sparsity 0.644782
layer 3 sparsity 0.596214
layer 4 sparsity 0.644531
layer 5 sparsity 0.656000
layer 6 sparsity 0.637240
layer 7 sparsity 0.645743
layer 8 sparsity 0.659696
layer 9 sparsity 0.663331
layer 10 sparsity 0.664333
layer 11 sparsity 0.666987
layer 12 sparsity 0.669431
layer 13 sparsity 0.679457
layer 14 sparsity 0.685787
layer 15 sparsity 0.701642
layer 16 sparsity 0.713131
layer 17 sparsity 0.720233
layer 18 sparsity 0.726833
layer 19 sparsity 0.732953
layer 20 sparsity 0.737821
layer 21 sparsity 0.737570
layer 22 sparsity 0.740725
layer 23 sparsity 0.740996
layer 24 sparsity 0.744862
layer 25 sparsity 0.741246
layer 26 sparsity 0.748077
layer 27 sparsity 0.750772
layer 28 sparsity 0.751963
layer 29 sparsity 0.756140
layer 30 sparsity 0.754177
layer 31 sparsity 0.741246
sparsity sanity check 0.6999
******************************
evaluating on wikitext2
nsamples 166
sample 0
sample 50
sample 100
sample 150
begin calcualte ppl
[TIME] this run took 440.13 seconds (7.34 min)
[RESULT] final ppl on wikitext = 30.2518
===== 1|0.01|0.5|linear|0.01|0.05|True | 443s | exit=0 =====
/home/xiaokang/miniconda3/envs/prune_llm/lib/python3.9/site-packages/torch/torch_version.py:3: UserWarning: pkg_resources is deprecated as an API. See https://setuptools.pypa.io/en/latest/pkg_resources.html. The pkg_resources package is slated for removal as early as 2025-11-30. Refrain from using this package or pin to Setuptools<81.
  from pkg_resources import packaging  # type: ignore[attr-defined]
[DEBUG] running: /home/xiaokang/OWL/OWL-version2/risk-prune/main.py
[DEBUG] HF_ENDPOINT env: None
[DEBUG] HfApi endpoint: https://huggingface.co
# of gpus:  1
[DEBUG] Parsed args:
  nsamples               = 32
  risk_k                 = 1
  risk_probe             = 0.01
  risk_decay             = 0.5
  risk_decay_type        = linear
  risk_decay_beta        = 0.01
  risk_alpha             = 0.05
  consider_current_layer_in_risk = True
Loading checkpoint shards:   0%|          | 0/2 [00:00<?, ?it/s]Loading checkpoint shards:  50%|█████     | 1/2 [00:03<00:03,  3.59s/it]Loading checkpoint shards: 100%|██████████| 2/2 [00:04<00:00,  2.29s/it]Loading checkpoint shards: 100%|██████████| 2/2 [00:04<00:00,  2.48s/it]
use device  cuda:0
target sparsity 0.7
pruning starts
loading calibration data
dataset loading complete
after adjustment [0.3229406  0.33425453 0.3551203  0.40366083 0.35537934 0.34393337
 0.3626097  0.3542012  0.34020534 0.33664834 0.33552033 0.33295837
 0.33055747 0.32042444 0.31414682 0.29833135 0.28684944 0.27963364
 0.27305084 0.26686853 0.2620136  0.26227504 0.25919572 0.25885677
 0.2551     0.2585715  0.25173983 0.24905704 0.24796084 0.24366084
 0.24571753 0.2585568 ] mean 0.3 max 0.40366083 min 0.24366084
pruning layer 0 name self_attn.q_proj
pruning layer 0 name self_attn.k_proj
pruning layer 0 name self_attn.v_proj
pruning layer 0 name self_attn.o_proj
pruning layer 0 name mlp.gate_proj
pruning layer 0 name mlp.down_proj
pruning layer 0 name mlp.up_proj
pruning layer 1 name self_attn.q_proj
pruning layer 1 name self_attn.k_proj
pruning layer 1 name self_attn.v_proj
pruning layer 1 name self_attn.o_proj
pruning layer 1 name mlp.gate_proj
pruning layer 1 name mlp.down_proj
pruning layer 1 name mlp.up_proj
pruning layer 2 name self_attn.q_proj
pruning layer 2 name self_attn.k_proj
pruning layer 2 name self_attn.v_proj
pruning layer 2 name self_attn.o_proj
pruning layer 2 name mlp.gate_proj
pruning layer 2 name mlp.down_proj
pruning layer 2 name mlp.up_proj
pruning layer 3 name self_attn.q_proj
pruning layer 3 name self_attn.k_proj
pruning layer 3 name self_attn.v_proj
pruning layer 3 name self_attn.o_proj
pruning layer 3 name mlp.gate_proj
pruning layer 3 name mlp.down_proj
pruning layer 3 name mlp.up_proj
pruning layer 4 name self_attn.q_proj
pruning layer 4 name self_attn.k_proj
pruning layer 4 name self_attn.v_proj
pruning layer 4 name self_attn.o_proj
pruning layer 4 name mlp.gate_proj
pruning layer 4 name mlp.down_proj
pruning layer 4 name mlp.up_proj
pruning layer 5 name self_attn.q_proj
pruning layer 5 name self_attn.k_proj
pruning layer 5 name self_attn.v_proj
pruning layer 5 name self_attn.o_proj
pruning layer 5 name mlp.gate_proj
pruning layer 5 name mlp.down_proj
pruning layer 5 name mlp.up_proj
pruning layer 6 name self_attn.q_proj
pruning layer 6 name self_attn.k_proj
pruning layer 6 name self_attn.v_proj
pruning layer 6 name self_attn.o_proj
pruning layer 6 name mlp.gate_proj
pruning layer 6 name mlp.down_proj
pruning layer 6 name mlp.up_proj
pruning layer 7 name self_attn.q_proj
pruning layer 7 name self_attn.k_proj
pruning layer 7 name self_attn.v_proj
pruning layer 7 name self_attn.o_proj
pruning layer 7 name mlp.gate_proj
pruning layer 7 name mlp.down_proj
pruning layer 7 name mlp.up_proj
pruning layer 8 name self_attn.q_proj
pruning layer 8 name self_attn.k_proj
pruning layer 8 name self_attn.v_proj
pruning layer 8 name self_attn.o_proj
pruning layer 8 name mlp.gate_proj
pruning layer 8 name mlp.down_proj
pruning layer 8 name mlp.up_proj
pruning layer 9 name self_attn.q_proj
pruning layer 9 name self_attn.k_proj
pruning layer 9 name self_attn.v_proj
pruning layer 9 name self_attn.o_proj
pruning layer 9 name mlp.gate_proj
pruning layer 9 name mlp.down_proj
pruning layer 9 name mlp.up_proj
pruning layer 10 name self_attn.q_proj
pruning layer 10 name self_attn.k_proj
pruning layer 10 name self_attn.v_proj
pruning layer 10 name self_attn.o_proj
pruning layer 10 name mlp.gate_proj
pruning layer 10 name mlp.down_proj
pruning layer 10 name mlp.up_proj
pruning layer 11 name self_attn.q_proj
pruning layer 11 name self_attn.k_proj
pruning layer 11 name self_attn.v_proj
pruning layer 11 name self_attn.o_proj
pruning layer 11 name mlp.gate_proj
pruning layer 11 name mlp.down_proj
pruning layer 11 name mlp.up_proj
pruning layer 12 name self_attn.q_proj
pruning layer 12 name self_attn.k_proj
pruning layer 12 name self_attn.v_proj
pruning layer 12 name self_attn.o_proj
pruning layer 12 name mlp.gate_proj
pruning layer 12 name mlp.down_proj
pruning layer 12 name mlp.up_proj
pruning layer 13 name self_attn.q_proj
pruning layer 13 name self_attn.k_proj
pruning layer 13 name self_attn.v_proj
pruning layer 13 name self_attn.o_proj
pruning layer 13 name mlp.gate_proj
pruning layer 13 name mlp.down_proj
pruning layer 13 name mlp.up_proj
pruning layer 14 name self_attn.q_proj
pruning layer 14 name self_attn.k_proj
pruning layer 14 name self_attn.v_proj
pruning layer 14 name self_attn.o_proj
pruning layer 14 name mlp.gate_proj
pruning layer 14 name mlp.down_proj
pruning layer 14 name mlp.up_proj
pruning layer 15 name self_attn.q_proj
pruning layer 15 name self_attn.k_proj
pruning layer 15 name self_attn.v_proj
pruning layer 15 name self_attn.o_proj
pruning layer 15 name mlp.gate_proj
pruning layer 15 name mlp.down_proj
pruning layer 15 name mlp.up_proj
pruning layer 16 name self_attn.q_proj
pruning layer 16 name self_attn.k_proj
pruning layer 16 name self_attn.v_proj
pruning layer 16 name self_attn.o_proj
pruning layer 16 name mlp.gate_proj
pruning layer 16 name mlp.down_proj
pruning layer 16 name mlp.up_proj
pruning layer 17 name self_attn.q_proj
pruning layer 17 name self_attn.k_proj
pruning layer 17 name self_attn.v_proj
pruning layer 17 name self_attn.o_proj
pruning layer 17 name mlp.gate_proj
pruning layer 17 name mlp.down_proj
pruning layer 17 name mlp.up_proj
pruning layer 18 name self_attn.q_proj
pruning layer 18 name self_attn.k_proj
pruning layer 18 name self_attn.v_proj
pruning layer 18 name self_attn.o_proj
pruning layer 18 name mlp.gate_proj
pruning layer 18 name mlp.down_proj
pruning layer 18 name mlp.up_proj
pruning layer 19 name self_attn.q_proj
pruning layer 19 name self_attn.k_proj
pruning layer 19 name self_attn.v_proj
pruning layer 19 name self_attn.o_proj
pruning layer 19 name mlp.gate_proj
pruning layer 19 name mlp.down_proj
pruning layer 19 name mlp.up_proj
pruning layer 20 name self_attn.q_proj
pruning layer 20 name self_attn.k_proj
pruning layer 20 name self_attn.v_proj
pruning layer 20 name self_attn.o_proj
pruning layer 20 name mlp.gate_proj
pruning layer 20 name mlp.down_proj
pruning layer 20 name mlp.up_proj
pruning layer 21 name self_attn.q_proj
pruning layer 21 name self_attn.k_proj
pruning layer 21 name self_attn.v_proj
pruning layer 21 name self_attn.o_proj
pruning layer 21 name mlp.gate_proj
pruning layer 21 name mlp.down_proj
pruning layer 21 name mlp.up_proj
pruning layer 22 name self_attn.q_proj
pruning layer 22 name self_attn.k_proj
pruning layer 22 name self_attn.v_proj
pruning layer 22 name self_attn.o_proj
pruning layer 22 name mlp.gate_proj
pruning layer 22 name mlp.down_proj
pruning layer 22 name mlp.up_proj
pruning layer 23 name self_attn.q_proj
pruning layer 23 name self_attn.k_proj
pruning layer 23 name self_attn.v_proj
pruning layer 23 name self_attn.o_proj
pruning layer 23 name mlp.gate_proj
pruning layer 23 name mlp.down_proj
pruning layer 23 name mlp.up_proj
pruning layer 24 name self_attn.q_proj
pruning layer 24 name self_attn.k_proj
pruning layer 24 name self_attn.v_proj
pruning layer 24 name self_attn.o_proj
pruning layer 24 name mlp.gate_proj
pruning layer 24 name mlp.down_proj
pruning layer 24 name mlp.up_proj
pruning layer 25 name self_attn.q_proj
pruning layer 25 name self_attn.k_proj
pruning layer 25 name self_attn.v_proj
pruning layer 25 name self_attn.o_proj
pruning layer 25 name mlp.gate_proj
pruning layer 25 name mlp.down_proj
pruning layer 25 name mlp.up_proj
pruning layer 26 name self_attn.q_proj
pruning layer 26 name self_attn.k_proj
pruning layer 26 name self_attn.v_proj
pruning layer 26 name self_attn.o_proj
pruning layer 26 name mlp.gate_proj
pruning layer 26 name mlp.down_proj
pruning layer 26 name mlp.up_proj
pruning layer 27 name self_attn.q_proj
pruning layer 27 name self_attn.k_proj
pruning layer 27 name self_attn.v_proj
pruning layer 27 name self_attn.o_proj
pruning layer 27 name mlp.gate_proj
pruning layer 27 name mlp.down_proj
pruning layer 27 name mlp.up_proj
pruning layer 28 name self_attn.q_proj
pruning layer 28 name self_attn.k_proj
pruning layer 28 name self_attn.v_proj
pruning layer 28 name self_attn.o_proj
pruning layer 28 name mlp.gate_proj
pruning layer 28 name mlp.down_proj
pruning layer 28 name mlp.up_proj
pruning layer 29 name self_attn.q_proj
pruning layer 29 name self_attn.k_proj
pruning layer 29 name self_attn.v_proj
pruning layer 29 name self_attn.o_proj
pruning layer 29 name mlp.gate_proj
pruning layer 29 name mlp.down_proj
pruning layer 29 name mlp.up_proj
pruning layer 30 name self_attn.q_proj
pruning layer 30 name self_attn.k_proj
pruning layer 30 name self_attn.v_proj
pruning layer 30 name self_attn.o_proj
pruning layer 30 name mlp.gate_proj
pruning layer 30 name mlp.down_proj
pruning layer 30 name mlp.up_proj
pruning layer 31 name self_attn.q_proj
pruning layer 31 name self_attn.k_proj
pruning layer 31 name self_attn.v_proj
pruning layer 31 name self_attn.o_proj
pruning layer 31 name mlp.gate_proj
pruning layer 31 name mlp.down_proj
pruning layer 31 name mlp.up_proj
******************************
layer 0 sparsity 0.677013
layer 1 sparsity 0.665565
layer 2 sparsity 0.644782
layer 3 sparsity 0.596214
layer 4 sparsity 0.644531
layer 5 sparsity 0.656000
layer 6 sparsity 0.637240
layer 7 sparsity 0.645743
layer 8 sparsity 0.659696
layer 9 sparsity 0.663331
layer 10 sparsity 0.664333
layer 11 sparsity 0.666987
layer 12 sparsity 0.669431
layer 13 sparsity 0.679457
layer 14 sparsity 0.685787
layer 15 sparsity 0.701642
layer 16 sparsity 0.713131
layer 17 sparsity 0.720233
layer 18 sparsity 0.726833
layer 19 sparsity 0.732953
layer 20 sparsity 0.737821
layer 21 sparsity 0.737570
layer 22 sparsity 0.740725
layer 23 sparsity 0.740996
layer 24 sparsity 0.744862
layer 25 sparsity 0.741246
layer 26 sparsity 0.748077
layer 27 sparsity 0.750772
layer 28 sparsity 0.751963
layer 29 sparsity 0.756140
layer 30 sparsity 0.754177
layer 31 sparsity 0.741246
sparsity sanity check 0.6999
******************************
evaluating on wikitext2
nsamples 166
sample 0
sample 50
sample 100
sample 150
begin calcualte ppl
[TIME] this run took 439.86 seconds (7.33 min)
[RESULT] final ppl on wikitext = 30.2518
===== 1|0.01|0.5|linear|0.01|0.1|False | 442s | exit=0 =====
/home/xiaokang/miniconda3/envs/prune_llm/lib/python3.9/site-packages/torch/torch_version.py:3: UserWarning: pkg_resources is deprecated as an API. See https://setuptools.pypa.io/en/latest/pkg_resources.html. The pkg_resources package is slated for removal as early as 2025-11-30. Refrain from using this package or pin to Setuptools<81.
  from pkg_resources import packaging  # type: ignore[attr-defined]
[DEBUG] running: /home/xiaokang/OWL/OWL-version2/risk-prune/main.py
[DEBUG] HF_ENDPOINT env: None
[DEBUG] HfApi endpoint: https://huggingface.co
# of gpus:  1
[DEBUG] Parsed args:
  nsamples               = 32
  risk_k                 = 1
  risk_probe             = 0.01
  risk_decay             = 0.5
  risk_decay_type        = linear
  risk_decay_beta        = 0.01
  risk_alpha             = 0.1
  consider_current_layer_in_risk = True
Loading checkpoint shards:   0%|          | 0/2 [00:00<?, ?it/s]Loading checkpoint shards:  50%|█████     | 1/2 [00:03<00:03,  3.59s/it]Loading checkpoint shards: 100%|██████████| 2/2 [00:04<00:00,  2.29s/it]Loading checkpoint shards: 100%|██████████| 2/2 [00:04<00:00,  2.48s/it]
use device  cuda:0
target sparsity 0.7
pruning starts
loading calibration data
dataset loading complete
after adjustment [0.3248817  0.33944002 0.35454357 0.40342665 0.35494602 0.3434819
 0.3623185  0.3539229  0.3399182  0.33639407 0.3353067  0.33277458
 0.33039823 0.3202236  0.31397527 0.29815    0.28670153 0.27940598
 0.2728457  0.26665083 0.26183122 0.26206136 0.25902075 0.25869206
 0.25490734 0.25846854 0.25161168 0.24886997 0.24777514 0.24342664
 0.24643643 0.25719342] mean 0.3 max 0.40342665 min 0.24342664
pruning layer 0 name self_attn.q_proj
pruning layer 0 name self_attn.k_proj
pruning layer 0 name self_attn.v_proj
pruning layer 0 name self_attn.o_proj
pruning layer 0 name mlp.gate_proj
pruning layer 0 name mlp.down_proj
pruning layer 0 name mlp.up_proj
pruning layer 1 name self_attn.q_proj
pruning layer 1 name self_attn.k_proj
pruning layer 1 name self_attn.v_proj
pruning layer 1 name self_attn.o_proj
pruning layer 1 name mlp.gate_proj
pruning layer 1 name mlp.down_proj
pruning layer 1 name mlp.up_proj
pruning layer 2 name self_attn.q_proj
pruning layer 2 name self_attn.k_proj
pruning layer 2 name self_attn.v_proj
pruning layer 2 name self_attn.o_proj
pruning layer 2 name mlp.gate_proj
pruning layer 2 name mlp.down_proj
pruning layer 2 name mlp.up_proj
pruning layer 3 name self_attn.q_proj
pruning layer 3 name self_attn.k_proj
pruning layer 3 name self_attn.v_proj
pruning layer 3 name self_attn.o_proj
pruning layer 3 name mlp.gate_proj
pruning layer 3 name mlp.down_proj
pruning layer 3 name mlp.up_proj
pruning layer 4 name self_attn.q_proj
pruning layer 4 name self_attn.k_proj
pruning layer 4 name self_attn.v_proj
pruning layer 4 name self_attn.o_proj
pruning layer 4 name mlp.gate_proj
pruning layer 4 name mlp.down_proj
pruning layer 4 name mlp.up_proj
pruning layer 5 name self_attn.q_proj
pruning layer 5 name self_attn.k_proj
pruning layer 5 name self_attn.v_proj
pruning layer 5 name self_attn.o_proj
pruning layer 5 name mlp.gate_proj
pruning layer 5 name mlp.down_proj
pruning layer 5 name mlp.up_proj
pruning layer 6 name self_attn.q_proj
pruning layer 6 name self_attn.k_proj
pruning layer 6 name self_attn.v_proj
pruning layer 6 name self_attn.o_proj
pruning layer 6 name mlp.gate_proj
pruning layer 6 name mlp.down_proj
pruning layer 6 name mlp.up_proj
pruning layer 7 name self_attn.q_proj
pruning layer 7 name self_attn.k_proj
pruning layer 7 name self_attn.v_proj
pruning layer 7 name self_attn.o_proj
pruning layer 7 name mlp.gate_proj
pruning layer 7 name mlp.down_proj
pruning layer 7 name mlp.up_proj
pruning layer 8 name self_attn.q_proj
pruning layer 8 name self_attn.k_proj
pruning layer 8 name self_attn.v_proj
pruning layer 8 name self_attn.o_proj
pruning layer 8 name mlp.gate_proj
pruning layer 8 name mlp.down_proj
pruning layer 8 name mlp.up_proj
pruning layer 9 name self_attn.q_proj
pruning layer 9 name self_attn.k_proj
pruning layer 9 name self_attn.v_proj
pruning layer 9 name self_attn.o_proj
pruning layer 9 name mlp.gate_proj
pruning layer 9 name mlp.down_proj
pruning layer 9 name mlp.up_proj
pruning layer 10 name self_attn.q_proj
pruning layer 10 name self_attn.k_proj
pruning layer 10 name self_attn.v_proj
pruning layer 10 name self_attn.o_proj
pruning layer 10 name mlp.gate_proj
pruning layer 10 name mlp.down_proj
pruning layer 10 name mlp.up_proj
pruning layer 11 name self_attn.q_proj
pruning layer 11 name self_attn.k_proj
pruning layer 11 name self_attn.v_proj
pruning layer 11 name self_attn.o_proj
pruning layer 11 name mlp.gate_proj
pruning layer 11 name mlp.down_proj
pruning layer 11 name mlp.up_proj
pruning layer 12 name self_attn.q_proj
pruning layer 12 name self_attn.k_proj
pruning layer 12 name self_attn.v_proj
pruning layer 12 name self_attn.o_proj
pruning layer 12 name mlp.gate_proj
pruning layer 12 name mlp.down_proj
pruning layer 12 name mlp.up_proj
pruning layer 13 name self_attn.q_proj
pruning layer 13 name self_attn.k_proj
pruning layer 13 name self_attn.v_proj
pruning layer 13 name self_attn.o_proj
pruning layer 13 name mlp.gate_proj
pruning layer 13 name mlp.down_proj
pruning layer 13 name mlp.up_proj
pruning layer 14 name self_attn.q_proj
pruning layer 14 name self_attn.k_proj
pruning layer 14 name self_attn.v_proj
pruning layer 14 name self_attn.o_proj
pruning layer 14 name mlp.gate_proj
pruning layer 14 name mlp.down_proj
pruning layer 14 name mlp.up_proj
pruning layer 15 name self_attn.q_proj
pruning layer 15 name self_attn.k_proj
pruning layer 15 name self_attn.v_proj
pruning layer 15 name self_attn.o_proj
pruning layer 15 name mlp.gate_proj
pruning layer 15 name mlp.down_proj
pruning layer 15 name mlp.up_proj
pruning layer 16 name self_attn.q_proj
pruning layer 16 name self_attn.k_proj
pruning layer 16 name self_attn.v_proj
pruning layer 16 name self_attn.o_proj
pruning layer 16 name mlp.gate_proj
pruning layer 16 name mlp.down_proj
pruning layer 16 name mlp.up_proj
pruning layer 17 name self_attn.q_proj
pruning layer 17 name self_attn.k_proj
pruning layer 17 name self_attn.v_proj
pruning layer 17 name self_attn.o_proj
pruning layer 17 name mlp.gate_proj
pruning layer 17 name mlp.down_proj
pruning layer 17 name mlp.up_proj
pruning layer 18 name self_attn.q_proj
pruning layer 18 name self_attn.k_proj
pruning layer 18 name self_attn.v_proj
pruning layer 18 name self_attn.o_proj
pruning layer 18 name mlp.gate_proj
pruning layer 18 name mlp.down_proj
pruning layer 18 name mlp.up_proj
pruning layer 19 name self_attn.q_proj
pruning layer 19 name self_attn.k_proj
pruning layer 19 name self_attn.v_proj
pruning layer 19 name self_attn.o_proj
pruning layer 19 name mlp.gate_proj
pruning layer 19 name mlp.down_proj
pruning layer 19 name mlp.up_proj
pruning layer 20 name self_attn.q_proj
pruning layer 20 name self_attn.k_proj
pruning layer 20 name self_attn.v_proj
pruning layer 20 name self_attn.o_proj
pruning layer 20 name mlp.gate_proj
pruning layer 20 name mlp.down_proj
pruning layer 20 name mlp.up_proj
pruning layer 21 name self_attn.q_proj
pruning layer 21 name self_attn.k_proj
pruning layer 21 name self_attn.v_proj
pruning layer 21 name self_attn.o_proj
pruning layer 21 name mlp.gate_proj
pruning layer 21 name mlp.down_proj
pruning layer 21 name mlp.up_proj
pruning layer 22 name self_attn.q_proj
pruning layer 22 name self_attn.k_proj
pruning layer 22 name self_attn.v_proj
pruning layer 22 name self_attn.o_proj
pruning layer 22 name mlp.gate_proj
pruning layer 22 name mlp.down_proj
pruning layer 22 name mlp.up_proj
pruning layer 23 name self_attn.q_proj
pruning layer 23 name self_attn.k_proj
pruning layer 23 name self_attn.v_proj
pruning layer 23 name self_attn.o_proj
pruning layer 23 name mlp.gate_proj
pruning layer 23 name mlp.down_proj
pruning layer 23 name mlp.up_proj
pruning layer 24 name self_attn.q_proj
pruning layer 24 name self_attn.k_proj
pruning layer 24 name self_attn.v_proj
pruning layer 24 name self_attn.o_proj
pruning layer 24 name mlp.gate_proj
pruning layer 24 name mlp.down_proj
pruning layer 24 name mlp.up_proj
pruning layer 25 name self_attn.q_proj
pruning layer 25 name self_attn.k_proj
pruning layer 25 name self_attn.v_proj
pruning layer 25 name self_attn.o_proj
pruning layer 25 name mlp.gate_proj
pruning layer 25 name mlp.down_proj
pruning layer 25 name mlp.up_proj
pruning layer 26 name self_attn.q_proj
pruning layer 26 name self_attn.k_proj
pruning layer 26 name self_attn.v_proj
pruning layer 26 name self_attn.o_proj
pruning layer 26 name mlp.gate_proj
pruning layer 26 name mlp.down_proj
pruning layer 26 name mlp.up_proj
pruning layer 27 name self_attn.q_proj
pruning layer 27 name self_attn.k_proj
pruning layer 27 name self_attn.v_proj
pruning layer 27 name self_attn.o_proj
pruning layer 27 name mlp.gate_proj
pruning layer 27 name mlp.down_proj
pruning layer 27 name mlp.up_proj
pruning layer 28 name self_attn.q_proj
pruning layer 28 name self_attn.k_proj
pruning layer 28 name self_attn.v_proj
pruning layer 28 name self_attn.o_proj
pruning layer 28 name mlp.gate_proj
pruning layer 28 name mlp.down_proj
pruning layer 28 name mlp.up_proj
pruning layer 29 name self_attn.q_proj
pruning layer 29 name self_attn.k_proj
pruning layer 29 name self_attn.v_proj
pruning layer 29 name self_attn.o_proj
pruning layer 29 name mlp.gate_proj
pruning layer 29 name mlp.down_proj
pruning layer 29 name mlp.up_proj
pruning layer 30 name self_attn.q_proj
pruning layer 30 name self_attn.k_proj
pruning layer 30 name self_attn.v_proj
pruning layer 30 name self_attn.o_proj
pruning layer 30 name mlp.gate_proj
pruning layer 30 name mlp.down_proj
pruning layer 30 name mlp.up_proj
pruning layer 31 name self_attn.q_proj
pruning layer 31 name self_attn.k_proj
pruning layer 31 name self_attn.v_proj
pruning layer 31 name self_attn.o_proj
pruning layer 31 name mlp.gate_proj
pruning layer 31 name mlp.down_proj
pruning layer 31 name mlp.up_proj
******************************
layer 0 sparsity 0.675050
layer 1 sparsity 0.660427
layer 2 sparsity 0.645303
layer 3 sparsity 0.596465
layer 4 sparsity 0.645012
layer 5 sparsity 0.656480
layer 6 sparsity 0.637490
layer 7 sparsity 0.646014
layer 8 sparsity 0.659946
layer 9 sparsity 0.663562
layer 10 sparsity 0.664563
layer 11 sparsity 0.667028
layer 12 sparsity 0.669451
layer 13 sparsity 0.679688
layer 14 sparsity 0.685828
layer 15 sparsity 0.701683
layer 16 sparsity 0.713151
layer 17 sparsity 0.720483
layer 18 sparsity 0.727063
layer 19 sparsity 0.733183
layer 20 sparsity 0.738051
layer 21 sparsity 0.737821
layer 22 sparsity 0.740955
layer 23 sparsity 0.741226
layer 24 sparsity 0.744902
layer 25 sparsity 0.741456
layer 26 sparsity 0.748307
layer 27 sparsity 0.751002
layer 28 sparsity 0.752193
layer 29 sparsity 0.756391
layer 30 sparsity 0.753446
layer 31 sparsity 0.742688
sparsity sanity check 0.6999
******************************
evaluating on wikitext2
nsamples 166
sample 0
sample 50
sample 100
sample 150
begin calcualte ppl
[TIME] this run took 439.61 seconds (7.33 min)
[RESULT] final ppl on wikitext = 30.4264
===== 1|0.01|0.5|linear|0.01|0.1|True | 444s | exit=0 =====
/home/xiaokang/miniconda3/envs/prune_llm/lib/python3.9/site-packages/torch/torch_version.py:3: UserWarning: pkg_resources is deprecated as an API. See https://setuptools.pypa.io/en/latest/pkg_resources.html. The pkg_resources package is slated for removal as early as 2025-11-30. Refrain from using this package or pin to Setuptools<81.
  from pkg_resources import packaging  # type: ignore[attr-defined]
[DEBUG] running: /home/xiaokang/OWL/OWL-version2/risk-prune/main.py
[DEBUG] HF_ENDPOINT env: None
[DEBUG] HfApi endpoint: https://huggingface.co
# of gpus:  1
[DEBUG] Parsed args:
  nsamples               = 32
  risk_k                 = 1
  risk_probe             = 0.01
  risk_decay             = 0.5
  risk_decay_type        = linear
  risk_decay_beta        = 0.01
  risk_alpha             = 0.1
  consider_current_layer_in_risk = True
Loading checkpoint shards:   0%|          | 0/2 [00:00<?, ?it/s]Loading checkpoint shards:  50%|█████     | 1/2 [00:03<00:03,  3.61s/it]Loading checkpoint shards: 100%|██████████| 2/2 [00:04<00:00,  2.30s/it]Loading checkpoint shards: 100%|██████████| 2/2 [00:04<00:00,  2.49s/it]
use device  cuda:0
target sparsity 0.7
pruning starts
loading calibration data
dataset loading complete
after adjustment [0.3248817  0.33944002 0.35454357 0.40342665 0.35494602 0.3434819
 0.3623185  0.3539229  0.3399182  0.33639407 0.3353067  0.33277458
 0.33039823 0.3202236  0.31397527 0.29815    0.28670153 0.27940598
 0.2728457  0.26665083 0.26183122 0.26206136 0.25902075 0.25869206
 0.25490734 0.25846854 0.25161168 0.24886997 0.24777514 0.24342664
 0.24643643 0.25719342] mean 0.3 max 0.40342665 min 0.24342664
pruning layer 0 name self_attn.q_proj
pruning layer 0 name self_attn.k_proj
pruning layer 0 name self_attn.v_proj
pruning layer 0 name self_attn.o_proj
pruning layer 0 name mlp.gate_proj
pruning layer 0 name mlp.down_proj
pruning layer 0 name mlp.up_proj
pruning layer 1 name self_attn.q_proj
pruning layer 1 name self_attn.k_proj
pruning layer 1 name self_attn.v_proj
pruning layer 1 name self_attn.o_proj
pruning layer 1 name mlp.gate_proj
pruning layer 1 name mlp.down_proj
pruning layer 1 name mlp.up_proj
pruning layer 2 name self_attn.q_proj
pruning layer 2 name self_attn.k_proj
pruning layer 2 name self_attn.v_proj
pruning layer 2 name self_attn.o_proj
pruning layer 2 name mlp.gate_proj
pruning layer 2 name mlp.down_proj
pruning layer 2 name mlp.up_proj
pruning layer 3 name self_attn.q_proj
pruning layer 3 name self_attn.k_proj
pruning layer 3 name self_attn.v_proj
pruning layer 3 name self_attn.o_proj
pruning layer 3 name mlp.gate_proj
pruning layer 3 name mlp.down_proj
pruning layer 3 name mlp.up_proj
pruning layer 4 name self_attn.q_proj
pruning layer 4 name self_attn.k_proj
pruning layer 4 name self_attn.v_proj
pruning layer 4 name self_attn.o_proj
pruning layer 4 name mlp.gate_proj
pruning layer 4 name mlp.down_proj
pruning layer 4 name mlp.up_proj
pruning layer 5 name self_attn.q_proj
pruning layer 5 name self_attn.k_proj
pruning layer 5 name self_attn.v_proj
pruning layer 5 name self_attn.o_proj
pruning layer 5 name mlp.gate_proj
pruning layer 5 name mlp.down_proj
pruning layer 5 name mlp.up_proj
pruning layer 6 name self_attn.q_proj
pruning layer 6 name self_attn.k_proj
pruning layer 6 name self_attn.v_proj
pruning layer 6 name self_attn.o_proj
pruning layer 6 name mlp.gate_proj
pruning layer 6 name mlp.down_proj
pruning layer 6 name mlp.up_proj
pruning layer 7 name self_attn.q_proj
pruning layer 7 name self_attn.k_proj
pruning layer 7 name self_attn.v_proj
pruning layer 7 name self_attn.o_proj
pruning layer 7 name mlp.gate_proj
pruning layer 7 name mlp.down_proj
pruning layer 7 name mlp.up_proj
pruning layer 8 name self_attn.q_proj
pruning layer 8 name self_attn.k_proj
pruning layer 8 name self_attn.v_proj
pruning layer 8 name self_attn.o_proj
pruning layer 8 name mlp.gate_proj
pruning layer 8 name mlp.down_proj
pruning layer 8 name mlp.up_proj
pruning layer 9 name self_attn.q_proj
pruning layer 9 name self_attn.k_proj
pruning layer 9 name self_attn.v_proj
pruning layer 9 name self_attn.o_proj
pruning layer 9 name mlp.gate_proj
pruning layer 9 name mlp.down_proj
pruning layer 9 name mlp.up_proj
pruning layer 10 name self_attn.q_proj
pruning layer 10 name self_attn.k_proj
pruning layer 10 name self_attn.v_proj
pruning layer 10 name self_attn.o_proj
pruning layer 10 name mlp.gate_proj
pruning layer 10 name mlp.down_proj
pruning layer 10 name mlp.up_proj
pruning layer 11 name self_attn.q_proj
pruning layer 11 name self_attn.k_proj
pruning layer 11 name self_attn.v_proj
pruning layer 11 name self_attn.o_proj
pruning layer 11 name mlp.gate_proj
pruning layer 11 name mlp.down_proj
pruning layer 11 name mlp.up_proj
pruning layer 12 name self_attn.q_proj
pruning layer 12 name self_attn.k_proj
pruning layer 12 name self_attn.v_proj
pruning layer 12 name self_attn.o_proj
pruning layer 12 name mlp.gate_proj
pruning layer 12 name mlp.down_proj
pruning layer 12 name mlp.up_proj
pruning layer 13 name self_attn.q_proj
pruning layer 13 name self_attn.k_proj
pruning layer 13 name self_attn.v_proj
pruning layer 13 name self_attn.o_proj
pruning layer 13 name mlp.gate_proj
pruning layer 13 name mlp.down_proj
pruning layer 13 name mlp.up_proj
pruning layer 14 name self_attn.q_proj
pruning layer 14 name self_attn.k_proj
pruning layer 14 name self_attn.v_proj
pruning layer 14 name self_attn.o_proj
pruning layer 14 name mlp.gate_proj
pruning layer 14 name mlp.down_proj
pruning layer 14 name mlp.up_proj
pruning layer 15 name self_attn.q_proj
pruning layer 15 name self_attn.k_proj
pruning layer 15 name self_attn.v_proj
pruning layer 15 name self_attn.o_proj
pruning layer 15 name mlp.gate_proj
pruning layer 15 name mlp.down_proj
pruning layer 15 name mlp.up_proj
pruning layer 16 name self_attn.q_proj
pruning layer 16 name self_attn.k_proj
pruning layer 16 name self_attn.v_proj
pruning layer 16 name self_attn.o_proj
pruning layer 16 name mlp.gate_proj
pruning layer 16 name mlp.down_proj
pruning layer 16 name mlp.up_proj
pruning layer 17 name self_attn.q_proj
pruning layer 17 name self_attn.k_proj
pruning layer 17 name self_attn.v_proj
pruning layer 17 name self_attn.o_proj
pruning layer 17 name mlp.gate_proj
pruning layer 17 name mlp.down_proj
pruning layer 17 name mlp.up_proj
pruning layer 18 name self_attn.q_proj
pruning layer 18 name self_attn.k_proj
pruning layer 18 name self_attn.v_proj
pruning layer 18 name self_attn.o_proj
pruning layer 18 name mlp.gate_proj
pruning layer 18 name mlp.down_proj
pruning layer 18 name mlp.up_proj
pruning layer 19 name self_attn.q_proj
pruning layer 19 name self_attn.k_proj
pruning layer 19 name self_attn.v_proj
pruning layer 19 name self_attn.o_proj
pruning layer 19 name mlp.gate_proj
pruning layer 19 name mlp.down_proj
pruning layer 19 name mlp.up_proj
pruning layer 20 name self_attn.q_proj
pruning layer 20 name self_attn.k_proj
pruning layer 20 name self_attn.v_proj
pruning layer 20 name self_attn.o_proj
pruning layer 20 name mlp.gate_proj
pruning layer 20 name mlp.down_proj
pruning layer 20 name mlp.up_proj
pruning layer 21 name self_attn.q_proj
pruning layer 21 name self_attn.k_proj
pruning layer 21 name self_attn.v_proj
pruning layer 21 name self_attn.o_proj
pruning layer 21 name mlp.gate_proj
pruning layer 21 name mlp.down_proj
pruning layer 21 name mlp.up_proj
pruning layer 22 name self_attn.q_proj
pruning layer 22 name self_attn.k_proj
pruning layer 22 name self_attn.v_proj
pruning layer 22 name self_attn.o_proj
pruning layer 22 name mlp.gate_proj
pruning layer 22 name mlp.down_proj
pruning layer 22 name mlp.up_proj
pruning layer 23 name self_attn.q_proj
pruning layer 23 name self_attn.k_proj
pruning layer 23 name self_attn.v_proj
pruning layer 23 name self_attn.o_proj
pruning layer 23 name mlp.gate_proj
pruning layer 23 name mlp.down_proj
pruning layer 23 name mlp.up_proj
pruning layer 24 name self_attn.q_proj
pruning layer 24 name self_attn.k_proj
pruning layer 24 name self_attn.v_proj
pruning layer 24 name self_attn.o_proj
pruning layer 24 name mlp.gate_proj
pruning layer 24 name mlp.down_proj
pruning layer 24 name mlp.up_proj
pruning layer 25 name self_attn.q_proj
pruning layer 25 name self_attn.k_proj
pruning layer 25 name self_attn.v_proj
pruning layer 25 name self_attn.o_proj
pruning layer 25 name mlp.gate_proj
pruning layer 25 name mlp.down_proj
pruning layer 25 name mlp.up_proj
pruning layer 26 name self_attn.q_proj
pruning layer 26 name self_attn.k_proj
pruning layer 26 name self_attn.v_proj
pruning layer 26 name self_attn.o_proj
pruning layer 26 name mlp.gate_proj
pruning layer 26 name mlp.down_proj
pruning layer 26 name mlp.up_proj
pruning layer 27 name self_attn.q_proj
pruning layer 27 name self_attn.k_proj
pruning layer 27 name self_attn.v_proj
pruning layer 27 name self_attn.o_proj
pruning layer 27 name mlp.gate_proj
pruning layer 27 name mlp.down_proj
pruning layer 27 name mlp.up_proj
pruning layer 28 name self_attn.q_proj
pruning layer 28 name self_attn.k_proj
pruning layer 28 name self_attn.v_proj
pruning layer 28 name self_attn.o_proj
pruning layer 28 name mlp.gate_proj
pruning layer 28 name mlp.down_proj
pruning layer 28 name mlp.up_proj
pruning layer 29 name self_attn.q_proj
pruning layer 29 name self_attn.k_proj
pruning layer 29 name self_attn.v_proj
pruning layer 29 name self_attn.o_proj
pruning layer 29 name mlp.gate_proj
pruning layer 29 name mlp.down_proj
pruning layer 29 name mlp.up_proj
pruning layer 30 name self_attn.q_proj
pruning layer 30 name self_attn.k_proj
pruning layer 30 name self_attn.v_proj
pruning layer 30 name self_attn.o_proj
pruning layer 30 name mlp.gate_proj
pruning layer 30 name mlp.down_proj
pruning layer 30 name mlp.up_proj
pruning layer 31 name self_attn.q_proj
pruning layer 31 name self_attn.k_proj
pruning layer 31 name self_attn.v_proj
pruning layer 31 name self_attn.o_proj
pruning layer 31 name mlp.gate_proj
pruning layer 31 name mlp.down_proj
pruning layer 31 name mlp.up_proj
******************************
layer 0 sparsity 0.675050
layer 1 sparsity 0.660427
layer 2 sparsity 0.645303
layer 3 sparsity 0.596465
layer 4 sparsity 0.645012
layer 5 sparsity 0.656480
layer 6 sparsity 0.637490
layer 7 sparsity 0.646014
layer 8 sparsity 0.659946
layer 9 sparsity 0.663562
layer 10 sparsity 0.664563
layer 11 sparsity 0.667028
layer 12 sparsity 0.669451
layer 13 sparsity 0.679688
layer 14 sparsity 0.685828
layer 15 sparsity 0.701683
layer 16 sparsity 0.713151
layer 17 sparsity 0.720483
layer 18 sparsity 0.727063
layer 19 sparsity 0.733183
layer 20 sparsity 0.738051
layer 21 sparsity 0.737821
layer 22 sparsity 0.740955
layer 23 sparsity 0.741226
layer 24 sparsity 0.744902
layer 25 sparsity 0.741456
layer 26 sparsity 0.748307
layer 27 sparsity 0.751002
layer 28 sparsity 0.752193
layer 29 sparsity 0.756391
layer 30 sparsity 0.753446
layer 31 sparsity 0.742688
sparsity sanity check 0.6999
******************************
evaluating on wikitext2
nsamples 166
sample 0
sample 50
sample 100
sample 150
begin calcualte ppl
[TIME] this run took 440.29 seconds (7.34 min)
[RESULT] final ppl on wikitext = 30.4264
===== 1|0.01|0.5|linear|0.01|0.15|False | 442s | exit=0 =====
/home/xiaokang/miniconda3/envs/prune_llm/lib/python3.9/site-packages/torch/torch_version.py:3: UserWarning: pkg_resources is deprecated as an API. See https://setuptools.pypa.io/en/latest/pkg_resources.html. The pkg_resources package is slated for removal as early as 2025-11-30. Refrain from using this package or pin to Setuptools<81.
  from pkg_resources import packaging  # type: ignore[attr-defined]
[DEBUG] running: /home/xiaokang/OWL/OWL-version2/risk-prune/main.py
[DEBUG] HF_ENDPOINT env: None
[DEBUG] HfApi endpoint: https://huggingface.co
# of gpus:  1
[DEBUG] Parsed args:
  nsamples               = 32
  risk_k                 = 1
  risk_probe             = 0.01
  risk_decay             = 0.5
  risk_decay_type        = linear
  risk_decay_beta        = 0.01
  risk_alpha             = 0.15
  consider_current_layer_in_risk = True
Loading checkpoint shards:   0%|          | 0/2 [00:00<?, ?it/s]Loading checkpoint shards:  50%|█████     | 1/2 [00:03<00:03,  3.58s/it]Loading checkpoint shards: 100%|██████████| 2/2 [00:04<00:00,  2.28s/it]Loading checkpoint shards: 100%|██████████| 2/2 [00:04<00:00,  2.47s/it]
use device  cuda:0
target sparsity 0.7
pruning starts
loading calibration data
dataset loading complete
after adjustment [0.32707992 0.34531233 0.35389048 0.4031614  0.35445523 0.34297064
 0.36198872 0.3536077  0.339593   0.33610612 0.3350647  0.33256647
 0.3302179  0.31999615 0.31378096 0.29794466 0.286534   0.27914813
 0.27261335 0.2664043  0.26162463 0.26181936 0.2588226  0.2585055
 0.25468913 0.25835195 0.25146654 0.24865809 0.24756482 0.2431614
 0.24725054 0.25564945] mean 0.3 max 0.4031614 min 0.2431614
pruning layer 0 name self_attn.q_proj
pruning layer 0 name self_attn.k_proj
pruning layer 0 name self_attn.v_proj
pruning layer 0 name self_attn.o_proj
pruning layer 0 name mlp.gate_proj
pruning layer 0 name mlp.down_proj
pruning layer 0 name mlp.up_proj
pruning layer 1 name self_attn.q_proj
pruning layer 1 name self_attn.k_proj
pruning layer 1 name self_attn.v_proj
pruning layer 1 name self_attn.o_proj
pruning layer 1 name mlp.gate_proj
pruning layer 1 name mlp.down_proj
pruning layer 1 name mlp.up_proj
pruning layer 2 name self_attn.q_proj
pruning layer 2 name self_attn.k_proj
pruning layer 2 name self_attn.v_proj
pruning layer 2 name self_attn.o_proj
pruning layer 2 name mlp.gate_proj
pruning layer 2 name mlp.down_proj
pruning layer 2 name mlp.up_proj
pruning layer 3 name self_attn.q_proj
pruning layer 3 name self_attn.k_proj
pruning layer 3 name self_attn.v_proj
pruning layer 3 name self_attn.o_proj
pruning layer 3 name mlp.gate_proj
pruning layer 3 name mlp.down_proj
pruning layer 3 name mlp.up_proj
pruning layer 4 name self_attn.q_proj
pruning layer 4 name self_attn.k_proj
pruning layer 4 name self_attn.v_proj
pruning layer 4 name self_attn.o_proj
pruning layer 4 name mlp.gate_proj
pruning layer 4 name mlp.down_proj
pruning layer 4 name mlp.up_proj
pruning layer 5 name self_attn.q_proj
pruning layer 5 name self_attn.k_proj
pruning layer 5 name self_attn.v_proj
pruning layer 5 name self_attn.o_proj
pruning layer 5 name mlp.gate_proj
pruning layer 5 name mlp.down_proj
pruning layer 5 name mlp.up_proj
pruning layer 6 name self_attn.q_proj
pruning layer 6 name self_attn.k_proj
pruning layer 6 name self_attn.v_proj
pruning layer 6 name self_attn.o_proj
pruning layer 6 name mlp.gate_proj
pruning layer 6 name mlp.down_proj
pruning layer 6 name mlp.up_proj
pruning layer 7 name self_attn.q_proj
pruning layer 7 name self_attn.k_proj
pruning layer 7 name self_attn.v_proj
pruning layer 7 name self_attn.o_proj
pruning layer 7 name mlp.gate_proj
pruning layer 7 name mlp.down_proj
pruning layer 7 name mlp.up_proj
pruning layer 8 name self_attn.q_proj
pruning layer 8 name self_attn.k_proj
pruning layer 8 name self_attn.v_proj
pruning layer 8 name self_attn.o_proj
pruning layer 8 name mlp.gate_proj
pruning layer 8 name mlp.down_proj
pruning layer 8 name mlp.up_proj
pruning layer 9 name self_attn.q_proj
pruning layer 9 name self_attn.k_proj
pruning layer 9 name self_attn.v_proj
pruning layer 9 name self_attn.o_proj
pruning layer 9 name mlp.gate_proj
pruning layer 9 name mlp.down_proj
pruning layer 9 name mlp.up_proj
pruning layer 10 name self_attn.q_proj
pruning layer 10 name self_attn.k_proj
pruning layer 10 name self_attn.v_proj
pruning layer 10 name self_attn.o_proj
pruning layer 10 name mlp.gate_proj
pruning layer 10 name mlp.down_proj
pruning layer 10 name mlp.up_proj
pruning layer 11 name self_attn.q_proj
pruning layer 11 name self_attn.k_proj
pruning layer 11 name self_attn.v_proj
pruning layer 11 name self_attn.o_proj
pruning layer 11 name mlp.gate_proj
pruning layer 11 name mlp.down_proj
pruning layer 11 name mlp.up_proj
pruning layer 12 name self_attn.q_proj
pruning layer 12 name self_attn.k_proj
pruning layer 12 name self_attn.v_proj
pruning layer 12 name self_attn.o_proj
pruning layer 12 name mlp.gate_proj
pruning layer 12 name mlp.down_proj
pruning layer 12 name mlp.up_proj
pruning layer 13 name self_attn.q_proj
pruning layer 13 name self_attn.k_proj
pruning layer 13 name self_attn.v_proj
pruning layer 13 name self_attn.o_proj
pruning layer 13 name mlp.gate_proj
pruning layer 13 name mlp.down_proj
pruning layer 13 name mlp.up_proj
pruning layer 14 name self_attn.q_proj
pruning layer 14 name self_attn.k_proj
pruning layer 14 name self_attn.v_proj
pruning layer 14 name self_attn.o_proj
pruning layer 14 name mlp.gate_proj
pruning layer 14 name mlp.down_proj
pruning layer 14 name mlp.up_proj
pruning layer 15 name self_attn.q_proj
pruning layer 15 name self_attn.k_proj
pruning layer 15 name self_attn.v_proj
pruning layer 15 name self_attn.o_proj
pruning layer 15 name mlp.gate_proj
pruning layer 15 name mlp.down_proj
pruning layer 15 name mlp.up_proj
pruning layer 16 name self_attn.q_proj
pruning layer 16 name self_attn.k_proj
pruning layer 16 name self_attn.v_proj
pruning layer 16 name self_attn.o_proj
pruning layer 16 name mlp.gate_proj
pruning layer 16 name mlp.down_proj
pruning layer 16 name mlp.up_proj
pruning layer 17 name self_attn.q_proj
pruning layer 17 name self_attn.k_proj
pruning layer 17 name self_attn.v_proj
pruning layer 17 name self_attn.o_proj
pruning layer 17 name mlp.gate_proj
pruning layer 17 name mlp.down_proj
pruning layer 17 name mlp.up_proj
pruning layer 18 name self_attn.q_proj
pruning layer 18 name self_attn.k_proj
pruning layer 18 name self_attn.v_proj
pruning layer 18 name self_attn.o_proj
pruning layer 18 name mlp.gate_proj
pruning layer 18 name mlp.down_proj
pruning layer 18 name mlp.up_proj
pruning layer 19 name self_attn.q_proj
pruning layer 19 name self_attn.k_proj
pruning layer 19 name self_attn.v_proj
pruning layer 19 name self_attn.o_proj
pruning layer 19 name mlp.gate_proj
pruning layer 19 name mlp.down_proj
pruning layer 19 name mlp.up_proj
pruning layer 20 name self_attn.q_proj
pruning layer 20 name self_attn.k_proj
pruning layer 20 name self_attn.v_proj
pruning layer 20 name self_attn.o_proj
pruning layer 20 name mlp.gate_proj
pruning layer 20 name mlp.down_proj
pruning layer 20 name mlp.up_proj
pruning layer 21 name self_attn.q_proj
pruning layer 21 name self_attn.k_proj
pruning layer 21 name self_attn.v_proj
pruning layer 21 name self_attn.o_proj
pruning layer 21 name mlp.gate_proj
pruning layer 21 name mlp.down_proj
pruning layer 21 name mlp.up_proj
pruning layer 22 name self_attn.q_proj
pruning layer 22 name self_attn.k_proj
pruning layer 22 name self_attn.v_proj
pruning layer 22 name self_attn.o_proj
pruning layer 22 name mlp.gate_proj
pruning layer 22 name mlp.down_proj
pruning layer 22 name mlp.up_proj
pruning layer 23 name self_attn.q_proj
pruning layer 23 name self_attn.k_proj
pruning layer 23 name self_attn.v_proj
pruning layer 23 name self_attn.o_proj
pruning layer 23 name mlp.gate_proj
pruning layer 23 name mlp.down_proj
pruning layer 23 name mlp.up_proj
pruning layer 24 name self_attn.q_proj
pruning layer 24 name self_attn.k_proj
pruning layer 24 name self_attn.v_proj
pruning layer 24 name self_attn.o_proj
pruning layer 24 name mlp.gate_proj
pruning layer 24 name mlp.down_proj
pruning layer 24 name mlp.up_proj
pruning layer 25 name self_attn.q_proj
pruning layer 25 name self_attn.k_proj
pruning layer 25 name self_attn.v_proj
pruning layer 25 name self_attn.o_proj
pruning layer 25 name mlp.gate_proj
pruning layer 25 name mlp.down_proj
pruning layer 25 name mlp.up_proj
pruning layer 26 name self_attn.q_proj
pruning layer 26 name self_attn.k_proj
pruning layer 26 name self_attn.v_proj
pruning layer 26 name self_attn.o_proj
pruning layer 26 name mlp.gate_proj
pruning layer 26 name mlp.down_proj
pruning layer 26 name mlp.up_proj
pruning layer 27 name self_attn.q_proj
pruning layer 27 name self_attn.k_proj
pruning layer 27 name self_attn.v_proj
pruning layer 27 name self_attn.o_proj
pruning layer 27 name mlp.gate_proj
pruning layer 27 name mlp.down_proj
pruning layer 27 name mlp.up_proj
pruning layer 28 name self_attn.q_proj
pruning layer 28 name self_attn.k_proj
pruning layer 28 name self_attn.v_proj
pruning layer 28 name self_attn.o_proj
pruning layer 28 name mlp.gate_proj
pruning layer 28 name mlp.down_proj
pruning layer 28 name mlp.up_proj
pruning layer 29 name self_attn.q_proj
pruning layer 29 name self_attn.k_proj
pruning layer 29 name self_attn.v_proj
pruning layer 29 name self_attn.o_proj
pruning layer 29 name mlp.gate_proj
pruning layer 29 name mlp.down_proj
pruning layer 29 name mlp.up_proj
pruning layer 30 name self_attn.q_proj
pruning layer 30 name self_attn.k_proj
pruning layer 30 name self_attn.v_proj
pruning layer 30 name self_attn.o_proj
pruning layer 30 name mlp.gate_proj
pruning layer 30 name mlp.down_proj
pruning layer 30 name mlp.up_proj
pruning layer 31 name self_attn.q_proj
pruning layer 31 name self_attn.k_proj
pruning layer 31 name self_attn.v_proj
pruning layer 31 name self_attn.o_proj
pruning layer 31 name mlp.gate_proj
pruning layer 31 name mlp.down_proj
pruning layer 31 name mlp.up_proj
******************************
layer 0 sparsity 0.672857
layer 1 sparsity 0.654557
layer 2 sparsity 0.646014
layer 3 sparsity 0.596695
layer 4 sparsity 0.645513
layer 5 sparsity 0.656981
layer 6 sparsity 0.637951
layer 7 sparsity 0.646264
layer 8 sparsity 0.660386
layer 9 sparsity 0.663832
layer 10 sparsity 0.664814
layer 11 sparsity 0.667278
layer 12 sparsity 0.669682
layer 13 sparsity 0.679938
layer 14 sparsity 0.686058
layer 15 sparsity 0.701933
layer 16 sparsity 0.713381
layer 17 sparsity 0.720733
layer 18 sparsity 0.727314
layer 19 sparsity 0.733434
layer 20 sparsity 0.738301
layer 21 sparsity 0.738051
layer 22 sparsity 0.740996
layer 23 sparsity 0.741456
layer 24 sparsity 0.745153
layer 25 sparsity 0.741497
layer 26 sparsity 0.748328
layer 27 sparsity 0.751232
layer 28 sparsity 0.752234
layer 29 sparsity 0.756831
layer 30 sparsity 0.752694
layer 31 sparsity 0.744171
sparsity sanity check 0.6999
******************************
evaluating on wikitext2
nsamples 166
sample 0
sample 50
sample 100
sample 150
begin calcualte ppl
[TIME] this run took 439.69 seconds (7.33 min)
[RESULT] final ppl on wikitext = 30.6250
===== 1|0.01|0.5|linear|0.01|0.15|True | 442s | exit=0 =====
/home/xiaokang/miniconda3/envs/prune_llm/lib/python3.9/site-packages/torch/torch_version.py:3: UserWarning: pkg_resources is deprecated as an API. See https://setuptools.pypa.io/en/latest/pkg_resources.html. The pkg_resources package is slated for removal as early as 2025-11-30. Refrain from using this package or pin to Setuptools<81.
  from pkg_resources import packaging  # type: ignore[attr-defined]
[DEBUG] running: /home/xiaokang/OWL/OWL-version2/risk-prune/main.py
[DEBUG] HF_ENDPOINT env: None
[DEBUG] HfApi endpoint: https://huggingface.co
# of gpus:  1
[DEBUG] Parsed args:
  nsamples               = 32
  risk_k                 = 1
  risk_probe             = 0.01
  risk_decay             = 0.5
  risk_decay_type        = linear
  risk_decay_beta        = 0.01
  risk_alpha             = 0.15
  consider_current_layer_in_risk = True
Loading checkpoint shards:   0%|          | 0/2 [00:00<?, ?it/s]Loading checkpoint shards:  50%|█████     | 1/2 [00:03<00:03,  3.60s/it]Loading checkpoint shards: 100%|██████████| 2/2 [00:04<00:00,  2.29s/it]Loading checkpoint shards: 100%|██████████| 2/2 [00:04<00:00,  2.48s/it]
use device  cuda:0
target sparsity 0.7
pruning starts
loading calibration data
dataset loading complete
after adjustment [0.32707992 0.34531233 0.35389048 0.4031614  0.35445523 0.34297064
 0.36198872 0.3536077  0.339593   0.33610612 0.3350647  0.33256647
 0.3302179  0.31999615 0.31378096 0.29794466 0.286534   0.27914813
 0.27261335 0.2664043  0.26162463 0.26181936 0.2588226  0.2585055
 0.25468913 0.25835195 0.25146654 0.24865809 0.24756482 0.2431614
 0.24725054 0.25564945] mean 0.3 max 0.4031614 min 0.2431614
pruning layer 0 name self_attn.q_proj
pruning layer 0 name self_attn.k_proj
pruning layer 0 name self_attn.v_proj
pruning layer 0 name self_attn.o_proj
pruning layer 0 name mlp.gate_proj
pruning layer 0 name mlp.down_proj
pruning layer 0 name mlp.up_proj
pruning layer 1 name self_attn.q_proj
pruning layer 1 name self_attn.k_proj
pruning layer 1 name self_attn.v_proj
pruning layer 1 name self_attn.o_proj
pruning layer 1 name mlp.gate_proj
pruning layer 1 name mlp.down_proj
pruning layer 1 name mlp.up_proj
pruning layer 2 name self_attn.q_proj
pruning layer 2 name self_attn.k_proj
pruning layer 2 name self_attn.v_proj
pruning layer 2 name self_attn.o_proj
pruning layer 2 name mlp.gate_proj
pruning layer 2 name mlp.down_proj
pruning layer 2 name mlp.up_proj
pruning layer 3 name self_attn.q_proj
pruning layer 3 name self_attn.k_proj
pruning layer 3 name self_attn.v_proj
pruning layer 3 name self_attn.o_proj
pruning layer 3 name mlp.gate_proj
pruning layer 3 name mlp.down_proj
pruning layer 3 name mlp.up_proj
pruning layer 4 name self_attn.q_proj
pruning layer 4 name self_attn.k_proj
pruning layer 4 name self_attn.v_proj
pruning layer 4 name self_attn.o_proj
pruning layer 4 name mlp.gate_proj
pruning layer 4 name mlp.down_proj
pruning layer 4 name mlp.up_proj
pruning layer 5 name self_attn.q_proj
pruning layer 5 name self_attn.k_proj
pruning layer 5 name self_attn.v_proj
pruning layer 5 name self_attn.o_proj
pruning layer 5 name mlp.gate_proj
pruning layer 5 name mlp.down_proj
pruning layer 5 name mlp.up_proj
pruning layer 6 name self_attn.q_proj
pruning layer 6 name self_attn.k_proj
pruning layer 6 name self_attn.v_proj
pruning layer 6 name self_attn.o_proj
pruning layer 6 name mlp.gate_proj
pruning layer 6 name mlp.down_proj
pruning layer 6 name mlp.up_proj
pruning layer 7 name self_attn.q_proj
pruning layer 7 name self_attn.k_proj
pruning layer 7 name self_attn.v_proj
pruning layer 7 name self_attn.o_proj
pruning layer 7 name mlp.gate_proj
pruning layer 7 name mlp.down_proj
pruning layer 7 name mlp.up_proj
pruning layer 8 name self_attn.q_proj
pruning layer 8 name self_attn.k_proj
pruning layer 8 name self_attn.v_proj
pruning layer 8 name self_attn.o_proj
pruning layer 8 name mlp.gate_proj
pruning layer 8 name mlp.down_proj
pruning layer 8 name mlp.up_proj
pruning layer 9 name self_attn.q_proj
pruning layer 9 name self_attn.k_proj
pruning layer 9 name self_attn.v_proj
pruning layer 9 name self_attn.o_proj
pruning layer 9 name mlp.gate_proj
pruning layer 9 name mlp.down_proj
pruning layer 9 name mlp.up_proj
pruning layer 10 name self_attn.q_proj
pruning layer 10 name self_attn.k_proj
pruning layer 10 name self_attn.v_proj
pruning layer 10 name self_attn.o_proj
pruning layer 10 name mlp.gate_proj
pruning layer 10 name mlp.down_proj
pruning layer 10 name mlp.up_proj
pruning layer 11 name self_attn.q_proj
pruning layer 11 name self_attn.k_proj
pruning layer 11 name self_attn.v_proj
pruning layer 11 name self_attn.o_proj
pruning layer 11 name mlp.gate_proj
pruning layer 11 name mlp.down_proj
pruning layer 11 name mlp.up_proj
pruning layer 12 name self_attn.q_proj
pruning layer 12 name self_attn.k_proj
pruning layer 12 name self_attn.v_proj
pruning layer 12 name self_attn.o_proj
pruning layer 12 name mlp.gate_proj
pruning layer 12 name mlp.down_proj
pruning layer 12 name mlp.up_proj
pruning layer 13 name self_attn.q_proj
pruning layer 13 name self_attn.k_proj
pruning layer 13 name self_attn.v_proj
pruning layer 13 name self_attn.o_proj
pruning layer 13 name mlp.gate_proj
pruning layer 13 name mlp.down_proj
pruning layer 13 name mlp.up_proj
pruning layer 14 name self_attn.q_proj
pruning layer 14 name self_attn.k_proj
pruning layer 14 name self_attn.v_proj
pruning layer 14 name self_attn.o_proj
pruning layer 14 name mlp.gate_proj
pruning layer 14 name mlp.down_proj
pruning layer 14 name mlp.up_proj
pruning layer 15 name self_attn.q_proj
pruning layer 15 name self_attn.k_proj
pruning layer 15 name self_attn.v_proj
pruning layer 15 name self_attn.o_proj
pruning layer 15 name mlp.gate_proj
pruning layer 15 name mlp.down_proj
pruning layer 15 name mlp.up_proj
pruning layer 16 name self_attn.q_proj
pruning layer 16 name self_attn.k_proj
pruning layer 16 name self_attn.v_proj
pruning layer 16 name self_attn.o_proj
pruning layer 16 name mlp.gate_proj
pruning layer 16 name mlp.down_proj
pruning layer 16 name mlp.up_proj
pruning layer 17 name self_attn.q_proj
pruning layer 17 name self_attn.k_proj
pruning layer 17 name self_attn.v_proj
pruning layer 17 name self_attn.o_proj
pruning layer 17 name mlp.gate_proj
pruning layer 17 name mlp.down_proj
pruning layer 17 name mlp.up_proj
pruning layer 18 name self_attn.q_proj
pruning layer 18 name self_attn.k_proj
pruning layer 18 name self_attn.v_proj
pruning layer 18 name self_attn.o_proj
pruning layer 18 name mlp.gate_proj
pruning layer 18 name mlp.down_proj
pruning layer 18 name mlp.up_proj
pruning layer 19 name self_attn.q_proj
pruning layer 19 name self_attn.k_proj
pruning layer 19 name self_attn.v_proj
pruning layer 19 name self_attn.o_proj
pruning layer 19 name mlp.gate_proj
pruning layer 19 name mlp.down_proj
pruning layer 19 name mlp.up_proj
pruning layer 20 name self_attn.q_proj
pruning layer 20 name self_attn.k_proj
pruning layer 20 name self_attn.v_proj
pruning layer 20 name self_attn.o_proj
pruning layer 20 name mlp.gate_proj
pruning layer 20 name mlp.down_proj
pruning layer 20 name mlp.up_proj
pruning layer 21 name self_attn.q_proj
pruning layer 21 name self_attn.k_proj
pruning layer 21 name self_attn.v_proj
pruning layer 21 name self_attn.o_proj
pruning layer 21 name mlp.gate_proj
pruning layer 21 name mlp.down_proj
pruning layer 21 name mlp.up_proj
pruning layer 22 name self_attn.q_proj
pruning layer 22 name self_attn.k_proj
pruning layer 22 name self_attn.v_proj
pruning layer 22 name self_attn.o_proj
pruning layer 22 name mlp.gate_proj
pruning layer 22 name mlp.down_proj
pruning layer 22 name mlp.up_proj
pruning layer 23 name self_attn.q_proj
pruning layer 23 name self_attn.k_proj
pruning layer 23 name self_attn.v_proj
pruning layer 23 name self_attn.o_proj
pruning layer 23 name mlp.gate_proj
pruning layer 23 name mlp.down_proj
pruning layer 23 name mlp.up_proj
pruning layer 24 name self_attn.q_proj
pruning layer 24 name self_attn.k_proj
pruning layer 24 name self_attn.v_proj
pruning layer 24 name self_attn.o_proj
pruning layer 24 name mlp.gate_proj
pruning layer 24 name mlp.down_proj
pruning layer 24 name mlp.up_proj
pruning layer 25 name self_attn.q_proj
pruning layer 25 name self_attn.k_proj
pruning layer 25 name self_attn.v_proj
pruning layer 25 name self_attn.o_proj
pruning layer 25 name mlp.gate_proj
pruning layer 25 name mlp.down_proj
pruning layer 25 name mlp.up_proj
pruning layer 26 name self_attn.q_proj
pruning layer 26 name self_attn.k_proj
pruning layer 26 name self_attn.v_proj
pruning layer 26 name self_attn.o_proj
pruning layer 26 name mlp.gate_proj
pruning layer 26 name mlp.down_proj
pruning layer 26 name mlp.up_proj
pruning layer 27 name self_attn.q_proj
pruning layer 27 name self_attn.k_proj
pruning layer 27 name self_attn.v_proj
pruning layer 27 name self_attn.o_proj
pruning layer 27 name mlp.gate_proj
pruning layer 27 name mlp.down_proj
pruning layer 27 name mlp.up_proj
pruning layer 28 name self_attn.q_proj
pruning layer 28 name self_attn.k_proj
pruning layer 28 name self_attn.v_proj
pruning layer 28 name self_attn.o_proj
pruning layer 28 name mlp.gate_proj
pruning layer 28 name mlp.down_proj
pruning layer 28 name mlp.up_proj
pruning layer 29 name self_attn.q_proj
pruning layer 29 name self_attn.k_proj
pruning layer 29 name self_attn.v_proj
pruning layer 29 name self_attn.o_proj
pruning layer 29 name mlp.gate_proj
pruning layer 29 name mlp.down_proj
pruning layer 29 name mlp.up_proj
pruning layer 30 name self_attn.q_proj
pruning layer 30 name self_attn.k_proj
pruning layer 30 name self_attn.v_proj
pruning layer 30 name self_attn.o_proj
pruning layer 30 name mlp.gate_proj
pruning layer 30 name mlp.down_proj
pruning layer 30 name mlp.up_proj
pruning layer 31 name self_attn.q_proj
pruning layer 31 name self_attn.k_proj
pruning layer 31 name self_attn.v_proj
pruning layer 31 name self_attn.o_proj
pruning layer 31 name mlp.gate_proj
pruning layer 31 name mlp.down_proj
pruning layer 31 name mlp.up_proj
******************************
layer 0 sparsity 0.672857
layer 1 sparsity 0.654557
layer 2 sparsity 0.646014
layer 3 sparsity 0.596695
layer 4 sparsity 0.645513
layer 5 sparsity 0.656981
layer 6 sparsity 0.637951
layer 7 sparsity 0.646264
layer 8 sparsity 0.660386
layer 9 sparsity 0.663832
layer 10 sparsity 0.664814
layer 11 sparsity 0.667278
layer 12 sparsity 0.669682
layer 13 sparsity 0.679938
layer 14 sparsity 0.686058
layer 15 sparsity 0.701933
layer 16 sparsity 0.713381
layer 17 sparsity 0.720733
layer 18 sparsity 0.727314
layer 19 sparsity 0.733434
layer 20 sparsity 0.738301
layer 21 sparsity 0.738051
layer 22 sparsity 0.740996
layer 23 sparsity 0.741456
layer 24 sparsity 0.745153
layer 25 sparsity 0.741497
layer 26 sparsity 0.748328
layer 27 sparsity 0.751232
layer 28 sparsity 0.752234
layer 29 sparsity 0.756831
layer 30 sparsity 0.752694
layer 31 sparsity 0.744171
sparsity sanity check 0.6999
******************************
evaluating on wikitext2
nsamples 166
sample 0
sample 50
sample 100
sample 150
begin calcualte ppl
[TIME] this run took 439.40 seconds (7.32 min)
[RESULT] final ppl on wikitext = 30.6250
===== 1|0.01|0.5|linear|0.01|0.2|False | 443s | exit=0 =====
/home/xiaokang/miniconda3/envs/prune_llm/lib/python3.9/site-packages/torch/torch_version.py:3: UserWarning: pkg_resources is deprecated as an API. See https://setuptools.pypa.io/en/latest/pkg_resources.html. The pkg_resources package is slated for removal as early as 2025-11-30. Refrain from using this package or pin to Setuptools<81.
  from pkg_resources import packaging  # type: ignore[attr-defined]
[DEBUG] running: /home/xiaokang/OWL/OWL-version2/risk-prune/main.py
[DEBUG] HF_ENDPOINT env: None
[DEBUG] HfApi endpoint: https://huggingface.co
# of gpus:  1
[DEBUG] Parsed args:
  nsamples               = 32
  risk_k                 = 1
  risk_probe             = 0.01
  risk_decay             = 0.5
  risk_decay_type        = linear
  risk_decay_beta        = 0.01
  risk_alpha             = 0.2
  consider_current_layer_in_risk = True
Loading checkpoint shards:   0%|          | 0/2 [00:00<?, ?it/s]Loading checkpoint shards:  50%|█████     | 1/2 [00:03<00:03,  3.59s/it]Loading checkpoint shards: 100%|██████████| 2/2 [00:04<00:00,  2.29s/it]Loading checkpoint shards: 100%|██████████| 2/2 [00:04<00:00,  2.48s/it]
use device  cuda:0
target sparsity 0.7
pruning starts
loading calibration data
dataset loading complete
after adjustment [0.32958993 0.35201764 0.3531447  0.40285856 0.35389492 0.34238687
 0.3616122  0.35324785 0.33922172 0.33577734 0.33478847 0.33232886
 0.33001202 0.31973645 0.31355914 0.29771018 0.28634277 0.27885374
 0.27234805 0.26612282 0.26138875 0.2615431  0.25859636 0.2582925
 0.25443995 0.25821882 0.2513008  0.24841619 0.2473247  0.24285854
 0.24818015 0.25388646] mean 0.3 max 0.40285856 min 0.24285854
pruning layer 0 name self_attn.q_proj
pruning layer 0 name self_attn.k_proj
pruning layer 0 name self_attn.v_proj
pruning layer 0 name self_attn.o_proj
pruning layer 0 name mlp.gate_proj
pruning layer 0 name mlp.down_proj
pruning layer 0 name mlp.up_proj
pruning layer 1 name self_attn.q_proj
pruning layer 1 name self_attn.k_proj
pruning layer 1 name self_attn.v_proj
pruning layer 1 name self_attn.o_proj
pruning layer 1 name mlp.gate_proj
pruning layer 1 name mlp.down_proj
pruning layer 1 name mlp.up_proj
pruning layer 2 name self_attn.q_proj
pruning layer 2 name self_attn.k_proj
pruning layer 2 name self_attn.v_proj
pruning layer 2 name self_attn.o_proj
pruning layer 2 name mlp.gate_proj
pruning layer 2 name mlp.down_proj
pruning layer 2 name mlp.up_proj
pruning layer 3 name self_attn.q_proj
pruning layer 3 name self_attn.k_proj
pruning layer 3 name self_attn.v_proj
pruning layer 3 name self_attn.o_proj
pruning layer 3 name mlp.gate_proj
pruning layer 3 name mlp.down_proj
pruning layer 3 name mlp.up_proj
pruning layer 4 name self_attn.q_proj
pruning layer 4 name self_attn.k_proj
pruning layer 4 name self_attn.v_proj
pruning layer 4 name self_attn.o_proj
pruning layer 4 name mlp.gate_proj
pruning layer 4 name mlp.down_proj
pruning layer 4 name mlp.up_proj
pruning layer 5 name self_attn.q_proj
pruning layer 5 name self_attn.k_proj
pruning layer 5 name self_attn.v_proj
pruning layer 5 name self_attn.o_proj
pruning layer 5 name mlp.gate_proj
pruning layer 5 name mlp.down_proj
pruning layer 5 name mlp.up_proj
pruning layer 6 name self_attn.q_proj
pruning layer 6 name self_attn.k_proj
pruning layer 6 name self_attn.v_proj
pruning layer 6 name self_attn.o_proj
pruning layer 6 name mlp.gate_proj
pruning layer 6 name mlp.down_proj
pruning layer 6 name mlp.up_proj
pruning layer 7 name self_attn.q_proj
pruning layer 7 name self_attn.k_proj
pruning layer 7 name self_attn.v_proj
pruning layer 7 name self_attn.o_proj
pruning layer 7 name mlp.gate_proj
pruning layer 7 name mlp.down_proj
pruning layer 7 name mlp.up_proj
pruning layer 8 name self_attn.q_proj
pruning layer 8 name self_attn.k_proj
pruning layer 8 name self_attn.v_proj
pruning layer 8 name self_attn.o_proj
pruning layer 8 name mlp.gate_proj
pruning layer 8 name mlp.down_proj
pruning layer 8 name mlp.up_proj
pruning layer 9 name self_attn.q_proj
pruning layer 9 name self_attn.k_proj
pruning layer 9 name self_attn.v_proj
pruning layer 9 name self_attn.o_proj
pruning layer 9 name mlp.gate_proj
pruning layer 9 name mlp.down_proj
pruning layer 9 name mlp.up_proj
pruning layer 10 name self_attn.q_proj
pruning layer 10 name self_attn.k_proj
pruning layer 10 name self_attn.v_proj
pruning layer 10 name self_attn.o_proj
pruning layer 10 name mlp.gate_proj
pruning layer 10 name mlp.down_proj
pruning layer 10 name mlp.up_proj
pruning layer 11 name self_attn.q_proj
pruning layer 11 name self_attn.k_proj
pruning layer 11 name self_attn.v_proj
pruning layer 11 name self_attn.o_proj
pruning layer 11 name mlp.gate_proj
pruning layer 11 name mlp.down_proj
pruning layer 11 name mlp.up_proj
pruning layer 12 name self_attn.q_proj
pruning layer 12 name self_attn.k_proj
pruning layer 12 name self_attn.v_proj
pruning layer 12 name self_attn.o_proj
pruning layer 12 name mlp.gate_proj
pruning layer 12 name mlp.down_proj
pruning layer 12 name mlp.up_proj
pruning layer 13 name self_attn.q_proj
pruning layer 13 name self_attn.k_proj
pruning layer 13 name self_attn.v_proj
pruning layer 13 name self_attn.o_proj
pruning layer 13 name mlp.gate_proj
pruning layer 13 name mlp.down_proj
pruning layer 13 name mlp.up_proj
pruning layer 14 name self_attn.q_proj
pruning layer 14 name self_attn.k_proj
pruning layer 14 name self_attn.v_proj
pruning layer 14 name self_attn.o_proj
pruning layer 14 name mlp.gate_proj
pruning layer 14 name mlp.down_proj
pruning layer 14 name mlp.up_proj
pruning layer 15 name self_attn.q_proj
pruning layer 15 name self_attn.k_proj
pruning layer 15 name self_attn.v_proj
pruning layer 15 name self_attn.o_proj
pruning layer 15 name mlp.gate_proj
pruning layer 15 name mlp.down_proj
pruning layer 15 name mlp.up_proj
pruning layer 16 name self_attn.q_proj
pruning layer 16 name self_attn.k_proj
pruning layer 16 name self_attn.v_proj
pruning layer 16 name self_attn.o_proj
pruning layer 16 name mlp.gate_proj
pruning layer 16 name mlp.down_proj
pruning layer 16 name mlp.up_proj
pruning layer 17 name self_attn.q_proj
pruning layer 17 name self_attn.k_proj
pruning layer 17 name self_attn.v_proj
pruning layer 17 name self_attn.o_proj
pruning layer 17 name mlp.gate_proj
pruning layer 17 name mlp.down_proj
pruning layer 17 name mlp.up_proj
pruning layer 18 name self_attn.q_proj
pruning layer 18 name self_attn.k_proj
pruning layer 18 name self_attn.v_proj
pruning layer 18 name self_attn.o_proj
pruning layer 18 name mlp.gate_proj
pruning layer 18 name mlp.down_proj
pruning layer 18 name mlp.up_proj
pruning layer 19 name self_attn.q_proj
pruning layer 19 name self_attn.k_proj
pruning layer 19 name self_attn.v_proj
pruning layer 19 name self_attn.o_proj
pruning layer 19 name mlp.gate_proj
pruning layer 19 name mlp.down_proj
pruning layer 19 name mlp.up_proj
pruning layer 20 name self_attn.q_proj
pruning layer 20 name self_attn.k_proj
pruning layer 20 name self_attn.v_proj
pruning layer 20 name self_attn.o_proj
pruning layer 20 name mlp.gate_proj
pruning layer 20 name mlp.down_proj
pruning layer 20 name mlp.up_proj
pruning layer 21 name self_attn.q_proj
pruning layer 21 name self_attn.k_proj
pruning layer 21 name self_attn.v_proj
pruning layer 21 name self_attn.o_proj
pruning layer 21 name mlp.gate_proj
pruning layer 21 name mlp.down_proj
pruning layer 21 name mlp.up_proj
pruning layer 22 name self_attn.q_proj
pruning layer 22 name self_attn.k_proj
pruning layer 22 name self_attn.v_proj
pruning layer 22 name self_attn.o_proj
pruning layer 22 name mlp.gate_proj
pruning layer 22 name mlp.down_proj
pruning layer 22 name mlp.up_proj
pruning layer 23 name self_attn.q_proj
pruning layer 23 name self_attn.k_proj
pruning layer 23 name self_attn.v_proj
pruning layer 23 name self_attn.o_proj
pruning layer 23 name mlp.gate_proj
pruning layer 23 name mlp.down_proj
pruning layer 23 name mlp.up_proj
pruning layer 24 name self_attn.q_proj
pruning layer 24 name self_attn.k_proj
pruning layer 24 name self_attn.v_proj
pruning layer 24 name self_attn.o_proj
pruning layer 24 name mlp.gate_proj
pruning layer 24 name mlp.down_proj
pruning layer 24 name mlp.up_proj
pruning layer 25 name self_attn.q_proj
pruning layer 25 name self_attn.k_proj
pruning layer 25 name self_attn.v_proj
pruning layer 25 name self_attn.o_proj
pruning layer 25 name mlp.gate_proj
pruning layer 25 name mlp.down_proj
pruning layer 25 name mlp.up_proj
pruning layer 26 name self_attn.q_proj
pruning layer 26 name self_attn.k_proj
pruning layer 26 name self_attn.v_proj
pruning layer 26 name self_attn.o_proj
pruning layer 26 name mlp.gate_proj
pruning layer 26 name mlp.down_proj
pruning layer 26 name mlp.up_proj
pruning layer 27 name self_attn.q_proj
pruning layer 27 name self_attn.k_proj
pruning layer 27 name self_attn.v_proj
pruning layer 27 name self_attn.o_proj
pruning layer 27 name mlp.gate_proj
pruning layer 27 name mlp.down_proj
pruning layer 27 name mlp.up_proj
pruning layer 28 name self_attn.q_proj
pruning layer 28 name self_attn.k_proj
pruning layer 28 name self_attn.v_proj
pruning layer 28 name self_attn.o_proj
pruning layer 28 name mlp.gate_proj
pruning layer 28 name mlp.down_proj
pruning layer 28 name mlp.up_proj
pruning layer 29 name self_attn.q_proj
pruning layer 29 name self_attn.k_proj
pruning layer 29 name self_attn.v_proj
pruning layer 29 name self_attn.o_proj
pruning layer 29 name mlp.gate_proj
pruning layer 29 name mlp.down_proj
pruning layer 29 name mlp.up_proj
pruning layer 30 name self_attn.q_proj
pruning layer 30 name self_attn.k_proj
pruning layer 30 name self_attn.v_proj
pruning layer 30 name self_attn.o_proj
pruning layer 30 name mlp.gate_proj
pruning layer 30 name mlp.down_proj
pruning layer 30 name mlp.up_proj
pruning layer 31 name self_attn.q_proj
pruning layer 31 name self_attn.k_proj
pruning layer 31 name self_attn.v_proj
pruning layer 31 name self_attn.o_proj
pruning layer 31 name mlp.gate_proj
pruning layer 31 name mlp.down_proj
pruning layer 31 name mlp.up_proj
******************************
layer 0 sparsity 0.670203
layer 1 sparsity 0.647937
layer 2 sparsity 0.646745
layer 3 sparsity 0.596966
layer 4 sparsity 0.646014
layer 5 sparsity 0.657502
layer 6 sparsity 0.638222
layer 7 sparsity 0.646725
layer 8 sparsity 0.660657
layer 9 sparsity 0.664083
layer 10 sparsity 0.665064
layer 11 sparsity 0.667508
layer 12 sparsity 0.669932
layer 13 sparsity 0.680188
layer 14 sparsity 0.686308
layer 15 sparsity 0.702164
layer 16 sparsity 0.713612
layer 17 sparsity 0.720984
layer 18 sparsity 0.727544
layer 19 sparsity 0.733684
layer 20 sparsity 0.738532
layer 21 sparsity 0.738301
layer 22 sparsity 0.741246
layer 23 sparsity 0.741687
layer 24 sparsity 0.745403
layer 25 sparsity 0.741707
layer 26 sparsity 0.748558
layer 27 sparsity 0.751483
layer 28 sparsity 0.752484
layer 29 sparsity 0.757081
layer 30 sparsity 0.751733
layer 31 sparsity 0.746094
sparsity sanity check 0.6999
******************************
evaluating on wikitext2
nsamples 166
sample 0
sample 50
sample 100
sample 150
begin calcualte ppl
[TIME] this run took 440.27 seconds (7.34 min)
[RESULT] final ppl on wikitext = 30.4131
===== 1|0.01|0.5|linear|0.01|0.2|True | 444s | exit=0 =====
/home/xiaokang/miniconda3/envs/prune_llm/lib/python3.9/site-packages/torch/torch_version.py:3: UserWarning: pkg_resources is deprecated as an API. See https://setuptools.pypa.io/en/latest/pkg_resources.html. The pkg_resources package is slated for removal as early as 2025-11-30. Refrain from using this package or pin to Setuptools<81.
  from pkg_resources import packaging  # type: ignore[attr-defined]
[DEBUG] running: /home/xiaokang/OWL/OWL-version2/risk-prune/main.py
[DEBUG] HF_ENDPOINT env: None
[DEBUG] HfApi endpoint: https://huggingface.co
# of gpus:  1
[DEBUG] Parsed args:
  nsamples               = 32
  risk_k                 = 1
  risk_probe             = 0.01
  risk_decay             = 0.5
  risk_decay_type        = linear
  risk_decay_beta        = 0.01
  risk_alpha             = 0.2
  consider_current_layer_in_risk = True
Loading checkpoint shards:   0%|          | 0/2 [00:00<?, ?it/s]Loading checkpoint shards:  50%|█████     | 1/2 [00:03<00:03,  3.60s/it]Loading checkpoint shards: 100%|██████████| 2/2 [00:04<00:00,  2.29s/it]Loading checkpoint shards: 100%|██████████| 2/2 [00:04<00:00,  2.48s/it]
use device  cuda:0
target sparsity 0.7
pruning starts
loading calibration data
dataset loading complete
after adjustment [0.32958993 0.35201764 0.3531447  0.40285856 0.35389492 0.34238687
 0.3616122  0.35324785 0.33922172 0.33577734 0.33478847 0.33232886
 0.33001202 0.31973645 0.31355914 0.29771018 0.28634277 0.27885374
 0.27234805 0.26612282 0.26138875 0.2615431  0.25859636 0.2582925
 0.25443995 0.25821882 0.2513008  0.24841619 0.2473247  0.24285854
 0.24818015 0.25388646] mean 0.3 max 0.40285856 min 0.24285854
pruning layer 0 name self_attn.q_proj
pruning layer 0 name self_attn.k_proj
pruning layer 0 name self_attn.v_proj
pruning layer 0 name self_attn.o_proj
pruning layer 0 name mlp.gate_proj
pruning layer 0 name mlp.down_proj
pruning layer 0 name mlp.up_proj
pruning layer 1 name self_attn.q_proj
pruning layer 1 name self_attn.k_proj
pruning layer 1 name self_attn.v_proj
pruning layer 1 name self_attn.o_proj
pruning layer 1 name mlp.gate_proj
pruning layer 1 name mlp.down_proj
pruning layer 1 name mlp.up_proj
pruning layer 2 name self_attn.q_proj
pruning layer 2 name self_attn.k_proj
pruning layer 2 name self_attn.v_proj
pruning layer 2 name self_attn.o_proj
pruning layer 2 name mlp.gate_proj
pruning layer 2 name mlp.down_proj
pruning layer 2 name mlp.up_proj
pruning layer 3 name self_attn.q_proj
pruning layer 3 name self_attn.k_proj
pruning layer 3 name self_attn.v_proj
pruning layer 3 name self_attn.o_proj
pruning layer 3 name mlp.gate_proj
pruning layer 3 name mlp.down_proj
pruning layer 3 name mlp.up_proj
pruning layer 4 name self_attn.q_proj
pruning layer 4 name self_attn.k_proj
pruning layer 4 name self_attn.v_proj
pruning layer 4 name self_attn.o_proj
pruning layer 4 name mlp.gate_proj
pruning layer 4 name mlp.down_proj
pruning layer 4 name mlp.up_proj
pruning layer 5 name self_attn.q_proj
pruning layer 5 name self_attn.k_proj
pruning layer 5 name self_attn.v_proj
pruning layer 5 name self_attn.o_proj
pruning layer 5 name mlp.gate_proj
pruning layer 5 name mlp.down_proj
pruning layer 5 name mlp.up_proj
pruning layer 6 name self_attn.q_proj
pruning layer 6 name self_attn.k_proj
pruning layer 6 name self_attn.v_proj
pruning layer 6 name self_attn.o_proj
pruning layer 6 name mlp.gate_proj
pruning layer 6 name mlp.down_proj
pruning layer 6 name mlp.up_proj
pruning layer 7 name self_attn.q_proj
pruning layer 7 name self_attn.k_proj
pruning layer 7 name self_attn.v_proj
pruning layer 7 name self_attn.o_proj
pruning layer 7 name mlp.gate_proj
pruning layer 7 name mlp.down_proj
pruning layer 7 name mlp.up_proj
pruning layer 8 name self_attn.q_proj
pruning layer 8 name self_attn.k_proj
pruning layer 8 name self_attn.v_proj
pruning layer 8 name self_attn.o_proj
pruning layer 8 name mlp.gate_proj
pruning layer 8 name mlp.down_proj
pruning layer 8 name mlp.up_proj
pruning layer 9 name self_attn.q_proj
pruning layer 9 name self_attn.k_proj
pruning layer 9 name self_attn.v_proj
pruning layer 9 name self_attn.o_proj
pruning layer 9 name mlp.gate_proj
pruning layer 9 name mlp.down_proj
pruning layer 9 name mlp.up_proj
pruning layer 10 name self_attn.q_proj
pruning layer 10 name self_attn.k_proj
pruning layer 10 name self_attn.v_proj
pruning layer 10 name self_attn.o_proj
pruning layer 10 name mlp.gate_proj
pruning layer 10 name mlp.down_proj
pruning layer 10 name mlp.up_proj
pruning layer 11 name self_attn.q_proj
pruning layer 11 name self_attn.k_proj
pruning layer 11 name self_attn.v_proj
pruning layer 11 name self_attn.o_proj
pruning layer 11 name mlp.gate_proj
pruning layer 11 name mlp.down_proj
pruning layer 11 name mlp.up_proj
pruning layer 12 name self_attn.q_proj
pruning layer 12 name self_attn.k_proj
pruning layer 12 name self_attn.v_proj
pruning layer 12 name self_attn.o_proj
pruning layer 12 name mlp.gate_proj
pruning layer 12 name mlp.down_proj
pruning layer 12 name mlp.up_proj
pruning layer 13 name self_attn.q_proj
pruning layer 13 name self_attn.k_proj
pruning layer 13 name self_attn.v_proj
pruning layer 13 name self_attn.o_proj
pruning layer 13 name mlp.gate_proj
pruning layer 13 name mlp.down_proj
pruning layer 13 name mlp.up_proj
pruning layer 14 name self_attn.q_proj
pruning layer 14 name self_attn.k_proj
pruning layer 14 name self_attn.v_proj
pruning layer 14 name self_attn.o_proj
pruning layer 14 name mlp.gate_proj
pruning layer 14 name mlp.down_proj
pruning layer 14 name mlp.up_proj
pruning layer 15 name self_attn.q_proj
pruning layer 15 name self_attn.k_proj
pruning layer 15 name self_attn.v_proj
pruning layer 15 name self_attn.o_proj
pruning layer 15 name mlp.gate_proj
pruning layer 15 name mlp.down_proj
pruning layer 15 name mlp.up_proj
pruning layer 16 name self_attn.q_proj
pruning layer 16 name self_attn.k_proj
pruning layer 16 name self_attn.v_proj
pruning layer 16 name self_attn.o_proj
pruning layer 16 name mlp.gate_proj
pruning layer 16 name mlp.down_proj
pruning layer 16 name mlp.up_proj
pruning layer 17 name self_attn.q_proj
pruning layer 17 name self_attn.k_proj
pruning layer 17 name self_attn.v_proj
pruning layer 17 name self_attn.o_proj
pruning layer 17 name mlp.gate_proj
pruning layer 17 name mlp.down_proj
pruning layer 17 name mlp.up_proj
pruning layer 18 name self_attn.q_proj
pruning layer 18 name self_attn.k_proj
pruning layer 18 name self_attn.v_proj
pruning layer 18 name self_attn.o_proj
pruning layer 18 name mlp.gate_proj
pruning layer 18 name mlp.down_proj
pruning layer 18 name mlp.up_proj
pruning layer 19 name self_attn.q_proj
pruning layer 19 name self_attn.k_proj
pruning layer 19 name self_attn.v_proj
pruning layer 19 name self_attn.o_proj
pruning layer 19 name mlp.gate_proj
pruning layer 19 name mlp.down_proj
pruning layer 19 name mlp.up_proj
pruning layer 20 name self_attn.q_proj
pruning layer 20 name self_attn.k_proj
pruning layer 20 name self_attn.v_proj
pruning layer 20 name self_attn.o_proj
pruning layer 20 name mlp.gate_proj
pruning layer 20 name mlp.down_proj
pruning layer 20 name mlp.up_proj
pruning layer 21 name self_attn.q_proj
pruning layer 21 name self_attn.k_proj
pruning layer 21 name self_attn.v_proj
pruning layer 21 name self_attn.o_proj
pruning layer 21 name mlp.gate_proj
pruning layer 21 name mlp.down_proj
pruning layer 21 name mlp.up_proj
pruning layer 22 name self_attn.q_proj
pruning layer 22 name self_attn.k_proj
pruning layer 22 name self_attn.v_proj
pruning layer 22 name self_attn.o_proj
pruning layer 22 name mlp.gate_proj
pruning layer 22 name mlp.down_proj
pruning layer 22 name mlp.up_proj
pruning layer 23 name self_attn.q_proj
pruning layer 23 name self_attn.k_proj
pruning layer 23 name self_attn.v_proj
pruning layer 23 name self_attn.o_proj
pruning layer 23 name mlp.gate_proj
pruning layer 23 name mlp.down_proj
pruning layer 23 name mlp.up_proj
pruning layer 24 name self_attn.q_proj
pruning layer 24 name self_attn.k_proj
pruning layer 24 name self_attn.v_proj
pruning layer 24 name self_attn.o_proj
pruning layer 24 name mlp.gate_proj
pruning layer 24 name mlp.down_proj
pruning layer 24 name mlp.up_proj
pruning layer 25 name self_attn.q_proj
pruning layer 25 name self_attn.k_proj
pruning layer 25 name self_attn.v_proj
pruning layer 25 name self_attn.o_proj
pruning layer 25 name mlp.gate_proj
pruning layer 25 name mlp.down_proj
pruning layer 25 name mlp.up_proj
pruning layer 26 name self_attn.q_proj
pruning layer 26 name self_attn.k_proj
pruning layer 26 name self_attn.v_proj
pruning layer 26 name self_attn.o_proj
pruning layer 26 name mlp.gate_proj
pruning layer 26 name mlp.down_proj
pruning layer 26 name mlp.up_proj
pruning layer 27 name self_attn.q_proj
pruning layer 27 name self_attn.k_proj
pruning layer 27 name self_attn.v_proj
pruning layer 27 name self_attn.o_proj
pruning layer 27 name mlp.gate_proj
pruning layer 27 name mlp.down_proj
pruning layer 27 name mlp.up_proj
pruning layer 28 name self_attn.q_proj
pruning layer 28 name self_attn.k_proj
pruning layer 28 name self_attn.v_proj
pruning layer 28 name self_attn.o_proj
pruning layer 28 name mlp.gate_proj
pruning layer 28 name mlp.down_proj
pruning layer 28 name mlp.up_proj
pruning layer 29 name self_attn.q_proj
pruning layer 29 name self_attn.k_proj
pruning layer 29 name self_attn.v_proj
pruning layer 29 name self_attn.o_proj
pruning layer 29 name mlp.gate_proj
pruning layer 29 name mlp.down_proj
pruning layer 29 name mlp.up_proj
pruning layer 30 name self_attn.q_proj
pruning layer 30 name self_attn.k_proj
pruning layer 30 name self_attn.v_proj
pruning layer 30 name self_attn.o_proj
pruning layer 30 name mlp.gate_proj
pruning layer 30 name mlp.down_proj
pruning layer 30 name mlp.up_proj
pruning layer 31 name self_attn.q_proj
pruning layer 31 name self_attn.k_proj
pruning layer 31 name self_attn.v_proj
pruning layer 31 name self_attn.o_proj
pruning layer 31 name mlp.gate_proj
pruning layer 31 name mlp.down_proj
pruning layer 31 name mlp.up_proj
******************************
layer 0 sparsity 0.670203
layer 1 sparsity 0.647937
layer 2 sparsity 0.646745
layer 3 sparsity 0.596966
layer 4 sparsity 0.646014
layer 5 sparsity 0.657502
layer 6 sparsity 0.638222
layer 7 sparsity 0.646725
layer 8 sparsity 0.660657
layer 9 sparsity 0.664083
layer 10 sparsity 0.665064
layer 11 sparsity 0.667508
layer 12 sparsity 0.669932
layer 13 sparsity 0.680188
layer 14 sparsity 0.686308
layer 15 sparsity 0.702164
layer 16 sparsity 0.713612
layer 17 sparsity 0.720984
layer 18 sparsity 0.727544
layer 19 sparsity 0.733684
layer 20 sparsity 0.738532
layer 21 sparsity 0.738301
layer 22 sparsity 0.741246
layer 23 sparsity 0.741687
layer 24 sparsity 0.745403
layer 25 sparsity 0.741707
layer 26 sparsity 0.748558
layer 27 sparsity 0.751483
layer 28 sparsity 0.752484
layer 29 sparsity 0.757081
layer 30 sparsity 0.751733
layer 31 sparsity 0.746094
sparsity sanity check 0.6999
******************************
evaluating on wikitext2
nsamples 166
sample 0
sample 50
sample 100
sample 150
begin calcualte ppl
[TIME] this run took 440.49 seconds (7.34 min)
[RESULT] final ppl on wikitext = 30.4131
===== 1|0.01|0.5|linear|0.01|0.25|False | 443s | exit=0 =====
/home/xiaokang/miniconda3/envs/prune_llm/lib/python3.9/site-packages/torch/torch_version.py:3: UserWarning: pkg_resources is deprecated as an API. See https://setuptools.pypa.io/en/latest/pkg_resources.html. The pkg_resources package is slated for removal as early as 2025-11-30. Refrain from using this package or pin to Setuptools<81.
  from pkg_resources import packaging  # type: ignore[attr-defined]
[DEBUG] running: /home/xiaokang/OWL/OWL-version2/risk-prune/main.py
[DEBUG] HF_ENDPOINT env: None
[DEBUG] HfApi endpoint: https://huggingface.co
# of gpus:  1
[DEBUG] Parsed args:
  nsamples               = 32
  risk_k                 = 1
  risk_probe             = 0.01
  risk_decay             = 0.5
  risk_decay_type        = linear
  risk_decay_beta        = 0.01
  risk_alpha             = 0.25
  consider_current_layer_in_risk = True
Loading checkpoint shards:   0%|          | 0/2 [00:00<?, ?it/s]Loading checkpoint shards:  50%|█████     | 1/2 [00:03<00:03,  3.58s/it]Loading checkpoint shards: 100%|██████████| 2/2 [00:04<00:00,  2.28s/it]Loading checkpoint shards: 100%|██████████| 2/2 [00:04<00:00,  2.48s/it]
use device  cuda:0
target sparsity 0.7
pruning starts
loading calibration data
dataset loading complete
after adjustment [0.33248317 0.35974663 0.35228512 0.40250945 0.353249   0.34171396
 0.36117813 0.35283303 0.33879372 0.33539835 0.33447    0.3320549
 0.32977468 0.3194371  0.31330344 0.2974399  0.2861223  0.2785144
 0.27204227 0.26579833 0.26111683 0.2612246  0.25833556 0.25804698
 0.25415277 0.25806537 0.25110978 0.24813733 0.2470479  0.24250945
 0.24925166 0.2518543 ] mean 0.3 max 0.40250945 min 0.24250945
pruning layer 0 name self_attn.q_proj
pruning layer 0 name self_attn.k_proj
pruning layer 0 name self_attn.v_proj
pruning layer 0 name self_attn.o_proj
pruning layer 0 name mlp.gate_proj
pruning layer 0 name mlp.down_proj
pruning layer 0 name mlp.up_proj
pruning layer 1 name self_attn.q_proj
pruning layer 1 name self_attn.k_proj
pruning layer 1 name self_attn.v_proj
pruning layer 1 name self_attn.o_proj
pruning layer 1 name mlp.gate_proj
pruning layer 1 name mlp.down_proj
pruning layer 1 name mlp.up_proj
pruning layer 2 name self_attn.q_proj
pruning layer 2 name self_attn.k_proj
pruning layer 2 name self_attn.v_proj
pruning layer 2 name self_attn.o_proj
pruning layer 2 name mlp.gate_proj
pruning layer 2 name mlp.down_proj
pruning layer 2 name mlp.up_proj
pruning layer 3 name self_attn.q_proj
pruning layer 3 name self_attn.k_proj
pruning layer 3 name self_attn.v_proj
pruning layer 3 name self_attn.o_proj
pruning layer 3 name mlp.gate_proj
pruning layer 3 name mlp.down_proj
pruning layer 3 name mlp.up_proj
pruning layer 4 name self_attn.q_proj
pruning layer 4 name self_attn.k_proj
pruning layer 4 name self_attn.v_proj
pruning layer 4 name self_attn.o_proj
pruning layer 4 name mlp.gate_proj
pruning layer 4 name mlp.down_proj
pruning layer 4 name mlp.up_proj
pruning layer 5 name self_attn.q_proj
pruning layer 5 name self_attn.k_proj
pruning layer 5 name self_attn.v_proj
pruning layer 5 name self_attn.o_proj
pruning layer 5 name mlp.gate_proj
pruning layer 5 name mlp.down_proj
pruning layer 5 name mlp.up_proj
pruning layer 6 name self_attn.q_proj
pruning layer 6 name self_attn.k_proj
pruning layer 6 name self_attn.v_proj
pruning layer 6 name self_attn.o_proj
pruning layer 6 name mlp.gate_proj
pruning layer 6 name mlp.down_proj
pruning layer 6 name mlp.up_proj
pruning layer 7 name self_attn.q_proj
pruning layer 7 name self_attn.k_proj
pruning layer 7 name self_attn.v_proj
pruning layer 7 name self_attn.o_proj
pruning layer 7 name mlp.gate_proj
pruning layer 7 name mlp.down_proj
pruning layer 7 name mlp.up_proj
pruning layer 8 name self_attn.q_proj
pruning layer 8 name self_attn.k_proj
pruning layer 8 name self_attn.v_proj
pruning layer 8 name self_attn.o_proj
pruning layer 8 name mlp.gate_proj
pruning layer 8 name mlp.down_proj
pruning layer 8 name mlp.up_proj
pruning layer 9 name self_attn.q_proj
pruning layer 9 name self_attn.k_proj
pruning layer 9 name self_attn.v_proj
pruning layer 9 name self_attn.o_proj
pruning layer 9 name mlp.gate_proj
pruning layer 9 name mlp.down_proj
pruning layer 9 name mlp.up_proj
pruning layer 10 name self_attn.q_proj
pruning layer 10 name self_attn.k_proj
pruning layer 10 name self_attn.v_proj
pruning layer 10 name self_attn.o_proj
pruning layer 10 name mlp.gate_proj
pruning layer 10 name mlp.down_proj
pruning layer 10 name mlp.up_proj
pruning layer 11 name self_attn.q_proj
pruning layer 11 name self_attn.k_proj
pruning layer 11 name self_attn.v_proj
pruning layer 11 name self_attn.o_proj
pruning layer 11 name mlp.gate_proj
pruning layer 11 name mlp.down_proj
pruning layer 11 name mlp.up_proj
pruning layer 12 name self_attn.q_proj
pruning layer 12 name self_attn.k_proj
pruning layer 12 name self_attn.v_proj
pruning layer 12 name self_attn.o_proj
pruning layer 12 name mlp.gate_proj
pruning layer 12 name mlp.down_proj
pruning layer 12 name mlp.up_proj
pruning layer 13 name self_attn.q_proj
pruning layer 13 name self_attn.k_proj
pruning layer 13 name self_attn.v_proj
pruning layer 13 name self_attn.o_proj
pruning layer 13 name mlp.gate_proj
pruning layer 13 name mlp.down_proj
pruning layer 13 name mlp.up_proj
pruning layer 14 name self_attn.q_proj
pruning layer 14 name self_attn.k_proj
pruning layer 14 name self_attn.v_proj
pruning layer 14 name self_attn.o_proj
pruning layer 14 name mlp.gate_proj
pruning layer 14 name mlp.down_proj
pruning layer 14 name mlp.up_proj
pruning layer 15 name self_attn.q_proj
pruning layer 15 name self_attn.k_proj
pruning layer 15 name self_attn.v_proj
pruning layer 15 name self_attn.o_proj
pruning layer 15 name mlp.gate_proj
pruning layer 15 name mlp.down_proj
pruning layer 15 name mlp.up_proj
pruning layer 16 name self_attn.q_proj
pruning layer 16 name self_attn.k_proj
pruning layer 16 name self_attn.v_proj
pruning layer 16 name self_attn.o_proj
pruning layer 16 name mlp.gate_proj
pruning layer 16 name mlp.down_proj
pruning layer 16 name mlp.up_proj
pruning layer 17 name self_attn.q_proj
pruning layer 17 name self_attn.k_proj
pruning layer 17 name self_attn.v_proj
pruning layer 17 name self_attn.o_proj
pruning layer 17 name mlp.gate_proj
pruning layer 17 name mlp.down_proj
pruning layer 17 name mlp.up_proj
pruning layer 18 name self_attn.q_proj
pruning layer 18 name self_attn.k_proj
pruning layer 18 name self_attn.v_proj
pruning layer 18 name self_attn.o_proj
pruning layer 18 name mlp.gate_proj
pruning layer 18 name mlp.down_proj
pruning layer 18 name mlp.up_proj
pruning layer 19 name self_attn.q_proj
pruning layer 19 name self_attn.k_proj
pruning layer 19 name self_attn.v_proj
pruning layer 19 name self_attn.o_proj
pruning layer 19 name mlp.gate_proj
pruning layer 19 name mlp.down_proj
pruning layer 19 name mlp.up_proj
pruning layer 20 name self_attn.q_proj
pruning layer 20 name self_attn.k_proj
pruning layer 20 name self_attn.v_proj
pruning layer 20 name self_attn.o_proj
pruning layer 20 name mlp.gate_proj
pruning layer 20 name mlp.down_proj
pruning layer 20 name mlp.up_proj
pruning layer 21 name self_attn.q_proj
pruning layer 21 name self_attn.k_proj
pruning layer 21 name self_attn.v_proj
pruning layer 21 name self_attn.o_proj
pruning layer 21 name mlp.gate_proj
pruning layer 21 name mlp.down_proj
pruning layer 21 name mlp.up_proj
pruning layer 22 name self_attn.q_proj
pruning layer 22 name self_attn.k_proj
pruning layer 22 name self_attn.v_proj
pruning layer 22 name self_attn.o_proj
pruning layer 22 name mlp.gate_proj
pruning layer 22 name mlp.down_proj
pruning layer 22 name mlp.up_proj
pruning layer 23 name self_attn.q_proj
pruning layer 23 name self_attn.k_proj
pruning layer 23 name self_attn.v_proj
pruning layer 23 name self_attn.o_proj
pruning layer 23 name mlp.gate_proj
pruning layer 23 name mlp.down_proj
pruning layer 23 name mlp.up_proj
pruning layer 24 name self_attn.q_proj
pruning layer 24 name self_attn.k_proj
pruning layer 24 name self_attn.v_proj
pruning layer 24 name self_attn.o_proj
pruning layer 24 name mlp.gate_proj
pruning layer 24 name mlp.down_proj
pruning layer 24 name mlp.up_proj
pruning layer 25 name self_attn.q_proj
pruning layer 25 name self_attn.k_proj
pruning layer 25 name self_attn.v_proj
pruning layer 25 name self_attn.o_proj
pruning layer 25 name mlp.gate_proj
pruning layer 25 name mlp.down_proj
pruning layer 25 name mlp.up_proj
pruning layer 26 name self_attn.q_proj
pruning layer 26 name self_attn.k_proj
pruning layer 26 name self_attn.v_proj
pruning layer 26 name self_attn.o_proj
pruning layer 26 name mlp.gate_proj
pruning layer 26 name mlp.down_proj
pruning layer 26 name mlp.up_proj
pruning layer 27 name self_attn.q_proj
pruning layer 27 name self_attn.k_proj
pruning layer 27 name self_attn.v_proj
pruning layer 27 name self_attn.o_proj
pruning layer 27 name mlp.gate_proj
pruning layer 27 name mlp.down_proj
pruning layer 27 name mlp.up_proj
pruning layer 28 name self_attn.q_proj
pruning layer 28 name self_attn.k_proj
pruning layer 28 name self_attn.v_proj
pruning layer 28 name self_attn.o_proj
pruning layer 28 name mlp.gate_proj
pruning layer 28 name mlp.down_proj
pruning layer 28 name mlp.up_proj
pruning layer 29 name self_attn.q_proj
pruning layer 29 name self_attn.k_proj
pruning layer 29 name self_attn.v_proj
pruning layer 29 name self_attn.o_proj
pruning layer 29 name mlp.gate_proj
pruning layer 29 name mlp.down_proj
pruning layer 29 name mlp.up_proj
pruning layer 30 name self_attn.q_proj
pruning layer 30 name self_attn.k_proj
pruning layer 30 name self_attn.v_proj
pruning layer 30 name self_attn.o_proj
pruning layer 30 name mlp.gate_proj
pruning layer 30 name mlp.down_proj
pruning layer 30 name mlp.up_proj
pruning layer 31 name self_attn.q_proj
pruning layer 31 name self_attn.k_proj
pruning layer 31 name self_attn.v_proj
pruning layer 31 name self_attn.o_proj
pruning layer 31 name mlp.gate_proj
pruning layer 31 name mlp.down_proj
pruning layer 31 name mlp.up_proj
******************************
layer 0 sparsity 0.667488
layer 1 sparsity 0.640144
layer 2 sparsity 0.647706
layer 3 sparsity 0.597426
layer 4 sparsity 0.646725
layer 5 sparsity 0.658213
layer 6 sparsity 0.638702
layer 7 sparsity 0.647016
layer 8 sparsity 0.661138
layer 9 sparsity 0.664543
layer 10 sparsity 0.665525
layer 11 sparsity 0.667759
layer 12 sparsity 0.670162
layer 13 sparsity 0.680439
layer 14 sparsity 0.686559
layer 15 sparsity 0.702414
layer 16 sparsity 0.713862
layer 17 sparsity 0.721444
layer 18 sparsity 0.727815
layer 19 sparsity 0.734145
layer 20 sparsity 0.738782
layer 21 sparsity 0.738762
layer 22 sparsity 0.741497
layer 23 sparsity 0.741937
layer 24 sparsity 0.745654
layer 25 sparsity 0.741747
layer 26 sparsity 0.748788
layer 27 sparsity 0.751733
layer 28 sparsity 0.752925
layer 29 sparsity 0.757352
layer 30 sparsity 0.750731
layer 31 sparsity 0.748057
sparsity sanity check 0.6999
******************************
evaluating on wikitext2
nsamples 166
sample 0
sample 50
sample 100
sample 150
begin calcualte ppl
[TIME] this run took 439.94 seconds (7.33 min)
[RESULT] final ppl on wikitext = 31.5447
===== 1|0.01|0.5|linear|0.01|0.25|True | 442s | exit=0 =====
/home/xiaokang/miniconda3/envs/prune_llm/lib/python3.9/site-packages/torch/torch_version.py:3: UserWarning: pkg_resources is deprecated as an API. See https://setuptools.pypa.io/en/latest/pkg_resources.html. The pkg_resources package is slated for removal as early as 2025-11-30. Refrain from using this package or pin to Setuptools<81.
  from pkg_resources import packaging  # type: ignore[attr-defined]
[DEBUG] running: /home/xiaokang/OWL/OWL-version2/risk-prune/main.py
[DEBUG] HF_ENDPOINT env: None
[DEBUG] HfApi endpoint: https://huggingface.co
# of gpus:  1
[DEBUG] Parsed args:
  nsamples               = 32
  risk_k                 = 1
  risk_probe             = 0.01
  risk_decay             = 0.5
  risk_decay_type        = linear
  risk_decay_beta        = 0.01
  risk_alpha             = 0.25
  consider_current_layer_in_risk = True
Loading checkpoint shards:   0%|          | 0/2 [00:00<?, ?it/s]Loading checkpoint shards:  50%|█████     | 1/2 [00:03<00:03,  3.59s/it]Loading checkpoint shards: 100%|██████████| 2/2 [00:04<00:00,  2.28s/it]Loading checkpoint shards: 100%|██████████| 2/2 [00:04<00:00,  2.48s/it]
use device  cuda:0
target sparsity 0.7
pruning starts
loading calibration data
dataset loading complete
after adjustment [0.33248317 0.35974663 0.35228512 0.40250945 0.353249   0.34171396
 0.36117813 0.35283303 0.33879372 0.33539835 0.33447    0.3320549
 0.32977468 0.3194371  0.31330344 0.2974399  0.2861223  0.2785144
 0.27204227 0.26579833 0.26111683 0.2612246  0.25833556 0.25804698
 0.25415277 0.25806537 0.25110978 0.24813733 0.2470479  0.24250945
 0.24925166 0.2518543 ] mean 0.3 max 0.40250945 min 0.24250945
pruning layer 0 name self_attn.q_proj
pruning layer 0 name self_attn.k_proj
pruning layer 0 name self_attn.v_proj
pruning layer 0 name self_attn.o_proj
pruning layer 0 name mlp.gate_proj
pruning layer 0 name mlp.down_proj
pruning layer 0 name mlp.up_proj
pruning layer 1 name self_attn.q_proj
pruning layer 1 name self_attn.k_proj
pruning layer 1 name self_attn.v_proj
pruning layer 1 name self_attn.o_proj
pruning layer 1 name mlp.gate_proj
pruning layer 1 name mlp.down_proj
pruning layer 1 name mlp.up_proj
pruning layer 2 name self_attn.q_proj
pruning layer 2 name self_attn.k_proj
pruning layer 2 name self_attn.v_proj
pruning layer 2 name self_attn.o_proj
pruning layer 2 name mlp.gate_proj
pruning layer 2 name mlp.down_proj
pruning layer 2 name mlp.up_proj
pruning layer 3 name self_attn.q_proj
pruning layer 3 name self_attn.k_proj
pruning layer 3 name self_attn.v_proj
pruning layer 3 name self_attn.o_proj
pruning layer 3 name mlp.gate_proj
pruning layer 3 name mlp.down_proj
pruning layer 3 name mlp.up_proj
pruning layer 4 name self_attn.q_proj
pruning layer 4 name self_attn.k_proj
pruning layer 4 name self_attn.v_proj
pruning layer 4 name self_attn.o_proj
pruning layer 4 name mlp.gate_proj
pruning layer 4 name mlp.down_proj
pruning layer 4 name mlp.up_proj
pruning layer 5 name self_attn.q_proj
pruning layer 5 name self_attn.k_proj
pruning layer 5 name self_attn.v_proj
pruning layer 5 name self_attn.o_proj
pruning layer 5 name mlp.gate_proj
pruning layer 5 name mlp.down_proj
pruning layer 5 name mlp.up_proj
pruning layer 6 name self_attn.q_proj
pruning layer 6 name self_attn.k_proj
pruning layer 6 name self_attn.v_proj
pruning layer 6 name self_attn.o_proj
pruning layer 6 name mlp.gate_proj
pruning layer 6 name mlp.down_proj
pruning layer 6 name mlp.up_proj
pruning layer 7 name self_attn.q_proj
pruning layer 7 name self_attn.k_proj
pruning layer 7 name self_attn.v_proj
pruning layer 7 name self_attn.o_proj
pruning layer 7 name mlp.gate_proj
pruning layer 7 name mlp.down_proj
pruning layer 7 name mlp.up_proj
pruning layer 8 name self_attn.q_proj
pruning layer 8 name self_attn.k_proj
pruning layer 8 name self_attn.v_proj
pruning layer 8 name self_attn.o_proj
pruning layer 8 name mlp.gate_proj
pruning layer 8 name mlp.down_proj
pruning layer 8 name mlp.up_proj
pruning layer 9 name self_attn.q_proj
pruning layer 9 name self_attn.k_proj
pruning layer 9 name self_attn.v_proj
pruning layer 9 name self_attn.o_proj
pruning layer 9 name mlp.gate_proj
pruning layer 9 name mlp.down_proj
pruning layer 9 name mlp.up_proj
pruning layer 10 name self_attn.q_proj
pruning layer 10 name self_attn.k_proj
pruning layer 10 name self_attn.v_proj
pruning layer 10 name self_attn.o_proj
pruning layer 10 name mlp.gate_proj
pruning layer 10 name mlp.down_proj
pruning layer 10 name mlp.up_proj
pruning layer 11 name self_attn.q_proj
pruning layer 11 name self_attn.k_proj
pruning layer 11 name self_attn.v_proj
pruning layer 11 name self_attn.o_proj
pruning layer 11 name mlp.gate_proj
pruning layer 11 name mlp.down_proj
pruning layer 11 name mlp.up_proj
pruning layer 12 name self_attn.q_proj
pruning layer 12 name self_attn.k_proj
pruning layer 12 name self_attn.v_proj
pruning layer 12 name self_attn.o_proj
pruning layer 12 name mlp.gate_proj
pruning layer 12 name mlp.down_proj
pruning layer 12 name mlp.up_proj
pruning layer 13 name self_attn.q_proj
pruning layer 13 name self_attn.k_proj
pruning layer 13 name self_attn.v_proj
pruning layer 13 name self_attn.o_proj
pruning layer 13 name mlp.gate_proj
pruning layer 13 name mlp.down_proj
pruning layer 13 name mlp.up_proj
pruning layer 14 name self_attn.q_proj
pruning layer 14 name self_attn.k_proj
pruning layer 14 name self_attn.v_proj
pruning layer 14 name self_attn.o_proj
pruning layer 14 name mlp.gate_proj
pruning layer 14 name mlp.down_proj
pruning layer 14 name mlp.up_proj
pruning layer 15 name self_attn.q_proj
pruning layer 15 name self_attn.k_proj
pruning layer 15 name self_attn.v_proj
pruning layer 15 name self_attn.o_proj
pruning layer 15 name mlp.gate_proj
pruning layer 15 name mlp.down_proj
pruning layer 15 name mlp.up_proj
pruning layer 16 name self_attn.q_proj
pruning layer 16 name self_attn.k_proj
pruning layer 16 name self_attn.v_proj
pruning layer 16 name self_attn.o_proj
pruning layer 16 name mlp.gate_proj
pruning layer 16 name mlp.down_proj
pruning layer 16 name mlp.up_proj
pruning layer 17 name self_attn.q_proj
pruning layer 17 name self_attn.k_proj
pruning layer 17 name self_attn.v_proj
pruning layer 17 name self_attn.o_proj
pruning layer 17 name mlp.gate_proj
pruning layer 17 name mlp.down_proj
pruning layer 17 name mlp.up_proj
pruning layer 18 name self_attn.q_proj
pruning layer 18 name self_attn.k_proj
pruning layer 18 name self_attn.v_proj
pruning layer 18 name self_attn.o_proj
pruning layer 18 name mlp.gate_proj
pruning layer 18 name mlp.down_proj
pruning layer 18 name mlp.up_proj
pruning layer 19 name self_attn.q_proj
pruning layer 19 name self_attn.k_proj
pruning layer 19 name self_attn.v_proj
pruning layer 19 name self_attn.o_proj
pruning layer 19 name mlp.gate_proj
pruning layer 19 name mlp.down_proj
pruning layer 19 name mlp.up_proj
pruning layer 20 name self_attn.q_proj
pruning layer 20 name self_attn.k_proj
pruning layer 20 name self_attn.v_proj
pruning layer 20 name self_attn.o_proj
pruning layer 20 name mlp.gate_proj
pruning layer 20 name mlp.down_proj
pruning layer 20 name mlp.up_proj
pruning layer 21 name self_attn.q_proj
pruning layer 21 name self_attn.k_proj
pruning layer 21 name self_attn.v_proj
pruning layer 21 name self_attn.o_proj
pruning layer 21 name mlp.gate_proj
pruning layer 21 name mlp.down_proj
pruning layer 21 name mlp.up_proj
pruning layer 22 name self_attn.q_proj
pruning layer 22 name self_attn.k_proj
pruning layer 22 name self_attn.v_proj
pruning layer 22 name self_attn.o_proj
pruning layer 22 name mlp.gate_proj
pruning layer 22 name mlp.down_proj
pruning layer 22 name mlp.up_proj
pruning layer 23 name self_attn.q_proj
pruning layer 23 name self_attn.k_proj
pruning layer 23 name self_attn.v_proj
pruning layer 23 name self_attn.o_proj
pruning layer 23 name mlp.gate_proj
pruning layer 23 name mlp.down_proj
pruning layer 23 name mlp.up_proj
pruning layer 24 name self_attn.q_proj
pruning layer 24 name self_attn.k_proj
pruning layer 24 name self_attn.v_proj
pruning layer 24 name self_attn.o_proj
pruning layer 24 name mlp.gate_proj
pruning layer 24 name mlp.down_proj
pruning layer 24 name mlp.up_proj
pruning layer 25 name self_attn.q_proj
pruning layer 25 name self_attn.k_proj
pruning layer 25 name self_attn.v_proj
pruning layer 25 name self_attn.o_proj
pruning layer 25 name mlp.gate_proj
pruning layer 25 name mlp.down_proj
pruning layer 25 name mlp.up_proj
pruning layer 26 name self_attn.q_proj
pruning layer 26 name self_attn.k_proj
pruning layer 26 name self_attn.v_proj
pruning layer 26 name self_attn.o_proj
pruning layer 26 name mlp.gate_proj
pruning layer 26 name mlp.down_proj
pruning layer 26 name mlp.up_proj
pruning layer 27 name self_attn.q_proj
pruning layer 27 name self_attn.k_proj
pruning layer 27 name self_attn.v_proj
pruning layer 27 name self_attn.o_proj
pruning layer 27 name mlp.gate_proj
pruning layer 27 name mlp.down_proj
pruning layer 27 name mlp.up_proj
pruning layer 28 name self_attn.q_proj
pruning layer 28 name self_attn.k_proj
pruning layer 28 name self_attn.v_proj
pruning layer 28 name self_attn.o_proj
pruning layer 28 name mlp.gate_proj
pruning layer 28 name mlp.down_proj
pruning layer 28 name mlp.up_proj
pruning layer 29 name self_attn.q_proj
pruning layer 29 name self_attn.k_proj
pruning layer 29 name self_attn.v_proj
pruning layer 29 name self_attn.o_proj
pruning layer 29 name mlp.gate_proj
pruning layer 29 name mlp.down_proj
pruning layer 29 name mlp.up_proj
pruning layer 30 name self_attn.q_proj
pruning layer 30 name self_attn.k_proj
pruning layer 30 name self_attn.v_proj
pruning layer 30 name self_attn.o_proj
pruning layer 30 name mlp.gate_proj
pruning layer 30 name mlp.down_proj
pruning layer 30 name mlp.up_proj
pruning layer 31 name self_attn.q_proj
pruning layer 31 name self_attn.k_proj
pruning layer 31 name self_attn.v_proj
pruning layer 31 name self_attn.o_proj
pruning layer 31 name mlp.gate_proj
pruning layer 31 name mlp.down_proj
pruning layer 31 name mlp.up_proj
******************************
layer 0 sparsity 0.667488
layer 1 sparsity 0.640144
layer 2 sparsity 0.647706
layer 3 sparsity 0.597426
layer 4 sparsity 0.646725
layer 5 sparsity 0.658213
layer 6 sparsity 0.638702
layer 7 sparsity 0.647016
layer 8 sparsity 0.661138
layer 9 sparsity 0.664543
layer 10 sparsity 0.665525
layer 11 sparsity 0.667759
layer 12 sparsity 0.670162
layer 13 sparsity 0.680439
layer 14 sparsity 0.686559
layer 15 sparsity 0.702414
layer 16 sparsity 0.713862
layer 17 sparsity 0.721444
layer 18 sparsity 0.727815
layer 19 sparsity 0.734145
layer 20 sparsity 0.738782
layer 21 sparsity 0.738762
layer 22 sparsity 0.741497
layer 23 sparsity 0.741937
layer 24 sparsity 0.745654
layer 25 sparsity 0.741747
layer 26 sparsity 0.748788
layer 27 sparsity 0.751733
layer 28 sparsity 0.752925
layer 29 sparsity 0.757352
layer 30 sparsity 0.750731
layer 31 sparsity 0.748057
sparsity sanity check 0.6999
******************************
evaluating on wikitext2
nsamples 166
sample 0
sample 50
sample 100
sample 150
begin calcualte ppl
[TIME] this run took 440.10 seconds (7.34 min)
[RESULT] final ppl on wikitext = 31.5447
===== 1|0.01|0.5|linear|0.01|0.3|False | 444s | exit=0 =====
/home/xiaokang/miniconda3/envs/prune_llm/lib/python3.9/site-packages/torch/torch_version.py:3: UserWarning: pkg_resources is deprecated as an API. See https://setuptools.pypa.io/en/latest/pkg_resources.html. The pkg_resources package is slated for removal as early as 2025-11-30. Refrain from using this package or pin to Setuptools<81.
  from pkg_resources import packaging  # type: ignore[attr-defined]
[DEBUG] running: /home/xiaokang/OWL/OWL-version2/risk-prune/main.py
[DEBUG] HF_ENDPOINT env: None
[DEBUG] HfApi endpoint: https://huggingface.co
# of gpus:  1
[DEBUG] Parsed args:
  nsamples               = 32
  risk_k                 = 1
  risk_probe             = 0.01
  risk_decay             = 0.5
  risk_decay_type        = linear
  risk_decay_beta        = 0.01
  risk_alpha             = 0.3
  consider_current_layer_in_risk = True
Loading checkpoint shards:   0%|          | 0/2 [00:00<?, ?it/s]Loading checkpoint shards:  50%|█████     | 1/2 [00:03<00:03,  3.59s/it]Loading checkpoint shards: 100%|██████████| 2/2 [00:04<00:00,  2.30s/it]Loading checkpoint shards: 100%|██████████| 2/2 [00:04<00:00,  2.49s/it]
use device  cuda:0
target sparsity 0.7
pruning starts
loading calibration data
dataset loading complete
after adjustment [0.33585465 0.36875322 0.3512834  0.40210265 0.35249633 0.3409298
 0.36067232 0.35234964 0.33829498 0.3349567  0.33409894 0.3317357
 0.32949808 0.31908828 0.31300545 0.29712495 0.2858654  0.2781189
 0.27168593 0.26542023 0.2608     0.26085347 0.25803164 0.25776088
 0.2538181  0.25788656 0.25088722 0.24781239 0.24672535 0.24210265
 0.25050032 0.24948625] mean 0.3 max 0.40210265 min 0.24210265
pruning layer 0 name self_attn.q_proj
pruning layer 0 name self_attn.k_proj
pruning layer 0 name self_attn.v_proj
pruning layer 0 name self_attn.o_proj
pruning layer 0 name mlp.gate_proj
pruning layer 0 name mlp.down_proj
pruning layer 0 name mlp.up_proj
pruning layer 1 name self_attn.q_proj
pruning layer 1 name self_attn.k_proj
pruning layer 1 name self_attn.v_proj
pruning layer 1 name self_attn.o_proj
pruning layer 1 name mlp.gate_proj
pruning layer 1 name mlp.down_proj
pruning layer 1 name mlp.up_proj
pruning layer 2 name self_attn.q_proj
pruning layer 2 name self_attn.k_proj
pruning layer 2 name self_attn.v_proj
pruning layer 2 name self_attn.o_proj
pruning layer 2 name mlp.gate_proj
pruning layer 2 name mlp.down_proj
pruning layer 2 name mlp.up_proj
pruning layer 3 name self_attn.q_proj
pruning layer 3 name self_attn.k_proj
pruning layer 3 name self_attn.v_proj
pruning layer 3 name self_attn.o_proj
pruning layer 3 name mlp.gate_proj
pruning layer 3 name mlp.down_proj
pruning layer 3 name mlp.up_proj
pruning layer 4 name self_attn.q_proj
pruning layer 4 name self_attn.k_proj
pruning layer 4 name self_attn.v_proj
pruning layer 4 name self_attn.o_proj
pruning layer 4 name mlp.gate_proj
pruning layer 4 name mlp.down_proj
pruning layer 4 name mlp.up_proj
pruning layer 5 name self_attn.q_proj
pruning layer 5 name self_attn.k_proj
pruning layer 5 name self_attn.v_proj
pruning layer 5 name self_attn.o_proj
pruning layer 5 name mlp.gate_proj
pruning layer 5 name mlp.down_proj
pruning layer 5 name mlp.up_proj
pruning layer 6 name self_attn.q_proj
pruning layer 6 name self_attn.k_proj
pruning layer 6 name self_attn.v_proj
pruning layer 6 name self_attn.o_proj
pruning layer 6 name mlp.gate_proj
pruning layer 6 name mlp.down_proj
pruning layer 6 name mlp.up_proj
pruning layer 7 name self_attn.q_proj
pruning layer 7 name self_attn.k_proj
pruning layer 7 name self_attn.v_proj
pruning layer 7 name self_attn.o_proj
pruning layer 7 name mlp.gate_proj
pruning layer 7 name mlp.down_proj
pruning layer 7 name mlp.up_proj
pruning layer 8 name self_attn.q_proj
pruning layer 8 name self_attn.k_proj
pruning layer 8 name self_attn.v_proj
pruning layer 8 name self_attn.o_proj
pruning layer 8 name mlp.gate_proj
pruning layer 8 name mlp.down_proj
pruning layer 8 name mlp.up_proj
pruning layer 9 name self_attn.q_proj
pruning layer 9 name self_attn.k_proj
pruning layer 9 name self_attn.v_proj
pruning layer 9 name self_attn.o_proj
pruning layer 9 name mlp.gate_proj
pruning layer 9 name mlp.down_proj
pruning layer 9 name mlp.up_proj
pruning layer 10 name self_attn.q_proj
pruning layer 10 name self_attn.k_proj
pruning layer 10 name self_attn.v_proj
pruning layer 10 name self_attn.o_proj
pruning layer 10 name mlp.gate_proj
pruning layer 10 name mlp.down_proj
pruning layer 10 name mlp.up_proj
pruning layer 11 name self_attn.q_proj
pruning layer 11 name self_attn.k_proj
pruning layer 11 name self_attn.v_proj
pruning layer 11 name self_attn.o_proj
pruning layer 11 name mlp.gate_proj
pruning layer 11 name mlp.down_proj
pruning layer 11 name mlp.up_proj
pruning layer 12 name self_attn.q_proj
pruning layer 12 name self_attn.k_proj
pruning layer 12 name self_attn.v_proj
pruning layer 12 name self_attn.o_proj
pruning layer 12 name mlp.gate_proj
pruning layer 12 name mlp.down_proj
pruning layer 12 name mlp.up_proj
pruning layer 13 name self_attn.q_proj
pruning layer 13 name self_attn.k_proj
pruning layer 13 name self_attn.v_proj
pruning layer 13 name self_attn.o_proj
pruning layer 13 name mlp.gate_proj
pruning layer 13 name mlp.down_proj
pruning layer 13 name mlp.up_proj
pruning layer 14 name self_attn.q_proj
pruning layer 14 name self_attn.k_proj
pruning layer 14 name self_attn.v_proj
pruning layer 14 name self_attn.o_proj
pruning layer 14 name mlp.gate_proj
pruning layer 14 name mlp.down_proj
pruning layer 14 name mlp.up_proj
pruning layer 15 name self_attn.q_proj
pruning layer 15 name self_attn.k_proj
pruning layer 15 name self_attn.v_proj
pruning layer 15 name self_attn.o_proj
pruning layer 15 name mlp.gate_proj
pruning layer 15 name mlp.down_proj
pruning layer 15 name mlp.up_proj
pruning layer 16 name self_attn.q_proj
pruning layer 16 name self_attn.k_proj
pruning layer 16 name self_attn.v_proj
pruning layer 16 name self_attn.o_proj
pruning layer 16 name mlp.gate_proj
pruning layer 16 name mlp.down_proj
pruning layer 16 name mlp.up_proj
pruning layer 17 name self_attn.q_proj
pruning layer 17 name self_attn.k_proj
pruning layer 17 name self_attn.v_proj
pruning layer 17 name self_attn.o_proj
pruning layer 17 name mlp.gate_proj
pruning layer 17 name mlp.down_proj
pruning layer 17 name mlp.up_proj
pruning layer 18 name self_attn.q_proj
pruning layer 18 name self_attn.k_proj
pruning layer 18 name self_attn.v_proj
pruning layer 18 name self_attn.o_proj
pruning layer 18 name mlp.gate_proj
pruning layer 18 name mlp.down_proj
pruning layer 18 name mlp.up_proj
pruning layer 19 name self_attn.q_proj
pruning layer 19 name self_attn.k_proj
pruning layer 19 name self_attn.v_proj
pruning layer 19 name self_attn.o_proj
pruning layer 19 name mlp.gate_proj
pruning layer 19 name mlp.down_proj
pruning layer 19 name mlp.up_proj
pruning layer 20 name self_attn.q_proj
pruning layer 20 name self_attn.k_proj
pruning layer 20 name self_attn.v_proj
pruning layer 20 name self_attn.o_proj
pruning layer 20 name mlp.gate_proj
pruning layer 20 name mlp.down_proj
pruning layer 20 name mlp.up_proj
pruning layer 21 name self_attn.q_proj
pruning layer 21 name self_attn.k_proj
pruning layer 21 name self_attn.v_proj
pruning layer 21 name self_attn.o_proj
pruning layer 21 name mlp.gate_proj
pruning layer 21 name mlp.down_proj
pruning layer 21 name mlp.up_proj
pruning layer 22 name self_attn.q_proj
pruning layer 22 name self_attn.k_proj
pruning layer 22 name self_attn.v_proj
pruning layer 22 name self_attn.o_proj
pruning layer 22 name mlp.gate_proj
pruning layer 22 name mlp.down_proj
pruning layer 22 name mlp.up_proj
pruning layer 23 name self_attn.q_proj
pruning layer 23 name self_attn.k_proj
pruning layer 23 name self_attn.v_proj
pruning layer 23 name self_attn.o_proj
pruning layer 23 name mlp.gate_proj
pruning layer 23 name mlp.down_proj
pruning layer 23 name mlp.up_proj
pruning layer 24 name self_attn.q_proj
pruning layer 24 name self_attn.k_proj
pruning layer 24 name self_attn.v_proj
pruning layer 24 name self_attn.o_proj
pruning layer 24 name mlp.gate_proj
pruning layer 24 name mlp.down_proj
pruning layer 24 name mlp.up_proj
pruning layer 25 name self_attn.q_proj
pruning layer 25 name self_attn.k_proj
pruning layer 25 name self_attn.v_proj
pruning layer 25 name self_attn.o_proj
pruning layer 25 name mlp.gate_proj
pruning layer 25 name mlp.down_proj
pruning layer 25 name mlp.up_proj
pruning layer 26 name self_attn.q_proj
pruning layer 26 name self_attn.k_proj
pruning layer 26 name self_attn.v_proj
pruning layer 26 name self_attn.o_proj
pruning layer 26 name mlp.gate_proj
pruning layer 26 name mlp.down_proj
pruning layer 26 name mlp.up_proj
pruning layer 27 name self_attn.q_proj
pruning layer 27 name self_attn.k_proj
pruning layer 27 name self_attn.v_proj
pruning layer 27 name self_attn.o_proj
pruning layer 27 name mlp.gate_proj
pruning layer 27 name mlp.down_proj
pruning layer 27 name mlp.up_proj
pruning layer 28 name self_attn.q_proj
pruning layer 28 name self_attn.k_proj
pruning layer 28 name self_attn.v_proj
pruning layer 28 name self_attn.o_proj
pruning layer 28 name mlp.gate_proj
pruning layer 28 name mlp.down_proj
pruning layer 28 name mlp.up_proj
pruning layer 29 name self_attn.q_proj
pruning layer 29 name self_attn.k_proj
pruning layer 29 name self_attn.v_proj
pruning layer 29 name self_attn.o_proj
pruning layer 29 name mlp.gate_proj
pruning layer 29 name mlp.down_proj
pruning layer 29 name mlp.up_proj
pruning layer 30 name self_attn.q_proj
pruning layer 30 name self_attn.k_proj
pruning layer 30 name self_attn.v_proj
pruning layer 30 name self_attn.o_proj
pruning layer 30 name mlp.gate_proj
pruning layer 30 name mlp.down_proj
pruning layer 30 name mlp.up_proj
pruning layer 31 name self_attn.q_proj
pruning layer 31 name self_attn.k_proj
pruning layer 31 name self_attn.v_proj
pruning layer 31 name self_attn.o_proj
pruning layer 31 name mlp.gate_proj
pruning layer 31 name mlp.down_proj
pruning layer 31 name mlp.up_proj
******************************
layer 0 sparsity 0.664062
layer 1 sparsity 0.631120
layer 2 sparsity 0.648688
layer 3 sparsity 0.597697
layer 4 sparsity 0.647456
layer 5 sparsity 0.658965
layer 6 sparsity 0.639183
layer 7 sparsity 0.647496
layer 8 sparsity 0.661639
layer 9 sparsity 0.665024
layer 10 sparsity 0.665796
layer 11 sparsity 0.668219
layer 12 sparsity 0.670413
layer 13 sparsity 0.680899
layer 14 sparsity 0.686809
layer 15 sparsity 0.702685
layer 16 sparsity 0.714113
layer 17 sparsity 0.721715
layer 18 sparsity 0.728275
layer 19 sparsity 0.734415
layer 20 sparsity 0.739053
layer 21 sparsity 0.739033
layer 22 sparsity 0.741937
layer 23 sparsity 0.742188
layer 24 sparsity 0.746094
layer 25 sparsity 0.741978
layer 26 sparsity 0.749039
layer 27 sparsity 0.752004
layer 28 sparsity 0.753195
layer 29 sparsity 0.757812
layer 30 sparsity 0.749309
layer 31 sparsity 0.750481
sparsity sanity check 0.6999
******************************
evaluating on wikitext2
nsamples 166
sample 0
sample 50
sample 100
sample 150
begin calcualte ppl
[TIME] this run took 440.44 seconds (7.34 min)
[RESULT] final ppl on wikitext = 31.2077
===== 1|0.01|0.5|linear|0.01|0.3|True | 442s | exit=0 =====
/home/xiaokang/miniconda3/envs/prune_llm/lib/python3.9/site-packages/torch/torch_version.py:3: UserWarning: pkg_resources is deprecated as an API. See https://setuptools.pypa.io/en/latest/pkg_resources.html. The pkg_resources package is slated for removal as early as 2025-11-30. Refrain from using this package or pin to Setuptools<81.
  from pkg_resources import packaging  # type: ignore[attr-defined]
[DEBUG] running: /home/xiaokang/OWL/OWL-version2/risk-prune/main.py
[DEBUG] HF_ENDPOINT env: None
[DEBUG] HfApi endpoint: https://huggingface.co
# of gpus:  1
[DEBUG] Parsed args:
  nsamples               = 32
  risk_k                 = 1
  risk_probe             = 0.01
  risk_decay             = 0.5
  risk_decay_type        = linear
  risk_decay_beta        = 0.01
  risk_alpha             = 0.3
  consider_current_layer_in_risk = True
Loading checkpoint shards:   0%|          | 0/2 [00:00<?, ?it/s]Loading checkpoint shards:  50%|█████     | 1/2 [00:03<00:03,  3.58s/it]Loading checkpoint shards: 100%|██████████| 2/2 [00:04<00:00,  2.29s/it]Loading checkpoint shards: 100%|██████████| 2/2 [00:04<00:00,  2.48s/it]
use device  cuda:0
target sparsity 0.7
pruning starts
loading calibration data
dataset loading complete
after adjustment [0.33585465 0.36875322 0.3512834  0.40210265 0.35249633 0.3409298
 0.36067232 0.35234964 0.33829498 0.3349567  0.33409894 0.3317357
 0.32949808 0.31908828 0.31300545 0.29712495 0.2858654  0.2781189
 0.27168593 0.26542023 0.2608     0.26085347 0.25803164 0.25776088
 0.2538181  0.25788656 0.25088722 0.24781239 0.24672535 0.24210265
 0.25050032 0.24948625] mean 0.3 max 0.40210265 min 0.24210265
pruning layer 0 name self_attn.q_proj
pruning layer 0 name self_attn.k_proj
pruning layer 0 name self_attn.v_proj
pruning layer 0 name self_attn.o_proj
pruning layer 0 name mlp.gate_proj
pruning layer 0 name mlp.down_proj
pruning layer 0 name mlp.up_proj
pruning layer 1 name self_attn.q_proj
pruning layer 1 name self_attn.k_proj
pruning layer 1 name self_attn.v_proj
pruning layer 1 name self_attn.o_proj
pruning layer 1 name mlp.gate_proj
pruning layer 1 name mlp.down_proj
pruning layer 1 name mlp.up_proj
pruning layer 2 name self_attn.q_proj
pruning layer 2 name self_attn.k_proj
pruning layer 2 name self_attn.v_proj
pruning layer 2 name self_attn.o_proj
pruning layer 2 name mlp.gate_proj
pruning layer 2 name mlp.down_proj
pruning layer 2 name mlp.up_proj
pruning layer 3 name self_attn.q_proj
pruning layer 3 name self_attn.k_proj
pruning layer 3 name self_attn.v_proj
pruning layer 3 name self_attn.o_proj
pruning layer 3 name mlp.gate_proj
pruning layer 3 name mlp.down_proj
pruning layer 3 name mlp.up_proj
pruning layer 4 name self_attn.q_proj
pruning layer 4 name self_attn.k_proj
pruning layer 4 name self_attn.v_proj
pruning layer 4 name self_attn.o_proj
pruning layer 4 name mlp.gate_proj
pruning layer 4 name mlp.down_proj
pruning layer 4 name mlp.up_proj
pruning layer 5 name self_attn.q_proj
pruning layer 5 name self_attn.k_proj
pruning layer 5 name self_attn.v_proj
pruning layer 5 name self_attn.o_proj
pruning layer 5 name mlp.gate_proj
pruning layer 5 name mlp.down_proj
pruning layer 5 name mlp.up_proj
pruning layer 6 name self_attn.q_proj
pruning layer 6 name self_attn.k_proj
pruning layer 6 name self_attn.v_proj
pruning layer 6 name self_attn.o_proj
pruning layer 6 name mlp.gate_proj
pruning layer 6 name mlp.down_proj
pruning layer 6 name mlp.up_proj
pruning layer 7 name self_attn.q_proj
pruning layer 7 name self_attn.k_proj
pruning layer 7 name self_attn.v_proj
pruning layer 7 name self_attn.o_proj
pruning layer 7 name mlp.gate_proj
pruning layer 7 name mlp.down_proj
pruning layer 7 name mlp.up_proj
pruning layer 8 name self_attn.q_proj
pruning layer 8 name self_attn.k_proj
pruning layer 8 name self_attn.v_proj
pruning layer 8 name self_attn.o_proj
pruning layer 8 name mlp.gate_proj
pruning layer 8 name mlp.down_proj
pruning layer 8 name mlp.up_proj
pruning layer 9 name self_attn.q_proj
pruning layer 9 name self_attn.k_proj
pruning layer 9 name self_attn.v_proj
pruning layer 9 name self_attn.o_proj
pruning layer 9 name mlp.gate_proj
pruning layer 9 name mlp.down_proj
pruning layer 9 name mlp.up_proj
pruning layer 10 name self_attn.q_proj
pruning layer 10 name self_attn.k_proj
pruning layer 10 name self_attn.v_proj
pruning layer 10 name self_attn.o_proj
pruning layer 10 name mlp.gate_proj
pruning layer 10 name mlp.down_proj
pruning layer 10 name mlp.up_proj
pruning layer 11 name self_attn.q_proj
pruning layer 11 name self_attn.k_proj
pruning layer 11 name self_attn.v_proj
pruning layer 11 name self_attn.o_proj
pruning layer 11 name mlp.gate_proj
pruning layer 11 name mlp.down_proj
pruning layer 11 name mlp.up_proj
pruning layer 12 name self_attn.q_proj
pruning layer 12 name self_attn.k_proj
pruning layer 12 name self_attn.v_proj
pruning layer 12 name self_attn.o_proj
pruning layer 12 name mlp.gate_proj
pruning layer 12 name mlp.down_proj
pruning layer 12 name mlp.up_proj
pruning layer 13 name self_attn.q_proj
pruning layer 13 name self_attn.k_proj
pruning layer 13 name self_attn.v_proj
pruning layer 13 name self_attn.o_proj
pruning layer 13 name mlp.gate_proj
pruning layer 13 name mlp.down_proj
pruning layer 13 name mlp.up_proj
pruning layer 14 name self_attn.q_proj
pruning layer 14 name self_attn.k_proj
pruning layer 14 name self_attn.v_proj
pruning layer 14 name self_attn.o_proj
pruning layer 14 name mlp.gate_proj
pruning layer 14 name mlp.down_proj
pruning layer 14 name mlp.up_proj
pruning layer 15 name self_attn.q_proj
pruning layer 15 name self_attn.k_proj
pruning layer 15 name self_attn.v_proj
pruning layer 15 name self_attn.o_proj
pruning layer 15 name mlp.gate_proj
pruning layer 15 name mlp.down_proj
pruning layer 15 name mlp.up_proj
pruning layer 16 name self_attn.q_proj
pruning layer 16 name self_attn.k_proj
pruning layer 16 name self_attn.v_proj
pruning layer 16 name self_attn.o_proj
pruning layer 16 name mlp.gate_proj
pruning layer 16 name mlp.down_proj
pruning layer 16 name mlp.up_proj
pruning layer 17 name self_attn.q_proj
pruning layer 17 name self_attn.k_proj
pruning layer 17 name self_attn.v_proj
pruning layer 17 name self_attn.o_proj
pruning layer 17 name mlp.gate_proj
pruning layer 17 name mlp.down_proj
pruning layer 17 name mlp.up_proj
pruning layer 18 name self_attn.q_proj
pruning layer 18 name self_attn.k_proj
pruning layer 18 name self_attn.v_proj
pruning layer 18 name self_attn.o_proj
pruning layer 18 name mlp.gate_proj
pruning layer 18 name mlp.down_proj
pruning layer 18 name mlp.up_proj
pruning layer 19 name self_attn.q_proj
pruning layer 19 name self_attn.k_proj
pruning layer 19 name self_attn.v_proj
pruning layer 19 name self_attn.o_proj
pruning layer 19 name mlp.gate_proj
pruning layer 19 name mlp.down_proj
pruning layer 19 name mlp.up_proj
pruning layer 20 name self_attn.q_proj
pruning layer 20 name self_attn.k_proj
pruning layer 20 name self_attn.v_proj
pruning layer 20 name self_attn.o_proj
pruning layer 20 name mlp.gate_proj
pruning layer 20 name mlp.down_proj
pruning layer 20 name mlp.up_proj
pruning layer 21 name self_attn.q_proj
pruning layer 21 name self_attn.k_proj
pruning layer 21 name self_attn.v_proj
pruning layer 21 name self_attn.o_proj
pruning layer 21 name mlp.gate_proj
pruning layer 21 name mlp.down_proj
pruning layer 21 name mlp.up_proj
pruning layer 22 name self_attn.q_proj
pruning layer 22 name self_attn.k_proj
pruning layer 22 name self_attn.v_proj
pruning layer 22 name self_attn.o_proj
pruning layer 22 name mlp.gate_proj
pruning layer 22 name mlp.down_proj
pruning layer 22 name mlp.up_proj
pruning layer 23 name self_attn.q_proj
pruning layer 23 name self_attn.k_proj
pruning layer 23 name self_attn.v_proj
pruning layer 23 name self_attn.o_proj
pruning layer 23 name mlp.gate_proj
pruning layer 23 name mlp.down_proj
pruning layer 23 name mlp.up_proj
pruning layer 24 name self_attn.q_proj
pruning layer 24 name self_attn.k_proj
pruning layer 24 name self_attn.v_proj
pruning layer 24 name self_attn.o_proj
pruning layer 24 name mlp.gate_proj
pruning layer 24 name mlp.down_proj
pruning layer 24 name mlp.up_proj
pruning layer 25 name self_attn.q_proj
pruning layer 25 name self_attn.k_proj
pruning layer 25 name self_attn.v_proj
pruning layer 25 name self_attn.o_proj
pruning layer 25 name mlp.gate_proj
pruning layer 25 name mlp.down_proj
pruning layer 25 name mlp.up_proj
pruning layer 26 name self_attn.q_proj
pruning layer 26 name self_attn.k_proj
pruning layer 26 name self_attn.v_proj
pruning layer 26 name self_attn.o_proj
pruning layer 26 name mlp.gate_proj
pruning layer 26 name mlp.down_proj
pruning layer 26 name mlp.up_proj
pruning layer 27 name self_attn.q_proj
pruning layer 27 name self_attn.k_proj
pruning layer 27 name self_attn.v_proj
pruning layer 27 name self_attn.o_proj
pruning layer 27 name mlp.gate_proj
pruning layer 27 name mlp.down_proj
pruning layer 27 name mlp.up_proj
pruning layer 28 name self_attn.q_proj
pruning layer 28 name self_attn.k_proj
pruning layer 28 name self_attn.v_proj
pruning layer 28 name self_attn.o_proj
pruning layer 28 name mlp.gate_proj
pruning layer 28 name mlp.down_proj
pruning layer 28 name mlp.up_proj
pruning layer 29 name self_attn.q_proj
pruning layer 29 name self_attn.k_proj
pruning layer 29 name self_attn.v_proj
pruning layer 29 name self_attn.o_proj
pruning layer 29 name mlp.gate_proj
pruning layer 29 name mlp.down_proj
pruning layer 29 name mlp.up_proj
pruning layer 30 name self_attn.q_proj
pruning layer 30 name self_attn.k_proj
pruning layer 30 name self_attn.v_proj
pruning layer 30 name self_attn.o_proj
pruning layer 30 name mlp.gate_proj
pruning layer 30 name mlp.down_proj
pruning layer 30 name mlp.up_proj
pruning layer 31 name self_attn.q_proj
pruning layer 31 name self_attn.k_proj
pruning layer 31 name self_attn.v_proj
pruning layer 31 name self_attn.o_proj
pruning layer 31 name mlp.gate_proj
pruning layer 31 name mlp.down_proj
pruning layer 31 name mlp.up_proj
******************************
layer 0 sparsity 0.664062
layer 1 sparsity 0.631120
layer 2 sparsity 0.648688
layer 3 sparsity 0.597697
layer 4 sparsity 0.647456
layer 5 sparsity 0.658965
layer 6 sparsity 0.639183
layer 7 sparsity 0.647496
layer 8 sparsity 0.661639
layer 9 sparsity 0.665024
layer 10 sparsity 0.665796
layer 11 sparsity 0.668219
layer 12 sparsity 0.670413
layer 13 sparsity 0.680899
layer 14 sparsity 0.686809
layer 15 sparsity 0.702685
layer 16 sparsity 0.714113
layer 17 sparsity 0.721715
layer 18 sparsity 0.728275
layer 19 sparsity 0.734415
layer 20 sparsity 0.739053
layer 21 sparsity 0.739033
layer 22 sparsity 0.741937
layer 23 sparsity 0.742188
layer 24 sparsity 0.746094
layer 25 sparsity 0.741978
layer 26 sparsity 0.749039
layer 27 sparsity 0.752004
layer 28 sparsity 0.753195
layer 29 sparsity 0.757812
layer 30 sparsity 0.749309
layer 31 sparsity 0.750481
sparsity sanity check 0.6999
******************************
evaluating on wikitext2
nsamples 166
sample 0
sample 50
sample 100
sample 150
begin calcualte ppl
[TIME] this run took 439.84 seconds (7.33 min)
[RESULT] final ppl on wikitext = 31.2077
===== 1|0.01|0.5|linear|0.01|0.35|False | 443s | exit=0 =====
/home/xiaokang/miniconda3/envs/prune_llm/lib/python3.9/site-packages/torch/torch_version.py:3: UserWarning: pkg_resources is deprecated as an API. See https://setuptools.pypa.io/en/latest/pkg_resources.html. The pkg_resources package is slated for removal as early as 2025-11-30. Refrain from using this package or pin to Setuptools<81.
  from pkg_resources import packaging  # type: ignore[attr-defined]
[DEBUG] running: /home/xiaokang/OWL/OWL-version2/risk-prune/main.py
[DEBUG] HF_ENDPOINT env: None
[DEBUG] HfApi endpoint: https://huggingface.co
# of gpus:  1
[DEBUG] Parsed args:
  nsamples               = 32
  risk_k                 = 1
  risk_probe             = 0.01
  risk_decay             = 0.5
  risk_decay_type        = linear
  risk_decay_beta        = 0.01
  risk_alpha             = 0.35
  consider_current_layer_in_risk = True
Loading checkpoint shards:   0%|          | 0/2 [00:00<?, ?it/s]Loading checkpoint shards:  50%|█████     | 1/2 [00:03<00:03,  3.61s/it]Loading checkpoint shards: 100%|██████████| 2/2 [00:04<00:00,  2.30s/it]Loading checkpoint shards: 100%|██████████| 2/2 [00:04<00:00,  2.50s/it]
use device  cuda:0
target sparsity 0.7
pruning starts
loading calibration data
dataset loading complete
after adjustment [0.33983362 0.37938267 0.3501012  0.40162256 0.351608   0.34000438
 0.36007538 0.35177913 0.3377064  0.33443546 0.33366096 0.33135897
 0.3291717  0.31867656 0.31265378 0.29675323 0.28556222 0.2776522
 0.2712654  0.264974   0.26042607 0.2604155  0.25767297 0.25742325
 0.2534231  0.25767553 0.2506245  0.24742891 0.24634469 0.24162257
 0.25197396 0.24669151] mean 0.3 max 0.40162256 min 0.24162257
pruning layer 0 name self_attn.q_proj
pruning layer 0 name self_attn.k_proj
pruning layer 0 name self_attn.v_proj
pruning layer 0 name self_attn.o_proj
pruning layer 0 name mlp.gate_proj
pruning layer 0 name mlp.down_proj
pruning layer 0 name mlp.up_proj
pruning layer 1 name self_attn.q_proj
pruning layer 1 name self_attn.k_proj
pruning layer 1 name self_attn.v_proj
pruning layer 1 name self_attn.o_proj
pruning layer 1 name mlp.gate_proj
pruning layer 1 name mlp.down_proj
pruning layer 1 name mlp.up_proj
pruning layer 2 name self_attn.q_proj
pruning layer 2 name self_attn.k_proj
pruning layer 2 name self_attn.v_proj
pruning layer 2 name self_attn.o_proj
pruning layer 2 name mlp.gate_proj
pruning layer 2 name mlp.down_proj
pruning layer 2 name mlp.up_proj
pruning layer 3 name self_attn.q_proj
pruning layer 3 name self_attn.k_proj
pruning layer 3 name self_attn.v_proj
pruning layer 3 name self_attn.o_proj
pruning layer 3 name mlp.gate_proj
pruning layer 3 name mlp.down_proj
pruning layer 3 name mlp.up_proj
pruning layer 4 name self_attn.q_proj
pruning layer 4 name self_attn.k_proj
pruning layer 4 name self_attn.v_proj
pruning layer 4 name self_attn.o_proj
pruning layer 4 name mlp.gate_proj
pruning layer 4 name mlp.down_proj
pruning layer 4 name mlp.up_proj
pruning layer 5 name self_attn.q_proj
pruning layer 5 name self_attn.k_proj
pruning layer 5 name self_attn.v_proj
pruning layer 5 name self_attn.o_proj
pruning layer 5 name mlp.gate_proj
pruning layer 5 name mlp.down_proj
pruning layer 5 name mlp.up_proj
pruning layer 6 name self_attn.q_proj
pruning layer 6 name self_attn.k_proj
pruning layer 6 name self_attn.v_proj
pruning layer 6 name self_attn.o_proj
pruning layer 6 name mlp.gate_proj
pruning layer 6 name mlp.down_proj
pruning layer 6 name mlp.up_proj
pruning layer 7 name self_attn.q_proj
pruning layer 7 name self_attn.k_proj
pruning layer 7 name self_attn.v_proj
pruning layer 7 name self_attn.o_proj
pruning layer 7 name mlp.gate_proj
pruning layer 7 name mlp.down_proj
pruning layer 7 name mlp.up_proj
pruning layer 8 name self_attn.q_proj
pruning layer 8 name self_attn.k_proj
pruning layer 8 name self_attn.v_proj
pruning layer 8 name self_attn.o_proj
pruning layer 8 name mlp.gate_proj
pruning layer 8 name mlp.down_proj
pruning layer 8 name mlp.up_proj
pruning layer 9 name self_attn.q_proj
pruning layer 9 name self_attn.k_proj
pruning layer 9 name self_attn.v_proj
pruning layer 9 name self_attn.o_proj
pruning layer 9 name mlp.gate_proj
pruning layer 9 name mlp.down_proj
pruning layer 9 name mlp.up_proj
pruning layer 10 name self_attn.q_proj
pruning layer 10 name self_attn.k_proj
pruning layer 10 name self_attn.v_proj
pruning layer 10 name self_attn.o_proj
pruning layer 10 name mlp.gate_proj
pruning layer 10 name mlp.down_proj
pruning layer 10 name mlp.up_proj
pruning layer 11 name self_attn.q_proj
pruning layer 11 name self_attn.k_proj
pruning layer 11 name self_attn.v_proj
pruning layer 11 name self_attn.o_proj
pruning layer 11 name mlp.gate_proj
pruning layer 11 name mlp.down_proj
pruning layer 11 name mlp.up_proj
pruning layer 12 name self_attn.q_proj
pruning layer 12 name self_attn.k_proj
pruning layer 12 name self_attn.v_proj
pruning layer 12 name self_attn.o_proj
pruning layer 12 name mlp.gate_proj
pruning layer 12 name mlp.down_proj
pruning layer 12 name mlp.up_proj
pruning layer 13 name self_attn.q_proj
pruning layer 13 name self_attn.k_proj
pruning layer 13 name self_attn.v_proj
pruning layer 13 name self_attn.o_proj
pruning layer 13 name mlp.gate_proj
pruning layer 13 name mlp.down_proj
pruning layer 13 name mlp.up_proj
pruning layer 14 name self_attn.q_proj
pruning layer 14 name self_attn.k_proj
pruning layer 14 name self_attn.v_proj
pruning layer 14 name self_attn.o_proj
pruning layer 14 name mlp.gate_proj
pruning layer 14 name mlp.down_proj
pruning layer 14 name mlp.up_proj
pruning layer 15 name self_attn.q_proj
pruning layer 15 name self_attn.k_proj
pruning layer 15 name self_attn.v_proj
pruning layer 15 name self_attn.o_proj
pruning layer 15 name mlp.gate_proj
pruning layer 15 name mlp.down_proj
pruning layer 15 name mlp.up_proj
pruning layer 16 name self_attn.q_proj
pruning layer 16 name self_attn.k_proj
pruning layer 16 name self_attn.v_proj
pruning layer 16 name self_attn.o_proj
pruning layer 16 name mlp.gate_proj
pruning layer 16 name mlp.down_proj
pruning layer 16 name mlp.up_proj
pruning layer 17 name self_attn.q_proj
pruning layer 17 name self_attn.k_proj
pruning layer 17 name self_attn.v_proj
pruning layer 17 name self_attn.o_proj
pruning layer 17 name mlp.gate_proj
pruning layer 17 name mlp.down_proj
pruning layer 17 name mlp.up_proj
pruning layer 18 name self_attn.q_proj
pruning layer 18 name self_attn.k_proj
pruning layer 18 name self_attn.v_proj
pruning layer 18 name self_attn.o_proj
pruning layer 18 name mlp.gate_proj
pruning layer 18 name mlp.down_proj
pruning layer 18 name mlp.up_proj
pruning layer 19 name self_attn.q_proj
pruning layer 19 name self_attn.k_proj
pruning layer 19 name self_attn.v_proj
pruning layer 19 name self_attn.o_proj
pruning layer 19 name mlp.gate_proj
pruning layer 19 name mlp.down_proj
pruning layer 19 name mlp.up_proj
pruning layer 20 name self_attn.q_proj
pruning layer 20 name self_attn.k_proj
pruning layer 20 name self_attn.v_proj
pruning layer 20 name self_attn.o_proj
pruning layer 20 name mlp.gate_proj
pruning layer 20 name mlp.down_proj
pruning layer 20 name mlp.up_proj
pruning layer 21 name self_attn.q_proj
pruning layer 21 name self_attn.k_proj
pruning layer 21 name self_attn.v_proj
pruning layer 21 name self_attn.o_proj
pruning layer 21 name mlp.gate_proj
pruning layer 21 name mlp.down_proj
pruning layer 21 name mlp.up_proj
pruning layer 22 name self_attn.q_proj
pruning layer 22 name self_attn.k_proj
pruning layer 22 name self_attn.v_proj
pruning layer 22 name self_attn.o_proj
pruning layer 22 name mlp.gate_proj
pruning layer 22 name mlp.down_proj
pruning layer 22 name mlp.up_proj
pruning layer 23 name self_attn.q_proj
pruning layer 23 name self_attn.k_proj
pruning layer 23 name self_attn.v_proj
pruning layer 23 name self_attn.o_proj
pruning layer 23 name mlp.gate_proj
pruning layer 23 name mlp.down_proj
pruning layer 23 name mlp.up_proj
pruning layer 24 name self_attn.q_proj
pruning layer 24 name self_attn.k_proj
pruning layer 24 name self_attn.v_proj
pruning layer 24 name self_attn.o_proj
pruning layer 24 name mlp.gate_proj
pruning layer 24 name mlp.down_proj
pruning layer 24 name mlp.up_proj
pruning layer 25 name self_attn.q_proj
pruning layer 25 name self_attn.k_proj
pruning layer 25 name self_attn.v_proj
pruning layer 25 name self_attn.o_proj
pruning layer 25 name mlp.gate_proj
pruning layer 25 name mlp.down_proj
pruning layer 25 name mlp.up_proj
pruning layer 26 name self_attn.q_proj
pruning layer 26 name self_attn.k_proj
pruning layer 26 name self_attn.v_proj
pruning layer 26 name self_attn.o_proj
pruning layer 26 name mlp.gate_proj
pruning layer 26 name mlp.down_proj
pruning layer 26 name mlp.up_proj
pruning layer 27 name self_attn.q_proj
pruning layer 27 name self_attn.k_proj
pruning layer 27 name self_attn.v_proj
pruning layer 27 name self_attn.o_proj
pruning layer 27 name mlp.gate_proj
pruning layer 27 name mlp.down_proj
pruning layer 27 name mlp.up_proj
pruning layer 28 name self_attn.q_proj
pruning layer 28 name self_attn.k_proj
pruning layer 28 name self_attn.v_proj
pruning layer 28 name self_attn.o_proj
pruning layer 28 name mlp.gate_proj
pruning layer 28 name mlp.down_proj
pruning layer 28 name mlp.up_proj
pruning layer 29 name self_attn.q_proj
pruning layer 29 name self_attn.k_proj
pruning layer 29 name self_attn.v_proj
pruning layer 29 name self_attn.o_proj
pruning layer 29 name mlp.gate_proj
pruning layer 29 name mlp.down_proj
pruning layer 29 name mlp.up_proj
pruning layer 30 name self_attn.q_proj
pruning layer 30 name self_attn.k_proj
pruning layer 30 name self_attn.v_proj
pruning layer 30 name self_attn.o_proj
pruning layer 30 name mlp.gate_proj
pruning layer 30 name mlp.down_proj
pruning layer 30 name mlp.up_proj
pruning layer 31 name self_attn.q_proj
pruning layer 31 name self_attn.k_proj
pruning layer 31 name self_attn.v_proj
pruning layer 31 name self_attn.o_proj
pruning layer 31 name mlp.gate_proj
pruning layer 31 name mlp.down_proj
pruning layer 31 name mlp.up_proj
******************************
layer 0 sparsity 0.660156
layer 1 sparsity 0.620593
layer 2 sparsity 0.649710
layer 3 sparsity 0.598177
layer 4 sparsity 0.648228
layer 5 sparsity 0.659926
layer 6 sparsity 0.639894
layer 7 sparsity 0.648187
layer 8 sparsity 0.662140
layer 9 sparsity 0.665525
layer 10 sparsity 0.666276
layer 11 sparsity 0.668490
layer 12 sparsity 0.670683
layer 13 sparsity 0.681190
layer 14 sparsity 0.687270
layer 15 sparsity 0.703145
layer 16 sparsity 0.714363
layer 17 sparsity 0.722196
layer 18 sparsity 0.728546
layer 19 sparsity 0.734896
layer 20 sparsity 0.739513
layer 21 sparsity 0.739513
layer 22 sparsity 0.742208
layer 23 sparsity 0.742458
layer 24 sparsity 0.746385
layer 25 sparsity 0.742208
layer 26 sparsity 0.749289
layer 27 sparsity 0.752464
layer 28 sparsity 0.753466
layer 29 sparsity 0.758313
layer 30 sparsity 0.747847
layer 31 sparsity 0.753195
sparsity sanity check 0.6999
******************************
evaluating on wikitext2
nsamples 166
sample 0
sample 50
sample 100
sample 150
begin calcualte ppl
[TIME] this run took 440.30 seconds (7.34 min)
[RESULT] final ppl on wikitext = 31.2691
===== 1|0.01|0.5|linear|0.01|0.35|True | 443s | exit=0 =====
/home/xiaokang/miniconda3/envs/prune_llm/lib/python3.9/site-packages/torch/torch_version.py:3: UserWarning: pkg_resources is deprecated as an API. See https://setuptools.pypa.io/en/latest/pkg_resources.html. The pkg_resources package is slated for removal as early as 2025-11-30. Refrain from using this package or pin to Setuptools<81.
  from pkg_resources import packaging  # type: ignore[attr-defined]
[DEBUG] running: /home/xiaokang/OWL/OWL-version2/risk-prune/main.py
[DEBUG] HF_ENDPOINT env: None
[DEBUG] HfApi endpoint: https://huggingface.co
# of gpus:  1
[DEBUG] Parsed args:
  nsamples               = 32
  risk_k                 = 1
  risk_probe             = 0.01
  risk_decay             = 0.5
  risk_decay_type        = linear
  risk_decay_beta        = 0.01
  risk_alpha             = 0.35
  consider_current_layer_in_risk = True
Loading checkpoint shards:   0%|          | 0/2 [00:00<?, ?it/s]Loading checkpoint shards:  50%|█████     | 1/2 [00:03<00:03,  3.61s/it]Loading checkpoint shards: 100%|██████████| 2/2 [00:04<00:00,  2.29s/it]Loading checkpoint shards: 100%|██████████| 2/2 [00:04<00:00,  2.49s/it]
use device  cuda:0
target sparsity 0.7
pruning starts
loading calibration data
dataset loading complete
after adjustment [0.33983362 0.37938267 0.3501012  0.40162256 0.351608   0.34000438
 0.36007538 0.35177913 0.3377064  0.33443546 0.33366096 0.33135897
 0.3291717  0.31867656 0.31265378 0.29675323 0.28556222 0.2776522
 0.2712654  0.264974   0.26042607 0.2604155  0.25767297 0.25742325
 0.2534231  0.25767553 0.2506245  0.24742891 0.24634469 0.24162257
 0.25197396 0.24669151] mean 0.3 max 0.40162256 min 0.24162257
pruning layer 0 name self_attn.q_proj
pruning layer 0 name self_attn.k_proj
pruning layer 0 name self_attn.v_proj
pruning layer 0 name self_attn.o_proj
pruning layer 0 name mlp.gate_proj
pruning layer 0 name mlp.down_proj
pruning layer 0 name mlp.up_proj
pruning layer 1 name self_attn.q_proj
pruning layer 1 name self_attn.k_proj
pruning layer 1 name self_attn.v_proj
pruning layer 1 name self_attn.o_proj
pruning layer 1 name mlp.gate_proj
pruning layer 1 name mlp.down_proj
pruning layer 1 name mlp.up_proj
pruning layer 2 name self_attn.q_proj
pruning layer 2 name self_attn.k_proj
pruning layer 2 name self_attn.v_proj
pruning layer 2 name self_attn.o_proj
pruning layer 2 name mlp.gate_proj
pruning layer 2 name mlp.down_proj
pruning layer 2 name mlp.up_proj
pruning layer 3 name self_attn.q_proj
pruning layer 3 name self_attn.k_proj
pruning layer 3 name self_attn.v_proj
pruning layer 3 name self_attn.o_proj
pruning layer 3 name mlp.gate_proj
pruning layer 3 name mlp.down_proj
pruning layer 3 name mlp.up_proj
pruning layer 4 name self_attn.q_proj
pruning layer 4 name self_attn.k_proj
pruning layer 4 name self_attn.v_proj
pruning layer 4 name self_attn.o_proj
pruning layer 4 name mlp.gate_proj
pruning layer 4 name mlp.down_proj
pruning layer 4 name mlp.up_proj
pruning layer 5 name self_attn.q_proj
pruning layer 5 name self_attn.k_proj
pruning layer 5 name self_attn.v_proj
pruning layer 5 name self_attn.o_proj
pruning layer 5 name mlp.gate_proj
pruning layer 5 name mlp.down_proj
pruning layer 5 name mlp.up_proj
pruning layer 6 name self_attn.q_proj
pruning layer 6 name self_attn.k_proj
pruning layer 6 name self_attn.v_proj
pruning layer 6 name self_attn.o_proj
pruning layer 6 name mlp.gate_proj
pruning layer 6 name mlp.down_proj
pruning layer 6 name mlp.up_proj
pruning layer 7 name self_attn.q_proj
pruning layer 7 name self_attn.k_proj
pruning layer 7 name self_attn.v_proj
pruning layer 7 name self_attn.o_proj
pruning layer 7 name mlp.gate_proj
pruning layer 7 name mlp.down_proj
pruning layer 7 name mlp.up_proj
pruning layer 8 name self_attn.q_proj
pruning layer 8 name self_attn.k_proj
pruning layer 8 name self_attn.v_proj
pruning layer 8 name self_attn.o_proj
pruning layer 8 name mlp.gate_proj
pruning layer 8 name mlp.down_proj
pruning layer 8 name mlp.up_proj
pruning layer 9 name self_attn.q_proj
pruning layer 9 name self_attn.k_proj
pruning layer 9 name self_attn.v_proj
pruning layer 9 name self_attn.o_proj
pruning layer 9 name mlp.gate_proj
pruning layer 9 name mlp.down_proj
pruning layer 9 name mlp.up_proj
pruning layer 10 name self_attn.q_proj
pruning layer 10 name self_attn.k_proj
pruning layer 10 name self_attn.v_proj
pruning layer 10 name self_attn.o_proj
pruning layer 10 name mlp.gate_proj
pruning layer 10 name mlp.down_proj
pruning layer 10 name mlp.up_proj
pruning layer 11 name self_attn.q_proj
pruning layer 11 name self_attn.k_proj
pruning layer 11 name self_attn.v_proj
pruning layer 11 name self_attn.o_proj
pruning layer 11 name mlp.gate_proj
pruning layer 11 name mlp.down_proj
pruning layer 11 name mlp.up_proj
pruning layer 12 name self_attn.q_proj
pruning layer 12 name self_attn.k_proj
pruning layer 12 name self_attn.v_proj
pruning layer 12 name self_attn.o_proj
pruning layer 12 name mlp.gate_proj
pruning layer 12 name mlp.down_proj
pruning layer 12 name mlp.up_proj
pruning layer 13 name self_attn.q_proj
pruning layer 13 name self_attn.k_proj
pruning layer 13 name self_attn.v_proj
pruning layer 13 name self_attn.o_proj
pruning layer 13 name mlp.gate_proj
pruning layer 13 name mlp.down_proj
pruning layer 13 name mlp.up_proj
pruning layer 14 name self_attn.q_proj
pruning layer 14 name self_attn.k_proj
pruning layer 14 name self_attn.v_proj
pruning layer 14 name self_attn.o_proj
pruning layer 14 name mlp.gate_proj
pruning layer 14 name mlp.down_proj
pruning layer 14 name mlp.up_proj
pruning layer 15 name self_attn.q_proj
pruning layer 15 name self_attn.k_proj
pruning layer 15 name self_attn.v_proj
pruning layer 15 name self_attn.o_proj
pruning layer 15 name mlp.gate_proj
pruning layer 15 name mlp.down_proj
pruning layer 15 name mlp.up_proj
pruning layer 16 name self_attn.q_proj
pruning layer 16 name self_attn.k_proj
pruning layer 16 name self_attn.v_proj
pruning layer 16 name self_attn.o_proj
pruning layer 16 name mlp.gate_proj
pruning layer 16 name mlp.down_proj
pruning layer 16 name mlp.up_proj
pruning layer 17 name self_attn.q_proj
pruning layer 17 name self_attn.k_proj
pruning layer 17 name self_attn.v_proj
pruning layer 17 name self_attn.o_proj
pruning layer 17 name mlp.gate_proj
pruning layer 17 name mlp.down_proj
pruning layer 17 name mlp.up_proj
pruning layer 18 name self_attn.q_proj
pruning layer 18 name self_attn.k_proj
pruning layer 18 name self_attn.v_proj
pruning layer 18 name self_attn.o_proj
pruning layer 18 name mlp.gate_proj
pruning layer 18 name mlp.down_proj
pruning layer 18 name mlp.up_proj
pruning layer 19 name self_attn.q_proj
pruning layer 19 name self_attn.k_proj
pruning layer 19 name self_attn.v_proj
pruning layer 19 name self_attn.o_proj
pruning layer 19 name mlp.gate_proj
pruning layer 19 name mlp.down_proj
pruning layer 19 name mlp.up_proj
pruning layer 20 name self_attn.q_proj
pruning layer 20 name self_attn.k_proj
pruning layer 20 name self_attn.v_proj
pruning layer 20 name self_attn.o_proj
pruning layer 20 name mlp.gate_proj
pruning layer 20 name mlp.down_proj
pruning layer 20 name mlp.up_proj
pruning layer 21 name self_attn.q_proj
pruning layer 21 name self_attn.k_proj
pruning layer 21 name self_attn.v_proj
pruning layer 21 name self_attn.o_proj
pruning layer 21 name mlp.gate_proj
pruning layer 21 name mlp.down_proj
pruning layer 21 name mlp.up_proj
pruning layer 22 name self_attn.q_proj
pruning layer 22 name self_attn.k_proj
pruning layer 22 name self_attn.v_proj
pruning layer 22 name self_attn.o_proj
pruning layer 22 name mlp.gate_proj
pruning layer 22 name mlp.down_proj
pruning layer 22 name mlp.up_proj
pruning layer 23 name self_attn.q_proj
pruning layer 23 name self_attn.k_proj
pruning layer 23 name self_attn.v_proj
pruning layer 23 name self_attn.o_proj
pruning layer 23 name mlp.gate_proj
pruning layer 23 name mlp.down_proj
pruning layer 23 name mlp.up_proj
pruning layer 24 name self_attn.q_proj
pruning layer 24 name self_attn.k_proj
pruning layer 24 name self_attn.v_proj
pruning layer 24 name self_attn.o_proj
pruning layer 24 name mlp.gate_proj
pruning layer 24 name mlp.down_proj
pruning layer 24 name mlp.up_proj
pruning layer 25 name self_attn.q_proj
pruning layer 25 name self_attn.k_proj
pruning layer 25 name self_attn.v_proj
pruning layer 25 name self_attn.o_proj
pruning layer 25 name mlp.gate_proj
pruning layer 25 name mlp.down_proj
pruning layer 25 name mlp.up_proj
pruning layer 26 name self_attn.q_proj
pruning layer 26 name self_attn.k_proj
pruning layer 26 name self_attn.v_proj
pruning layer 26 name self_attn.o_proj
pruning layer 26 name mlp.gate_proj
pruning layer 26 name mlp.down_proj
pruning layer 26 name mlp.up_proj
pruning layer 27 name self_attn.q_proj
pruning layer 27 name self_attn.k_proj
pruning layer 27 name self_attn.v_proj
pruning layer 27 name self_attn.o_proj
pruning layer 27 name mlp.gate_proj
pruning layer 27 name mlp.down_proj
pruning layer 27 name mlp.up_proj
pruning layer 28 name self_attn.q_proj
pruning layer 28 name self_attn.k_proj
pruning layer 28 name self_attn.v_proj
pruning layer 28 name self_attn.o_proj
pruning layer 28 name mlp.gate_proj
pruning layer 28 name mlp.down_proj
pruning layer 28 name mlp.up_proj
pruning layer 29 name self_attn.q_proj
pruning layer 29 name self_attn.k_proj
pruning layer 29 name self_attn.v_proj
pruning layer 29 name self_attn.o_proj
pruning layer 29 name mlp.gate_proj
pruning layer 29 name mlp.down_proj
pruning layer 29 name mlp.up_proj
pruning layer 30 name self_attn.q_proj
pruning layer 30 name self_attn.k_proj
pruning layer 30 name self_attn.v_proj
pruning layer 30 name self_attn.o_proj
pruning layer 30 name mlp.gate_proj
pruning layer 30 name mlp.down_proj
pruning layer 30 name mlp.up_proj
pruning layer 31 name self_attn.q_proj
pruning layer 31 name self_attn.k_proj
pruning layer 31 name self_attn.v_proj
pruning layer 31 name self_attn.o_proj
pruning layer 31 name mlp.gate_proj
pruning layer 31 name mlp.down_proj
pruning layer 31 name mlp.up_proj
******************************
layer 0 sparsity 0.660156
layer 1 sparsity 0.620593
layer 2 sparsity 0.649710
layer 3 sparsity 0.598177
layer 4 sparsity 0.648228
layer 5 sparsity 0.659926
layer 6 sparsity 0.639894
layer 7 sparsity 0.648187
layer 8 sparsity 0.662140
layer 9 sparsity 0.665525
layer 10 sparsity 0.666276
layer 11 sparsity 0.668490
layer 12 sparsity 0.670683
layer 13 sparsity 0.681190
layer 14 sparsity 0.687270
layer 15 sparsity 0.703145
layer 16 sparsity 0.714363
layer 17 sparsity 0.722196
layer 18 sparsity 0.728546
layer 19 sparsity 0.734896
layer 20 sparsity 0.739513
layer 21 sparsity 0.739513
layer 22 sparsity 0.742208
layer 23 sparsity 0.742458
layer 24 sparsity 0.746385
layer 25 sparsity 0.742208
layer 26 sparsity 0.749289
layer 27 sparsity 0.752464
layer 28 sparsity 0.753466
layer 29 sparsity 0.758313
layer 30 sparsity 0.747847
layer 31 sparsity 0.753195
sparsity sanity check 0.6999
******************************
evaluating on wikitext2
nsamples 166
sample 0
sample 50
sample 100
sample 150
begin calcualte ppl
[TIME] this run took 439.56 seconds (7.33 min)
[RESULT] final ppl on wikitext = 31.2691
===== 1|0.01|0.5|linear|0.01|0.4|False | 444s | exit=0 =====
/home/xiaokang/miniconda3/envs/prune_llm/lib/python3.9/site-packages/torch/torch_version.py:3: UserWarning: pkg_resources is deprecated as an API. See https://setuptools.pypa.io/en/latest/pkg_resources.html. The pkg_resources package is slated for removal as early as 2025-11-30. Refrain from using this package or pin to Setuptools<81.
  from pkg_resources import packaging  # type: ignore[attr-defined]
[DEBUG] running: /home/xiaokang/OWL/OWL-version2/risk-prune/main.py
[DEBUG] HF_ENDPOINT env: None
[DEBUG] HfApi endpoint: https://huggingface.co
# of gpus:  1
[DEBUG] Parsed args:
  nsamples               = 32
  risk_k                 = 1
  risk_probe             = 0.01
  risk_decay             = 0.5
  risk_decay_type        = linear
  risk_decay_beta        = 0.01
  risk_alpha             = 0.4
  consider_current_layer_in_risk = True
Loading checkpoint shards:   0%|          | 0/2 [00:00<?, ?it/s]Loading checkpoint shards:  50%|█████     | 1/2 [00:03<00:03,  3.60s/it]Loading checkpoint shards: 100%|██████████| 2/2 [00:04<00:00,  2.29s/it]Loading checkpoint shards: 100%|██████████| 2/2 [00:04<00:00,  2.49s/it]
use device  cuda:0
target sparsity 0.7
pruning starts
loading calibration data
dataset loading complete
after adjustment [0.34460053 0.39211708 0.34868488 0.4010474  0.3505438  0.33889568
 0.35936025 0.35109565 0.33700123 0.33381104 0.3331363  0.33090764
 0.32878065 0.31818336 0.31223246 0.29630792 0.285199   0.27709308
 0.27076158 0.26443937 0.25997806 0.25989074 0.25724328 0.25701874
 0.2529499  0.2574227  0.25030977 0.24696946 0.24588864 0.2410474
 0.2537394  0.24334332] mean 0.3 max 0.4010474 min 0.2410474
pruning layer 0 name self_attn.q_proj
pruning layer 0 name self_attn.k_proj
pruning layer 0 name self_attn.v_proj
pruning layer 0 name self_attn.o_proj
pruning layer 0 name mlp.gate_proj
pruning layer 0 name mlp.down_proj
pruning layer 0 name mlp.up_proj
pruning layer 1 name self_attn.q_proj
pruning layer 1 name self_attn.k_proj
pruning layer 1 name self_attn.v_proj
pruning layer 1 name self_attn.o_proj
pruning layer 1 name mlp.gate_proj
pruning layer 1 name mlp.down_proj
pruning layer 1 name mlp.up_proj
pruning layer 2 name self_attn.q_proj
pruning layer 2 name self_attn.k_proj
pruning layer 2 name self_attn.v_proj
pruning layer 2 name self_attn.o_proj
pruning layer 2 name mlp.gate_proj
pruning layer 2 name mlp.down_proj
pruning layer 2 name mlp.up_proj
pruning layer 3 name self_attn.q_proj
pruning layer 3 name self_attn.k_proj
pruning layer 3 name self_attn.v_proj
pruning layer 3 name self_attn.o_proj
pruning layer 3 name mlp.gate_proj
pruning layer 3 name mlp.down_proj
pruning layer 3 name mlp.up_proj
pruning layer 4 name self_attn.q_proj
pruning layer 4 name self_attn.k_proj
pruning layer 4 name self_attn.v_proj
pruning layer 4 name self_attn.o_proj
pruning layer 4 name mlp.gate_proj
pruning layer 4 name mlp.down_proj
pruning layer 4 name mlp.up_proj
pruning layer 5 name self_attn.q_proj
pruning layer 5 name self_attn.k_proj
pruning layer 5 name self_attn.v_proj
pruning layer 5 name self_attn.o_proj
pruning layer 5 name mlp.gate_proj
pruning layer 5 name mlp.down_proj
pruning layer 5 name mlp.up_proj
pruning layer 6 name self_attn.q_proj
pruning layer 6 name self_attn.k_proj
pruning layer 6 name self_attn.v_proj
pruning layer 6 name self_attn.o_proj
pruning layer 6 name mlp.gate_proj
pruning layer 6 name mlp.down_proj
pruning layer 6 name mlp.up_proj
pruning layer 7 name self_attn.q_proj
pruning layer 7 name self_attn.k_proj
pruning layer 7 name self_attn.v_proj
pruning layer 7 name self_attn.o_proj
pruning layer 7 name mlp.gate_proj
pruning layer 7 name mlp.down_proj
pruning layer 7 name mlp.up_proj
pruning layer 8 name self_attn.q_proj
pruning layer 8 name self_attn.k_proj
pruning layer 8 name self_attn.v_proj
pruning layer 8 name self_attn.o_proj
pruning layer 8 name mlp.gate_proj
pruning layer 8 name mlp.down_proj
pruning layer 8 name mlp.up_proj
pruning layer 9 name self_attn.q_proj
pruning layer 9 name self_attn.k_proj
pruning layer 9 name self_attn.v_proj
pruning layer 9 name self_attn.o_proj
pruning layer 9 name mlp.gate_proj
pruning layer 9 name mlp.down_proj
pruning layer 9 name mlp.up_proj
pruning layer 10 name self_attn.q_proj
pruning layer 10 name self_attn.k_proj
pruning layer 10 name self_attn.v_proj
pruning layer 10 name self_attn.o_proj
pruning layer 10 name mlp.gate_proj
pruning layer 10 name mlp.down_proj
pruning layer 10 name mlp.up_proj
pruning layer 11 name self_attn.q_proj
pruning layer 11 name self_attn.k_proj
pruning layer 11 name self_attn.v_proj
pruning layer 11 name self_attn.o_proj
pruning layer 11 name mlp.gate_proj
pruning layer 11 name mlp.down_proj
pruning layer 11 name mlp.up_proj
pruning layer 12 name self_attn.q_proj
pruning layer 12 name self_attn.k_proj
pruning layer 12 name self_attn.v_proj
pruning layer 12 name self_attn.o_proj
pruning layer 12 name mlp.gate_proj
pruning layer 12 name mlp.down_proj
pruning layer 12 name mlp.up_proj
pruning layer 13 name self_attn.q_proj
pruning layer 13 name self_attn.k_proj
pruning layer 13 name self_attn.v_proj
pruning layer 13 name self_attn.o_proj
pruning layer 13 name mlp.gate_proj
pruning layer 13 name mlp.down_proj
pruning layer 13 name mlp.up_proj
pruning layer 14 name self_attn.q_proj
pruning layer 14 name self_attn.k_proj
pruning layer 14 name self_attn.v_proj
pruning layer 14 name self_attn.o_proj
pruning layer 14 name mlp.gate_proj
pruning layer 14 name mlp.down_proj
pruning layer 14 name mlp.up_proj
pruning layer 15 name self_attn.q_proj
pruning layer 15 name self_attn.k_proj
pruning layer 15 name self_attn.v_proj
pruning layer 15 name self_attn.o_proj
pruning layer 15 name mlp.gate_proj
pruning layer 15 name mlp.down_proj
pruning layer 15 name mlp.up_proj
pruning layer 16 name self_attn.q_proj
pruning layer 16 name self_attn.k_proj
pruning layer 16 name self_attn.v_proj
pruning layer 16 name self_attn.o_proj
pruning layer 16 name mlp.gate_proj
pruning layer 16 name mlp.down_proj
pruning layer 16 name mlp.up_proj
pruning layer 17 name self_attn.q_proj
pruning layer 17 name self_attn.k_proj
pruning layer 17 name self_attn.v_proj
pruning layer 17 name self_attn.o_proj
pruning layer 17 name mlp.gate_proj
pruning layer 17 name mlp.down_proj
pruning layer 17 name mlp.up_proj
pruning layer 18 name self_attn.q_proj
pruning layer 18 name self_attn.k_proj
pruning layer 18 name self_attn.v_proj
pruning layer 18 name self_attn.o_proj
pruning layer 18 name mlp.gate_proj
pruning layer 18 name mlp.down_proj
pruning layer 18 name mlp.up_proj
pruning layer 19 name self_attn.q_proj
pruning layer 19 name self_attn.k_proj
pruning layer 19 name self_attn.v_proj
pruning layer 19 name self_attn.o_proj
pruning layer 19 name mlp.gate_proj
pruning layer 19 name mlp.down_proj
pruning layer 19 name mlp.up_proj
pruning layer 20 name self_attn.q_proj
pruning layer 20 name self_attn.k_proj
pruning layer 20 name self_attn.v_proj
pruning layer 20 name self_attn.o_proj
pruning layer 20 name mlp.gate_proj
pruning layer 20 name mlp.down_proj
pruning layer 20 name mlp.up_proj
pruning layer 21 name self_attn.q_proj
pruning layer 21 name self_attn.k_proj
pruning layer 21 name self_attn.v_proj
pruning layer 21 name self_attn.o_proj
pruning layer 21 name mlp.gate_proj
pruning layer 21 name mlp.down_proj
pruning layer 21 name mlp.up_proj
pruning layer 22 name self_attn.q_proj
pruning layer 22 name self_attn.k_proj
pruning layer 22 name self_attn.v_proj
pruning layer 22 name self_attn.o_proj
pruning layer 22 name mlp.gate_proj
pruning layer 22 name mlp.down_proj
pruning layer 22 name mlp.up_proj
pruning layer 23 name self_attn.q_proj
pruning layer 23 name self_attn.k_proj
pruning layer 23 name self_attn.v_proj
pruning layer 23 name self_attn.o_proj
pruning layer 23 name mlp.gate_proj
pruning layer 23 name mlp.down_proj
pruning layer 23 name mlp.up_proj
pruning layer 24 name self_attn.q_proj
pruning layer 24 name self_attn.k_proj
pruning layer 24 name self_attn.v_proj
pruning layer 24 name self_attn.o_proj
pruning layer 24 name mlp.gate_proj
pruning layer 24 name mlp.down_proj
pruning layer 24 name mlp.up_proj
pruning layer 25 name self_attn.q_proj
pruning layer 25 name self_attn.k_proj
pruning layer 25 name self_attn.v_proj
pruning layer 25 name self_attn.o_proj
pruning layer 25 name mlp.gate_proj
pruning layer 25 name mlp.down_proj
pruning layer 25 name mlp.up_proj
pruning layer 26 name self_attn.q_proj
pruning layer 26 name self_attn.k_proj
pruning layer 26 name self_attn.v_proj
pruning layer 26 name self_attn.o_proj
pruning layer 26 name mlp.gate_proj
pruning layer 26 name mlp.down_proj
pruning layer 26 name mlp.up_proj
pruning layer 27 name self_attn.q_proj
pruning layer 27 name self_attn.k_proj
pruning layer 27 name self_attn.v_proj
pruning layer 27 name self_attn.o_proj
pruning layer 27 name mlp.gate_proj
pruning layer 27 name mlp.down_proj
pruning layer 27 name mlp.up_proj
pruning layer 28 name self_attn.q_proj
pruning layer 28 name self_attn.k_proj
pruning layer 28 name self_attn.v_proj
pruning layer 28 name self_attn.o_proj
pruning layer 28 name mlp.gate_proj
pruning layer 28 name mlp.down_proj
pruning layer 28 name mlp.up_proj
pruning layer 29 name self_attn.q_proj
pruning layer 29 name self_attn.k_proj
pruning layer 29 name self_attn.v_proj
pruning layer 29 name self_attn.o_proj
pruning layer 29 name mlp.gate_proj
pruning layer 29 name mlp.down_proj
pruning layer 29 name mlp.up_proj
pruning layer 30 name self_attn.q_proj
pruning layer 30 name self_attn.k_proj
pruning layer 30 name self_attn.v_proj
pruning layer 30 name self_attn.o_proj
pruning layer 30 name mlp.gate_proj
pruning layer 30 name mlp.down_proj
pruning layer 30 name mlp.up_proj
pruning layer 31 name self_attn.q_proj
pruning layer 31 name self_attn.k_proj
pruning layer 31 name self_attn.v_proj
pruning layer 31 name self_attn.o_proj
pruning layer 31 name mlp.gate_proj
pruning layer 31 name mlp.down_proj
pruning layer 31 name mlp.up_proj
******************************
layer 0 sparsity 0.655289
layer 1 sparsity 0.607703
layer 2 sparsity 0.651152
layer 3 sparsity 0.598888
layer 4 sparsity 0.649419
layer 5 sparsity 0.660928
layer 6 sparsity 0.640625
layer 7 sparsity 0.648728
layer 8 sparsity 0.662871
layer 9 sparsity 0.666046
layer 10 sparsity 0.666757
layer 11 sparsity 0.668971
layer 12 sparsity 0.671144
layer 13 sparsity 0.681671
layer 14 sparsity 0.687730
layer 15 sparsity 0.703626
layer 16 sparsity 0.714634
layer 17 sparsity 0.722886
layer 18 sparsity 0.729047
layer 19 sparsity 0.735397
layer 20 sparsity 0.739994
layer 21 sparsity 0.740014
layer 22 sparsity 0.742688
layer 23 sparsity 0.742919
layer 24 sparsity 0.746865
layer 25 sparsity 0.742458
layer 26 sparsity 0.749540
layer 27 sparsity 0.752945
layer 28 sparsity 0.753947
layer 29 sparsity 0.758814
layer 30 sparsity 0.746114
layer 31 sparsity 0.756601
sparsity sanity check 0.6999
******************************
evaluating on wikitext2
nsamples 166
sample 0
sample 50
sample 100
sample 150
begin calcualte ppl
[TIME] this run took 441.76 seconds (7.36 min)
[RESULT] final ppl on wikitext = 31.3617
===== 1|0.01|0.5|linear|0.01|0.4|True | 444s | exit=0 =====
/home/xiaokang/miniconda3/envs/prune_llm/lib/python3.9/site-packages/torch/torch_version.py:3: UserWarning: pkg_resources is deprecated as an API. See https://setuptools.pypa.io/en/latest/pkg_resources.html. The pkg_resources package is slated for removal as early as 2025-11-30. Refrain from using this package or pin to Setuptools<81.
  from pkg_resources import packaging  # type: ignore[attr-defined]
[DEBUG] running: /home/xiaokang/OWL/OWL-version2/risk-prune/main.py
[DEBUG] HF_ENDPOINT env: None
[DEBUG] HfApi endpoint: https://huggingface.co
# of gpus:  1
[DEBUG] Parsed args:
  nsamples               = 32
  risk_k                 = 1
  risk_probe             = 0.01
  risk_decay             = 0.5
  risk_decay_type        = linear
  risk_decay_beta        = 0.01
  risk_alpha             = 0.4
  consider_current_layer_in_risk = True
Loading checkpoint shards:   0%|          | 0/2 [00:00<?, ?it/s]Loading checkpoint shards:  50%|█████     | 1/2 [00:03<00:03,  3.61s/it]Loading checkpoint shards: 100%|██████████| 2/2 [00:04<00:00,  2.30s/it]Loading checkpoint shards: 100%|██████████| 2/2 [00:04<00:00,  2.50s/it]
use device  cuda:0
target sparsity 0.7
pruning starts
loading calibration data
dataset loading complete
after adjustment [0.34460053 0.39211708 0.34868488 0.4010474  0.3505438  0.33889568
 0.35936025 0.35109565 0.33700123 0.33381104 0.3331363  0.33090764
 0.32878065 0.31818336 0.31223246 0.29630792 0.285199   0.27709308
 0.27076158 0.26443937 0.25997806 0.25989074 0.25724328 0.25701874
 0.2529499  0.2574227  0.25030977 0.24696946 0.24588864 0.2410474
 0.2537394  0.24334332] mean 0.3 max 0.4010474 min 0.2410474
pruning layer 0 name self_attn.q_proj
pruning layer 0 name self_attn.k_proj
pruning layer 0 name self_attn.v_proj
pruning layer 0 name self_attn.o_proj
pruning layer 0 name mlp.gate_proj
pruning layer 0 name mlp.down_proj
pruning layer 0 name mlp.up_proj
pruning layer 1 name self_attn.q_proj
pruning layer 1 name self_attn.k_proj
pruning layer 1 name self_attn.v_proj
pruning layer 1 name self_attn.o_proj
pruning layer 1 name mlp.gate_proj
pruning layer 1 name mlp.down_proj
pruning layer 1 name mlp.up_proj
pruning layer 2 name self_attn.q_proj
pruning layer 2 name self_attn.k_proj
pruning layer 2 name self_attn.v_proj
pruning layer 2 name self_attn.o_proj
pruning layer 2 name mlp.gate_proj
pruning layer 2 name mlp.down_proj
pruning layer 2 name mlp.up_proj
pruning layer 3 name self_attn.q_proj
pruning layer 3 name self_attn.k_proj
pruning layer 3 name self_attn.v_proj
pruning layer 3 name self_attn.o_proj
pruning layer 3 name mlp.gate_proj
pruning layer 3 name mlp.down_proj
pruning layer 3 name mlp.up_proj
pruning layer 4 name self_attn.q_proj
pruning layer 4 name self_attn.k_proj
pruning layer 4 name self_attn.v_proj
pruning layer 4 name self_attn.o_proj
pruning layer 4 name mlp.gate_proj
pruning layer 4 name mlp.down_proj
pruning layer 4 name mlp.up_proj
pruning layer 5 name self_attn.q_proj
pruning layer 5 name self_attn.k_proj
pruning layer 5 name self_attn.v_proj
pruning layer 5 name self_attn.o_proj
pruning layer 5 name mlp.gate_proj
pruning layer 5 name mlp.down_proj
pruning layer 5 name mlp.up_proj
pruning layer 6 name self_attn.q_proj
pruning layer 6 name self_attn.k_proj
pruning layer 6 name self_attn.v_proj
pruning layer 6 name self_attn.o_proj
pruning layer 6 name mlp.gate_proj
pruning layer 6 name mlp.down_proj
pruning layer 6 name mlp.up_proj
pruning layer 7 name self_attn.q_proj
pruning layer 7 name self_attn.k_proj
pruning layer 7 name self_attn.v_proj
pruning layer 7 name self_attn.o_proj
pruning layer 7 name mlp.gate_proj
pruning layer 7 name mlp.down_proj
pruning layer 7 name mlp.up_proj
pruning layer 8 name self_attn.q_proj
pruning layer 8 name self_attn.k_proj
pruning layer 8 name self_attn.v_proj
pruning layer 8 name self_attn.o_proj
pruning layer 8 name mlp.gate_proj
pruning layer 8 name mlp.down_proj
pruning layer 8 name mlp.up_proj
pruning layer 9 name self_attn.q_proj
pruning layer 9 name self_attn.k_proj
pruning layer 9 name self_attn.v_proj
pruning layer 9 name self_attn.o_proj
pruning layer 9 name mlp.gate_proj
pruning layer 9 name mlp.down_proj
pruning layer 9 name mlp.up_proj
pruning layer 10 name self_attn.q_proj
pruning layer 10 name self_attn.k_proj
pruning layer 10 name self_attn.v_proj
pruning layer 10 name self_attn.o_proj
pruning layer 10 name mlp.gate_proj
pruning layer 10 name mlp.down_proj
pruning layer 10 name mlp.up_proj
pruning layer 11 name self_attn.q_proj
pruning layer 11 name self_attn.k_proj
pruning layer 11 name self_attn.v_proj
pruning layer 11 name self_attn.o_proj
pruning layer 11 name mlp.gate_proj
pruning layer 11 name mlp.down_proj
pruning layer 11 name mlp.up_proj
pruning layer 12 name self_attn.q_proj
pruning layer 12 name self_attn.k_proj
pruning layer 12 name self_attn.v_proj
pruning layer 12 name self_attn.o_proj
pruning layer 12 name mlp.gate_proj
pruning layer 12 name mlp.down_proj
pruning layer 12 name mlp.up_proj
pruning layer 13 name self_attn.q_proj
pruning layer 13 name self_attn.k_proj
pruning layer 13 name self_attn.v_proj
pruning layer 13 name self_attn.o_proj
pruning layer 13 name mlp.gate_proj
pruning layer 13 name mlp.down_proj
pruning layer 13 name mlp.up_proj
pruning layer 14 name self_attn.q_proj
pruning layer 14 name self_attn.k_proj
pruning layer 14 name self_attn.v_proj
pruning layer 14 name self_attn.o_proj
pruning layer 14 name mlp.gate_proj
pruning layer 14 name mlp.down_proj
pruning layer 14 name mlp.up_proj
pruning layer 15 name self_attn.q_proj
pruning layer 15 name self_attn.k_proj
pruning layer 15 name self_attn.v_proj
pruning layer 15 name self_attn.o_proj
pruning layer 15 name mlp.gate_proj
pruning layer 15 name mlp.down_proj
pruning layer 15 name mlp.up_proj
pruning layer 16 name self_attn.q_proj
pruning layer 16 name self_attn.k_proj
pruning layer 16 name self_attn.v_proj
pruning layer 16 name self_attn.o_proj
pruning layer 16 name mlp.gate_proj
pruning layer 16 name mlp.down_proj
pruning layer 16 name mlp.up_proj
pruning layer 17 name self_attn.q_proj
pruning layer 17 name self_attn.k_proj
pruning layer 17 name self_attn.v_proj
pruning layer 17 name self_attn.o_proj
pruning layer 17 name mlp.gate_proj
pruning layer 17 name mlp.down_proj
pruning layer 17 name mlp.up_proj
pruning layer 18 name self_attn.q_proj
pruning layer 18 name self_attn.k_proj
pruning layer 18 name self_attn.v_proj
pruning layer 18 name self_attn.o_proj
pruning layer 18 name mlp.gate_proj
pruning layer 18 name mlp.down_proj
pruning layer 18 name mlp.up_proj
pruning layer 19 name self_attn.q_proj
pruning layer 19 name self_attn.k_proj
pruning layer 19 name self_attn.v_proj
pruning layer 19 name self_attn.o_proj
pruning layer 19 name mlp.gate_proj
pruning layer 19 name mlp.down_proj
pruning layer 19 name mlp.up_proj
pruning layer 20 name self_attn.q_proj
pruning layer 20 name self_attn.k_proj
pruning layer 20 name self_attn.v_proj
pruning layer 20 name self_attn.o_proj
pruning layer 20 name mlp.gate_proj
pruning layer 20 name mlp.down_proj
pruning layer 20 name mlp.up_proj
pruning layer 21 name self_attn.q_proj
pruning layer 21 name self_attn.k_proj
pruning layer 21 name self_attn.v_proj
pruning layer 21 name self_attn.o_proj
pruning layer 21 name mlp.gate_proj
pruning layer 21 name mlp.down_proj
pruning layer 21 name mlp.up_proj
pruning layer 22 name self_attn.q_proj
pruning layer 22 name self_attn.k_proj
pruning layer 22 name self_attn.v_proj
pruning layer 22 name self_attn.o_proj
pruning layer 22 name mlp.gate_proj
pruning layer 22 name mlp.down_proj
pruning layer 22 name mlp.up_proj
pruning layer 23 name self_attn.q_proj
pruning layer 23 name self_attn.k_proj
pruning layer 23 name self_attn.v_proj
pruning layer 23 name self_attn.o_proj
pruning layer 23 name mlp.gate_proj
pruning layer 23 name mlp.down_proj
pruning layer 23 name mlp.up_proj
pruning layer 24 name self_attn.q_proj
pruning layer 24 name self_attn.k_proj
pruning layer 24 name self_attn.v_proj
pruning layer 24 name self_attn.o_proj
pruning layer 24 name mlp.gate_proj
pruning layer 24 name mlp.down_proj
pruning layer 24 name mlp.up_proj
pruning layer 25 name self_attn.q_proj
pruning layer 25 name self_attn.k_proj
pruning layer 25 name self_attn.v_proj
pruning layer 25 name self_attn.o_proj
pruning layer 25 name mlp.gate_proj
pruning layer 25 name mlp.down_proj
pruning layer 25 name mlp.up_proj
pruning layer 26 name self_attn.q_proj
pruning layer 26 name self_attn.k_proj
pruning layer 26 name self_attn.v_proj
pruning layer 26 name self_attn.o_proj
pruning layer 26 name mlp.gate_proj
pruning layer 26 name mlp.down_proj
pruning layer 26 name mlp.up_proj
pruning layer 27 name self_attn.q_proj
pruning layer 27 name self_attn.k_proj
pruning layer 27 name self_attn.v_proj
pruning layer 27 name self_attn.o_proj
pruning layer 27 name mlp.gate_proj
pruning layer 27 name mlp.down_proj
pruning layer 27 name mlp.up_proj
pruning layer 28 name self_attn.q_proj
pruning layer 28 name self_attn.k_proj
pruning layer 28 name self_attn.v_proj
pruning layer 28 name self_attn.o_proj
pruning layer 28 name mlp.gate_proj
pruning layer 28 name mlp.down_proj
pruning layer 28 name mlp.up_proj
pruning layer 29 name self_attn.q_proj
pruning layer 29 name self_attn.k_proj
pruning layer 29 name self_attn.v_proj
pruning layer 29 name self_attn.o_proj
pruning layer 29 name mlp.gate_proj
pruning layer 29 name mlp.down_proj
pruning layer 29 name mlp.up_proj
pruning layer 30 name self_attn.q_proj
pruning layer 30 name self_attn.k_proj
pruning layer 30 name self_attn.v_proj
pruning layer 30 name self_attn.o_proj
pruning layer 30 name mlp.gate_proj
pruning layer 30 name mlp.down_proj
pruning layer 30 name mlp.up_proj
pruning layer 31 name self_attn.q_proj
pruning layer 31 name self_attn.k_proj
pruning layer 31 name self_attn.v_proj
pruning layer 31 name self_attn.o_proj
pruning layer 31 name mlp.gate_proj
pruning layer 31 name mlp.down_proj
pruning layer 31 name mlp.up_proj
******************************
layer 0 sparsity 0.655289
layer 1 sparsity 0.607703
layer 2 sparsity 0.651152
layer 3 sparsity 0.598888
layer 4 sparsity 0.649419
layer 5 sparsity 0.660928
layer 6 sparsity 0.640625
layer 7 sparsity 0.648728
layer 8 sparsity 0.662871
layer 9 sparsity 0.666046
layer 10 sparsity 0.666757
layer 11 sparsity 0.668971
layer 12 sparsity 0.671144
layer 13 sparsity 0.681671
layer 14 sparsity 0.687730
layer 15 sparsity 0.703626
layer 16 sparsity 0.714634
layer 17 sparsity 0.722886
layer 18 sparsity 0.729047
layer 19 sparsity 0.735397
layer 20 sparsity 0.739994
layer 21 sparsity 0.740014
layer 22 sparsity 0.742688
layer 23 sparsity 0.742919
layer 24 sparsity 0.746865
layer 25 sparsity 0.742458
layer 26 sparsity 0.749540
layer 27 sparsity 0.752945
layer 28 sparsity 0.753947
layer 29 sparsity 0.758814
layer 30 sparsity 0.746114
layer 31 sparsity 0.756601
sparsity sanity check 0.6999
******************************
evaluating on wikitext2
nsamples 166
sample 0
sample 50
sample 100
sample 150
begin calcualte ppl
[TIME] this run took 440.84 seconds (7.35 min)
[RESULT] final ppl on wikitext = 31.3617
===== 1|0.01|0.5|linear|0.019|0.01|False | 443s | exit=0 =====
/home/xiaokang/miniconda3/envs/prune_llm/lib/python3.9/site-packages/torch/torch_version.py:3: UserWarning: pkg_resources is deprecated as an API. See https://setuptools.pypa.io/en/latest/pkg_resources.html. The pkg_resources package is slated for removal as early as 2025-11-30. Refrain from using this package or pin to Setuptools<81.
  from pkg_resources import packaging  # type: ignore[attr-defined]
[DEBUG] running: /home/xiaokang/OWL/OWL-version2/risk-prune/main.py
[DEBUG] HF_ENDPOINT env: None
[DEBUG] HfApi endpoint: https://huggingface.co
# of gpus:  1
[DEBUG] Parsed args:
  nsamples               = 32
  risk_k                 = 1
  risk_probe             = 0.01
  risk_decay             = 0.5
  risk_decay_type        = linear
  risk_decay_beta        = 0.019
  risk_alpha             = 0.01
  consider_current_layer_in_risk = True
Loading checkpoint shards:   0%|          | 0/2 [00:00<?, ?it/s]Loading checkpoint shards:  50%|█████     | 1/2 [00:03<00:03,  3.60s/it]Loading checkpoint shards: 100%|██████████| 2/2 [00:04<00:00,  2.30s/it]Loading checkpoint shards: 100%|██████████| 2/2 [00:04<00:00,  2.49s/it]
use device  cuda:0
target sparsity 0.7
pruning starts
loading calibration data
dataset loading complete
after adjustment [0.32154387 0.33052334 0.35553527 0.40382937 0.3556912  0.34425825
 0.36281928 0.35440147 0.34041196 0.33683133 0.33567408 0.3330906
 0.33067206 0.32056895 0.31427026 0.29846182 0.28695586 0.27979746
 0.27319846 0.26702517 0.2621449  0.26242876 0.25932163 0.2589753
 0.25523868 0.25864556 0.25183204 0.24919166 0.24809445 0.24382937
 0.24520025 0.25953785] mean 0.3 max 0.40382937 min 0.24382937
pruning layer 0 name self_attn.q_proj
pruning layer 0 name self_attn.k_proj
pruning layer 0 name self_attn.v_proj
pruning layer 0 name self_attn.o_proj
pruning layer 0 name mlp.gate_proj
pruning layer 0 name mlp.down_proj
pruning layer 0 name mlp.up_proj
pruning layer 1 name self_attn.q_proj
pruning layer 1 name self_attn.k_proj
pruning layer 1 name self_attn.v_proj
pruning layer 1 name self_attn.o_proj
pruning layer 1 name mlp.gate_proj
pruning layer 1 name mlp.down_proj
pruning layer 1 name mlp.up_proj
pruning layer 2 name self_attn.q_proj
pruning layer 2 name self_attn.k_proj
pruning layer 2 name self_attn.v_proj
pruning layer 2 name self_attn.o_proj
pruning layer 2 name mlp.gate_proj
pruning layer 2 name mlp.down_proj
pruning layer 2 name mlp.up_proj
pruning layer 3 name self_attn.q_proj
pruning layer 3 name self_attn.k_proj
pruning layer 3 name self_attn.v_proj
pruning layer 3 name self_attn.o_proj
pruning layer 3 name mlp.gate_proj
pruning layer 3 name mlp.down_proj
pruning layer 3 name mlp.up_proj
pruning layer 4 name self_attn.q_proj
pruning layer 4 name self_attn.k_proj
pruning layer 4 name self_attn.v_proj
pruning layer 4 name self_attn.o_proj
pruning layer 4 name mlp.gate_proj
pruning layer 4 name mlp.down_proj
pruning layer 4 name mlp.up_proj
pruning layer 5 name self_attn.q_proj
pruning layer 5 name self_attn.k_proj
pruning layer 5 name self_attn.v_proj
pruning layer 5 name self_attn.o_proj
pruning layer 5 name mlp.gate_proj
pruning layer 5 name mlp.down_proj
pruning layer 5 name mlp.up_proj
pruning layer 6 name self_attn.q_proj
pruning layer 6 name self_attn.k_proj
pruning layer 6 name self_attn.v_proj
pruning layer 6 name self_attn.o_proj
pruning layer 6 name mlp.gate_proj
pruning layer 6 name mlp.down_proj
pruning layer 6 name mlp.up_proj
pruning layer 7 name self_attn.q_proj
pruning layer 7 name self_attn.k_proj
pruning layer 7 name self_attn.v_proj
pruning layer 7 name self_attn.o_proj
pruning layer 7 name mlp.gate_proj
pruning layer 7 name mlp.down_proj
pruning layer 7 name mlp.up_proj
pruning layer 8 name self_attn.q_proj
pruning layer 8 name self_attn.k_proj
pruning layer 8 name self_attn.v_proj
pruning layer 8 name self_attn.o_proj
pruning layer 8 name mlp.gate_proj
pruning layer 8 name mlp.down_proj
pruning layer 8 name mlp.up_proj
pruning layer 9 name self_attn.q_proj
pruning layer 9 name self_attn.k_proj
pruning layer 9 name self_attn.v_proj
pruning layer 9 name self_attn.o_proj
pruning layer 9 name mlp.gate_proj
pruning layer 9 name mlp.down_proj
pruning layer 9 name mlp.up_proj
pruning layer 10 name self_attn.q_proj
pruning layer 10 name self_attn.k_proj
pruning layer 10 name self_attn.v_proj
pruning layer 10 name self_attn.o_proj
pruning layer 10 name mlp.gate_proj
pruning layer 10 name mlp.down_proj
pruning layer 10 name mlp.up_proj
pruning layer 11 name self_attn.q_proj
pruning layer 11 name self_attn.k_proj
pruning layer 11 name self_attn.v_proj
pruning layer 11 name self_attn.o_proj
pruning layer 11 name mlp.gate_proj
pruning layer 11 name mlp.down_proj
pruning layer 11 name mlp.up_proj
pruning layer 12 name self_attn.q_proj
pruning layer 12 name self_attn.k_proj
pruning layer 12 name self_attn.v_proj
pruning layer 12 name self_attn.o_proj
pruning layer 12 name mlp.gate_proj
pruning layer 12 name mlp.down_proj
pruning layer 12 name mlp.up_proj
pruning layer 13 name self_attn.q_proj
pruning layer 13 name self_attn.k_proj
pruning layer 13 name self_attn.v_proj
pruning layer 13 name self_attn.o_proj
pruning layer 13 name mlp.gate_proj
pruning layer 13 name mlp.down_proj
pruning layer 13 name mlp.up_proj
pruning layer 14 name self_attn.q_proj
pruning layer 14 name self_attn.k_proj
pruning layer 14 name self_attn.v_proj
pruning layer 14 name self_attn.o_proj
pruning layer 14 name mlp.gate_proj
pruning layer 14 name mlp.down_proj
pruning layer 14 name mlp.up_proj
pruning layer 15 name self_attn.q_proj
pruning layer 15 name self_attn.k_proj
pruning layer 15 name self_attn.v_proj
pruning layer 15 name self_attn.o_proj
pruning layer 15 name mlp.gate_proj
pruning layer 15 name mlp.down_proj
pruning layer 15 name mlp.up_proj
pruning layer 16 name self_attn.q_proj
pruning layer 16 name self_attn.k_proj
pruning layer 16 name self_attn.v_proj
pruning layer 16 name self_attn.o_proj
pruning layer 16 name mlp.gate_proj
pruning layer 16 name mlp.down_proj
pruning layer 16 name mlp.up_proj
pruning layer 17 name self_attn.q_proj
pruning layer 17 name self_attn.k_proj
pruning layer 17 name self_attn.v_proj
pruning layer 17 name self_attn.o_proj
pruning layer 17 name mlp.gate_proj
pruning layer 17 name mlp.down_proj
pruning layer 17 name mlp.up_proj
pruning layer 18 name self_attn.q_proj
pruning layer 18 name self_attn.k_proj
pruning layer 18 name self_attn.v_proj
pruning layer 18 name self_attn.o_proj
pruning layer 18 name mlp.gate_proj
pruning layer 18 name mlp.down_proj
pruning layer 18 name mlp.up_proj
pruning layer 19 name self_attn.q_proj
pruning layer 19 name self_attn.k_proj
pruning layer 19 name self_attn.v_proj
pruning layer 19 name self_attn.o_proj
pruning layer 19 name mlp.gate_proj
pruning layer 19 name mlp.down_proj
pruning layer 19 name mlp.up_proj
pruning layer 20 name self_attn.q_proj
pruning layer 20 name self_attn.k_proj
pruning layer 20 name self_attn.v_proj
pruning layer 20 name self_attn.o_proj
pruning layer 20 name mlp.gate_proj
pruning layer 20 name mlp.down_proj
pruning layer 20 name mlp.up_proj
pruning layer 21 name self_attn.q_proj
pruning layer 21 name self_attn.k_proj
pruning layer 21 name self_attn.v_proj
pruning layer 21 name self_attn.o_proj
pruning layer 21 name mlp.gate_proj
pruning layer 21 name mlp.down_proj
pruning layer 21 name mlp.up_proj
pruning layer 22 name self_attn.q_proj
pruning layer 22 name self_attn.k_proj
pruning layer 22 name self_attn.v_proj
pruning layer 22 name self_attn.o_proj
pruning layer 22 name mlp.gate_proj
pruning layer 22 name mlp.down_proj
pruning layer 22 name mlp.up_proj
pruning layer 23 name self_attn.q_proj
pruning layer 23 name self_attn.k_proj
pruning layer 23 name self_attn.v_proj
pruning layer 23 name self_attn.o_proj
pruning layer 23 name mlp.gate_proj
pruning layer 23 name mlp.down_proj
pruning layer 23 name mlp.up_proj
pruning layer 24 name self_attn.q_proj
pruning layer 24 name self_attn.k_proj
pruning layer 24 name self_attn.v_proj
pruning layer 24 name self_attn.o_proj
pruning layer 24 name mlp.gate_proj
pruning layer 24 name mlp.down_proj
pruning layer 24 name mlp.up_proj
pruning layer 25 name self_attn.q_proj
pruning layer 25 name self_attn.k_proj
pruning layer 25 name self_attn.v_proj
pruning layer 25 name self_attn.o_proj
pruning layer 25 name mlp.gate_proj
pruning layer 25 name mlp.down_proj
pruning layer 25 name mlp.up_proj
pruning layer 26 name self_attn.q_proj
pruning layer 26 name self_attn.k_proj
pruning layer 26 name self_attn.v_proj
pruning layer 26 name self_attn.o_proj
pruning layer 26 name mlp.gate_proj
pruning layer 26 name mlp.down_proj
pruning layer 26 name mlp.up_proj
pruning layer 27 name self_attn.q_proj
pruning layer 27 name self_attn.k_proj
pruning layer 27 name self_attn.v_proj
pruning layer 27 name self_attn.o_proj
pruning layer 27 name mlp.gate_proj
pruning layer 27 name mlp.down_proj
pruning layer 27 name mlp.up_proj
pruning layer 28 name self_attn.q_proj
pruning layer 28 name self_attn.k_proj
pruning layer 28 name self_attn.v_proj
pruning layer 28 name self_attn.o_proj
pruning layer 28 name mlp.gate_proj
pruning layer 28 name mlp.down_proj
pruning layer 28 name mlp.up_proj
pruning layer 29 name self_attn.q_proj
pruning layer 29 name self_attn.k_proj
pruning layer 29 name self_attn.v_proj
pruning layer 29 name self_attn.o_proj
pruning layer 29 name mlp.gate_proj
pruning layer 29 name mlp.down_proj
pruning layer 29 name mlp.up_proj
pruning layer 30 name self_attn.q_proj
pruning layer 30 name self_attn.k_proj
pruning layer 30 name self_attn.v_proj
pruning layer 30 name self_attn.o_proj
pruning layer 30 name mlp.gate_proj
pruning layer 30 name mlp.down_proj
pruning layer 30 name mlp.up_proj
pruning layer 31 name self_attn.q_proj
pruning layer 31 name self_attn.k_proj
pruning layer 31 name self_attn.v_proj
pruning layer 31 name self_attn.o_proj
pruning layer 31 name mlp.gate_proj
pruning layer 31 name mlp.down_proj
pruning layer 31 name mlp.up_proj
******************************
layer 0 sparsity 0.678266
layer 1 sparsity 0.669431
layer 2 sparsity 0.644321
layer 3 sparsity 0.595984
layer 4 sparsity 0.644281
layer 5 sparsity 0.655559
layer 6 sparsity 0.637010
layer 7 sparsity 0.645513
layer 8 sparsity 0.659445
layer 9 sparsity 0.663101
layer 10 sparsity 0.664293
layer 11 sparsity 0.666777
layer 12 sparsity 0.669201
layer 13 sparsity 0.679247
layer 14 sparsity 0.685577
layer 15 sparsity 0.701432
layer 16 sparsity 0.712921
layer 17 sparsity 0.720002
layer 18 sparsity 0.726603
layer 19 sparsity 0.732913
layer 20 sparsity 0.737801
layer 21 sparsity 0.737550
layer 22 sparsity 0.740515
layer 23 sparsity 0.740976
layer 24 sparsity 0.744652
layer 25 sparsity 0.741226
layer 26 sparsity 0.748057
layer 27 sparsity 0.750731
layer 28 sparsity 0.751733
layer 29 sparsity 0.756100
layer 30 sparsity 0.754658
layer 31 sparsity 0.740285
sparsity sanity check 0.6999
******************************
evaluating on wikitext2
nsamples 166
sample 0
sample 50
sample 100
sample 150
begin calcualte ppl
[TIME] this run took 440.34 seconds (7.34 min)
[RESULT] final ppl on wikitext = 30.6834
===== 1|0.01|0.5|linear|0.019|0.01|True | 444s | exit=0 =====
/home/xiaokang/miniconda3/envs/prune_llm/lib/python3.9/site-packages/torch/torch_version.py:3: UserWarning: pkg_resources is deprecated as an API. See https://setuptools.pypa.io/en/latest/pkg_resources.html. The pkg_resources package is slated for removal as early as 2025-11-30. Refrain from using this package or pin to Setuptools<81.
  from pkg_resources import packaging  # type: ignore[attr-defined]
[DEBUG] running: /home/xiaokang/OWL/OWL-version2/risk-prune/main.py
[DEBUG] HF_ENDPOINT env: None
[DEBUG] HfApi endpoint: https://huggingface.co
# of gpus:  1
[DEBUG] Parsed args:
  nsamples               = 32
  risk_k                 = 1
  risk_probe             = 0.01
  risk_decay             = 0.5
  risk_decay_type        = linear
  risk_decay_beta        = 0.019
  risk_alpha             = 0.01
  consider_current_layer_in_risk = True
Loading checkpoint shards:   0%|          | 0/2 [00:00<?, ?it/s]Loading checkpoint shards:  50%|█████     | 1/2 [00:03<00:03,  3.64s/it]Loading checkpoint shards: 100%|██████████| 2/2 [00:05<00:00,  2.32s/it]Loading checkpoint shards: 100%|██████████| 2/2 [00:05<00:00,  2.52s/it]
use device  cuda:0
target sparsity 0.7
pruning starts
loading calibration data
dataset loading complete
after adjustment [0.32154387 0.33052334 0.35553527 0.40382937 0.3556912  0.34425825
 0.36281928 0.35440147 0.34041196 0.33683133 0.33567408 0.3330906
 0.33067206 0.32056895 0.31427026 0.29846182 0.28695586 0.27979746
 0.27319846 0.26702517 0.2621449  0.26242876 0.25932163 0.2589753
 0.25523868 0.25864556 0.25183204 0.24919166 0.24809445 0.24382937
 0.24520025 0.25953785] mean 0.3 max 0.40382937 min 0.24382937
pruning layer 0 name self_attn.q_proj
pruning layer 0 name self_attn.k_proj
pruning layer 0 name self_attn.v_proj
pruning layer 0 name self_attn.o_proj
pruning layer 0 name mlp.gate_proj
pruning layer 0 name mlp.down_proj
pruning layer 0 name mlp.up_proj
pruning layer 1 name self_attn.q_proj
pruning layer 1 name self_attn.k_proj
pruning layer 1 name self_attn.v_proj
pruning layer 1 name self_attn.o_proj
pruning layer 1 name mlp.gate_proj
pruning layer 1 name mlp.down_proj
pruning layer 1 name mlp.up_proj
pruning layer 2 name self_attn.q_proj
pruning layer 2 name self_attn.k_proj
pruning layer 2 name self_attn.v_proj
pruning layer 2 name self_attn.o_proj
pruning layer 2 name mlp.gate_proj
pruning layer 2 name mlp.down_proj
pruning layer 2 name mlp.up_proj
pruning layer 3 name self_attn.q_proj
pruning layer 3 name self_attn.k_proj
pruning layer 3 name self_attn.v_proj
pruning layer 3 name self_attn.o_proj
pruning layer 3 name mlp.gate_proj
pruning layer 3 name mlp.down_proj
pruning layer 3 name mlp.up_proj
pruning layer 4 name self_attn.q_proj
pruning layer 4 name self_attn.k_proj
pruning layer 4 name self_attn.v_proj
pruning layer 4 name self_attn.o_proj
pruning layer 4 name mlp.gate_proj
pruning layer 4 name mlp.down_proj
pruning layer 4 name mlp.up_proj
pruning layer 5 name self_attn.q_proj
pruning layer 5 name self_attn.k_proj
pruning layer 5 name self_attn.v_proj
pruning layer 5 name self_attn.o_proj
pruning layer 5 name mlp.gate_proj
pruning layer 5 name mlp.down_proj
pruning layer 5 name mlp.up_proj
pruning layer 6 name self_attn.q_proj
pruning layer 6 name self_attn.k_proj
pruning layer 6 name self_attn.v_proj
pruning layer 6 name self_attn.o_proj
pruning layer 6 name mlp.gate_proj
pruning layer 6 name mlp.down_proj
pruning layer 6 name mlp.up_proj
pruning layer 7 name self_attn.q_proj
pruning layer 7 name self_attn.k_proj
pruning layer 7 name self_attn.v_proj
pruning layer 7 name self_attn.o_proj
pruning layer 7 name mlp.gate_proj
pruning layer 7 name mlp.down_proj
pruning layer 7 name mlp.up_proj
pruning layer 8 name self_attn.q_proj
pruning layer 8 name self_attn.k_proj
pruning layer 8 name self_attn.v_proj
pruning layer 8 name self_attn.o_proj
pruning layer 8 name mlp.gate_proj
pruning layer 8 name mlp.down_proj
pruning layer 8 name mlp.up_proj
pruning layer 9 name self_attn.q_proj
pruning layer 9 name self_attn.k_proj
pruning layer 9 name self_attn.v_proj
pruning layer 9 name self_attn.o_proj
pruning layer 9 name mlp.gate_proj
pruning layer 9 name mlp.down_proj
pruning layer 9 name mlp.up_proj
pruning layer 10 name self_attn.q_proj
pruning layer 10 name self_attn.k_proj
pruning layer 10 name self_attn.v_proj
pruning layer 10 name self_attn.o_proj
pruning layer 10 name mlp.gate_proj
pruning layer 10 name mlp.down_proj
pruning layer 10 name mlp.up_proj
pruning layer 11 name self_attn.q_proj
pruning layer 11 name self_attn.k_proj
pruning layer 11 name self_attn.v_proj
pruning layer 11 name self_attn.o_proj
pruning layer 11 name mlp.gate_proj
pruning layer 11 name mlp.down_proj
pruning layer 11 name mlp.up_proj
pruning layer 12 name self_attn.q_proj
pruning layer 12 name self_attn.k_proj
pruning layer 12 name self_attn.v_proj
pruning layer 12 name self_attn.o_proj
pruning layer 12 name mlp.gate_proj
pruning layer 12 name mlp.down_proj
pruning layer 12 name mlp.up_proj
pruning layer 13 name self_attn.q_proj
pruning layer 13 name self_attn.k_proj
pruning layer 13 name self_attn.v_proj
pruning layer 13 name self_attn.o_proj
pruning layer 13 name mlp.gate_proj
pruning layer 13 name mlp.down_proj
pruning layer 13 name mlp.up_proj
pruning layer 14 name self_attn.q_proj
pruning layer 14 name self_attn.k_proj
pruning layer 14 name self_attn.v_proj
pruning layer 14 name self_attn.o_proj
pruning layer 14 name mlp.gate_proj
pruning layer 14 name mlp.down_proj
pruning layer 14 name mlp.up_proj
pruning layer 15 name self_attn.q_proj
pruning layer 15 name self_attn.k_proj
pruning layer 15 name self_attn.v_proj
pruning layer 15 name self_attn.o_proj
pruning layer 15 name mlp.gate_proj
pruning layer 15 name mlp.down_proj
pruning layer 15 name mlp.up_proj
pruning layer 16 name self_attn.q_proj
pruning layer 16 name self_attn.k_proj
pruning layer 16 name self_attn.v_proj
pruning layer 16 name self_attn.o_proj
pruning layer 16 name mlp.gate_proj
pruning layer 16 name mlp.down_proj
pruning layer 16 name mlp.up_proj
pruning layer 17 name self_attn.q_proj
pruning layer 17 name self_attn.k_proj
pruning layer 17 name self_attn.v_proj
pruning layer 17 name self_attn.o_proj
pruning layer 17 name mlp.gate_proj
pruning layer 17 name mlp.down_proj
pruning layer 17 name mlp.up_proj
pruning layer 18 name self_attn.q_proj
pruning layer 18 name self_attn.k_proj
pruning layer 18 name self_attn.v_proj
pruning layer 18 name self_attn.o_proj
pruning layer 18 name mlp.gate_proj
pruning layer 18 name mlp.down_proj
pruning layer 18 name mlp.up_proj
pruning layer 19 name self_attn.q_proj
pruning layer 19 name self_attn.k_proj
pruning layer 19 name self_attn.v_proj
pruning layer 19 name self_attn.o_proj
pruning layer 19 name mlp.gate_proj
pruning layer 19 name mlp.down_proj
pruning layer 19 name mlp.up_proj
pruning layer 20 name self_attn.q_proj
pruning layer 20 name self_attn.k_proj
pruning layer 20 name self_attn.v_proj
pruning layer 20 name self_attn.o_proj
pruning layer 20 name mlp.gate_proj
pruning layer 20 name mlp.down_proj
pruning layer 20 name mlp.up_proj
pruning layer 21 name self_attn.q_proj
pruning layer 21 name self_attn.k_proj
pruning layer 21 name self_attn.v_proj
pruning layer 21 name self_attn.o_proj
pruning layer 21 name mlp.gate_proj
pruning layer 21 name mlp.down_proj
pruning layer 21 name mlp.up_proj
pruning layer 22 name self_attn.q_proj
pruning layer 22 name self_attn.k_proj
pruning layer 22 name self_attn.v_proj
pruning layer 22 name self_attn.o_proj
pruning layer 22 name mlp.gate_proj
pruning layer 22 name mlp.down_proj
pruning layer 22 name mlp.up_proj
pruning layer 23 name self_attn.q_proj
pruning layer 23 name self_attn.k_proj
pruning layer 23 name self_attn.v_proj
pruning layer 23 name self_attn.o_proj
pruning layer 23 name mlp.gate_proj
pruning layer 23 name mlp.down_proj
pruning layer 23 name mlp.up_proj
pruning layer 24 name self_attn.q_proj
pruning layer 24 name self_attn.k_proj
pruning layer 24 name self_attn.v_proj
pruning layer 24 name self_attn.o_proj
pruning layer 24 name mlp.gate_proj
pruning layer 24 name mlp.down_proj
pruning layer 24 name mlp.up_proj
pruning layer 25 name self_attn.q_proj
pruning layer 25 name self_attn.k_proj
pruning layer 25 name self_attn.v_proj
pruning layer 25 name self_attn.o_proj
pruning layer 25 name mlp.gate_proj
pruning layer 25 name mlp.down_proj
pruning layer 25 name mlp.up_proj
pruning layer 26 name self_attn.q_proj
pruning layer 26 name self_attn.k_proj
pruning layer 26 name self_attn.v_proj
pruning layer 26 name self_attn.o_proj
pruning layer 26 name mlp.gate_proj
pruning layer 26 name mlp.down_proj
pruning layer 26 name mlp.up_proj
pruning layer 27 name self_attn.q_proj
pruning layer 27 name self_attn.k_proj
pruning layer 27 name self_attn.v_proj
pruning layer 27 name self_attn.o_proj
pruning layer 27 name mlp.gate_proj
pruning layer 27 name mlp.down_proj
pruning layer 27 name mlp.up_proj
pruning layer 28 name self_attn.q_proj
pruning layer 28 name self_attn.k_proj
pruning layer 28 name self_attn.v_proj
pruning layer 28 name self_attn.o_proj
pruning layer 28 name mlp.gate_proj
pruning layer 28 name mlp.down_proj
pruning layer 28 name mlp.up_proj
pruning layer 29 name self_attn.q_proj
pruning layer 29 name self_attn.k_proj
pruning layer 29 name self_attn.v_proj
pruning layer 29 name self_attn.o_proj
pruning layer 29 name mlp.gate_proj
pruning layer 29 name mlp.down_proj
pruning layer 29 name mlp.up_proj
pruning layer 30 name self_attn.q_proj
pruning layer 30 name self_attn.k_proj
pruning layer 30 name self_attn.v_proj
pruning layer 30 name self_attn.o_proj
pruning layer 30 name mlp.gate_proj
pruning layer 30 name mlp.down_proj
pruning layer 30 name mlp.up_proj
pruning layer 31 name self_attn.q_proj
pruning layer 31 name self_attn.k_proj
pruning layer 31 name self_attn.v_proj
pruning layer 31 name self_attn.o_proj
pruning layer 31 name mlp.gate_proj
pruning layer 31 name mlp.down_proj
pruning layer 31 name mlp.up_proj
******************************
layer 0 sparsity 0.678266
layer 1 sparsity 0.669431
layer 2 sparsity 0.644321
layer 3 sparsity 0.595984
layer 4 sparsity 0.644281
layer 5 sparsity 0.655559
layer 6 sparsity 0.637010
layer 7 sparsity 0.645513
layer 8 sparsity 0.659445
layer 9 sparsity 0.663101
layer 10 sparsity 0.664293
layer 11 sparsity 0.666777
layer 12 sparsity 0.669201
layer 13 sparsity 0.679247
layer 14 sparsity 0.685577
layer 15 sparsity 0.701432
layer 16 sparsity 0.712921
layer 17 sparsity 0.720002
layer 18 sparsity 0.726603
layer 19 sparsity 0.732913
layer 20 sparsity 0.737801
layer 21 sparsity 0.737550
layer 22 sparsity 0.740515
layer 23 sparsity 0.740976
layer 24 sparsity 0.744652
layer 25 sparsity 0.741226
layer 26 sparsity 0.748057
layer 27 sparsity 0.750731
layer 28 sparsity 0.751733
layer 29 sparsity 0.756100
layer 30 sparsity 0.754658
layer 31 sparsity 0.740285
sparsity sanity check 0.6999
******************************
evaluating on wikitext2
nsamples 166
sample 0
sample 50
sample 100
sample 150
begin calcualte ppl
[TIME] this run took 440.64 seconds (7.34 min)
[RESULT] final ppl on wikitext = 30.6834
===== 1|0.01|0.5|linear|0.019|0.05|False | 444s | exit=0 =====
/home/xiaokang/miniconda3/envs/prune_llm/lib/python3.9/site-packages/torch/torch_version.py:3: UserWarning: pkg_resources is deprecated as an API. See https://setuptools.pypa.io/en/latest/pkg_resources.html. The pkg_resources package is slated for removal as early as 2025-11-30. Refrain from using this package or pin to Setuptools<81.
  from pkg_resources import packaging  # type: ignore[attr-defined]
[DEBUG] running: /home/xiaokang/OWL/OWL-version2/risk-prune/main.py
[DEBUG] HF_ENDPOINT env: None
[DEBUG] HfApi endpoint: https://huggingface.co
# of gpus:  1
[DEBUG] Parsed args:
  nsamples               = 32
  risk_k                 = 1
  risk_probe             = 0.01
  risk_decay             = 0.5
  risk_decay_type        = linear
  risk_decay_beta        = 0.019
  risk_alpha             = 0.05
  consider_current_layer_in_risk = True
Loading checkpoint shards:   0%|          | 0/2 [00:00<?, ?it/s]Loading checkpoint shards:  50%|█████     | 1/2 [00:03<00:03,  3.78s/it]Loading checkpoint shards: 100%|██████████| 2/2 [00:05<00:00,  2.39s/it]Loading checkpoint shards: 100%|██████████| 2/2 [00:05<00:00,  2.60s/it]
use device  cuda:0
target sparsity 0.7
pruning starts
loading calibration data
dataset loading complete
after adjustment [0.3229406  0.33425453 0.3551203  0.40366083 0.35537934 0.34393337
 0.3626097  0.3542012  0.34020534 0.33664834 0.33552033 0.33295837
 0.33055747 0.32042444 0.31414682 0.29833135 0.28684944 0.27963364
 0.27305084 0.26686853 0.2620136  0.26227504 0.25919572 0.25885677
 0.2551     0.2585715  0.25173983 0.24905704 0.24796084 0.24366084
 0.24571753 0.2585568 ] mean 0.3 max 0.40366083 min 0.24366084
pruning layer 0 name self_attn.q_proj
pruning layer 0 name self_attn.k_proj
pruning layer 0 name self_attn.v_proj
pruning layer 0 name self_attn.o_proj
pruning layer 0 name mlp.gate_proj
pruning layer 0 name mlp.down_proj
pruning layer 0 name mlp.up_proj
pruning layer 1 name self_attn.q_proj
pruning layer 1 name self_attn.k_proj
pruning layer 1 name self_attn.v_proj
pruning layer 1 name self_attn.o_proj
pruning layer 1 name mlp.gate_proj
pruning layer 1 name mlp.down_proj
pruning layer 1 name mlp.up_proj
pruning layer 2 name self_attn.q_proj
pruning layer 2 name self_attn.k_proj
pruning layer 2 name self_attn.v_proj
pruning layer 2 name self_attn.o_proj
pruning layer 2 name mlp.gate_proj
pruning layer 2 name mlp.down_proj
pruning layer 2 name mlp.up_proj
pruning layer 3 name self_attn.q_proj
pruning layer 3 name self_attn.k_proj
pruning layer 3 name self_attn.v_proj
pruning layer 3 name self_attn.o_proj
pruning layer 3 name mlp.gate_proj
pruning layer 3 name mlp.down_proj
pruning layer 3 name mlp.up_proj
pruning layer 4 name self_attn.q_proj
pruning layer 4 name self_attn.k_proj
pruning layer 4 name self_attn.v_proj
pruning layer 4 name self_attn.o_proj
pruning layer 4 name mlp.gate_proj
pruning layer 4 name mlp.down_proj
pruning layer 4 name mlp.up_proj
pruning layer 5 name self_attn.q_proj
pruning layer 5 name self_attn.k_proj
pruning layer 5 name self_attn.v_proj
pruning layer 5 name self_attn.o_proj
pruning layer 5 name mlp.gate_proj
pruning layer 5 name mlp.down_proj
pruning layer 5 name mlp.up_proj
pruning layer 6 name self_attn.q_proj
pruning layer 6 name self_attn.k_proj
pruning layer 6 name self_attn.v_proj
pruning layer 6 name self_attn.o_proj
pruning layer 6 name mlp.gate_proj
pruning layer 6 name mlp.down_proj
pruning layer 6 name mlp.up_proj
pruning layer 7 name self_attn.q_proj
pruning layer 7 name self_attn.k_proj
pruning layer 7 name self_attn.v_proj
pruning layer 7 name self_attn.o_proj
pruning layer 7 name mlp.gate_proj
pruning layer 7 name mlp.down_proj
pruning layer 7 name mlp.up_proj
pruning layer 8 name self_attn.q_proj
pruning layer 8 name self_attn.k_proj
pruning layer 8 name self_attn.v_proj
pruning layer 8 name self_attn.o_proj
pruning layer 8 name mlp.gate_proj
pruning layer 8 name mlp.down_proj
pruning layer 8 name mlp.up_proj
pruning layer 9 name self_attn.q_proj
pruning layer 9 name self_attn.k_proj
pruning layer 9 name self_attn.v_proj
pruning layer 9 name self_attn.o_proj
pruning layer 9 name mlp.gate_proj
pruning layer 9 name mlp.down_proj
pruning layer 9 name mlp.up_proj
pruning layer 10 name self_attn.q_proj
pruning layer 10 name self_attn.k_proj
pruning layer 10 name self_attn.v_proj
pruning layer 10 name self_attn.o_proj
pruning layer 10 name mlp.gate_proj
pruning layer 10 name mlp.down_proj
pruning layer 10 name mlp.up_proj
pruning layer 11 name self_attn.q_proj
pruning layer 11 name self_attn.k_proj
pruning layer 11 name self_attn.v_proj
pruning layer 11 name self_attn.o_proj
pruning layer 11 name mlp.gate_proj
pruning layer 11 name mlp.down_proj
pruning layer 11 name mlp.up_proj
pruning layer 12 name self_attn.q_proj
pruning layer 12 name self_attn.k_proj
pruning layer 12 name self_attn.v_proj
pruning layer 12 name self_attn.o_proj
pruning layer 12 name mlp.gate_proj
pruning layer 12 name mlp.down_proj
pruning layer 12 name mlp.up_proj
pruning layer 13 name self_attn.q_proj
pruning layer 13 name self_attn.k_proj
pruning layer 13 name self_attn.v_proj
pruning layer 13 name self_attn.o_proj
pruning layer 13 name mlp.gate_proj
pruning layer 13 name mlp.down_proj
pruning layer 13 name mlp.up_proj
pruning layer 14 name self_attn.q_proj
pruning layer 14 name self_attn.k_proj
pruning layer 14 name self_attn.v_proj
pruning layer 14 name self_attn.o_proj
pruning layer 14 name mlp.gate_proj
pruning layer 14 name mlp.down_proj
pruning layer 14 name mlp.up_proj
pruning layer 15 name self_attn.q_proj
pruning layer 15 name self_attn.k_proj
pruning layer 15 name self_attn.v_proj
pruning layer 15 name self_attn.o_proj
pruning layer 15 name mlp.gate_proj
pruning layer 15 name mlp.down_proj
pruning layer 15 name mlp.up_proj
pruning layer 16 name self_attn.q_proj
pruning layer 16 name self_attn.k_proj
pruning layer 16 name self_attn.v_proj
pruning layer 16 name self_attn.o_proj
pruning layer 16 name mlp.gate_proj
pruning layer 16 name mlp.down_proj
pruning layer 16 name mlp.up_proj
pruning layer 17 name self_attn.q_proj
pruning layer 17 name self_attn.k_proj
pruning layer 17 name self_attn.v_proj
pruning layer 17 name self_attn.o_proj
pruning layer 17 name mlp.gate_proj
pruning layer 17 name mlp.down_proj
pruning layer 17 name mlp.up_proj
pruning layer 18 name self_attn.q_proj
pruning layer 18 name self_attn.k_proj
pruning layer 18 name self_attn.v_proj
pruning layer 18 name self_attn.o_proj
pruning layer 18 name mlp.gate_proj
pruning layer 18 name mlp.down_proj
pruning layer 18 name mlp.up_proj
pruning layer 19 name self_attn.q_proj
pruning layer 19 name self_attn.k_proj
pruning layer 19 name self_attn.v_proj
pruning layer 19 name self_attn.o_proj
pruning layer 19 name mlp.gate_proj
pruning layer 19 name mlp.down_proj
pruning layer 19 name mlp.up_proj
pruning layer 20 name self_attn.q_proj
pruning layer 20 name self_attn.k_proj
pruning layer 20 name self_attn.v_proj
pruning layer 20 name self_attn.o_proj
pruning layer 20 name mlp.gate_proj
pruning layer 20 name mlp.down_proj
pruning layer 20 name mlp.up_proj
pruning layer 21 name self_attn.q_proj
pruning layer 21 name self_attn.k_proj
pruning layer 21 name self_attn.v_proj
pruning layer 21 name self_attn.o_proj
pruning layer 21 name mlp.gate_proj
pruning layer 21 name mlp.down_proj
pruning layer 21 name mlp.up_proj
pruning layer 22 name self_attn.q_proj
pruning layer 22 name self_attn.k_proj
pruning layer 22 name self_attn.v_proj
pruning layer 22 name self_attn.o_proj
pruning layer 22 name mlp.gate_proj
pruning layer 22 name mlp.down_proj
pruning layer 22 name mlp.up_proj
pruning layer 23 name self_attn.q_proj
pruning layer 23 name self_attn.k_proj
pruning layer 23 name self_attn.v_proj
pruning layer 23 name self_attn.o_proj
pruning layer 23 name mlp.gate_proj
pruning layer 23 name mlp.down_proj
pruning layer 23 name mlp.up_proj
pruning layer 24 name self_attn.q_proj
pruning layer 24 name self_attn.k_proj
pruning layer 24 name self_attn.v_proj
pruning layer 24 name self_attn.o_proj
pruning layer 24 name mlp.gate_proj
pruning layer 24 name mlp.down_proj
pruning layer 24 name mlp.up_proj
pruning layer 25 name self_attn.q_proj
pruning layer 25 name self_attn.k_proj
pruning layer 25 name self_attn.v_proj
pruning layer 25 name self_attn.o_proj
pruning layer 25 name mlp.gate_proj
pruning layer 25 name mlp.down_proj
pruning layer 25 name mlp.up_proj
pruning layer 26 name self_attn.q_proj
pruning layer 26 name self_attn.k_proj
pruning layer 26 name self_attn.v_proj
pruning layer 26 name self_attn.o_proj
pruning layer 26 name mlp.gate_proj
pruning layer 26 name mlp.down_proj
pruning layer 26 name mlp.up_proj
pruning layer 27 name self_attn.q_proj
pruning layer 27 name self_attn.k_proj
pruning layer 27 name self_attn.v_proj
pruning layer 27 name self_attn.o_proj
pruning layer 27 name mlp.gate_proj
pruning layer 27 name mlp.down_proj
pruning layer 27 name mlp.up_proj
pruning layer 28 name self_attn.q_proj
pruning layer 28 name self_attn.k_proj
pruning layer 28 name self_attn.v_proj
pruning layer 28 name self_attn.o_proj
pruning layer 28 name mlp.gate_proj
pruning layer 28 name mlp.down_proj
pruning layer 28 name mlp.up_proj
pruning layer 29 name self_attn.q_proj
pruning layer 29 name self_attn.k_proj
pruning layer 29 name self_attn.v_proj
pruning layer 29 name self_attn.o_proj
pruning layer 29 name mlp.gate_proj
pruning layer 29 name mlp.down_proj
pruning layer 29 name mlp.up_proj
pruning layer 30 name self_attn.q_proj
pruning layer 30 name self_attn.k_proj
pruning layer 30 name self_attn.v_proj
pruning layer 30 name self_attn.o_proj
pruning layer 30 name mlp.gate_proj
pruning layer 30 name mlp.down_proj
pruning layer 30 name mlp.up_proj
pruning layer 31 name self_attn.q_proj
pruning layer 31 name self_attn.k_proj
pruning layer 31 name self_attn.v_proj
pruning layer 31 name self_attn.o_proj
pruning layer 31 name mlp.gate_proj
pruning layer 31 name mlp.down_proj
pruning layer 31 name mlp.up_proj
******************************
layer 0 sparsity 0.677013
layer 1 sparsity 0.665565
layer 2 sparsity 0.644782
layer 3 sparsity 0.596214
layer 4 sparsity 0.644531
layer 5 sparsity 0.656000
layer 6 sparsity 0.637240
layer 7 sparsity 0.645743
layer 8 sparsity 0.659696
layer 9 sparsity 0.663331
layer 10 sparsity 0.664333
layer 11 sparsity 0.666987
layer 12 sparsity 0.669431
layer 13 sparsity 0.679457
layer 14 sparsity 0.685787
layer 15 sparsity 0.701642
layer 16 sparsity 0.713131
layer 17 sparsity 0.720233
layer 18 sparsity 0.726833
layer 19 sparsity 0.732953
layer 20 sparsity 0.737821
layer 21 sparsity 0.737570
layer 22 sparsity 0.740725
layer 23 sparsity 0.740996
layer 24 sparsity 0.744862
layer 25 sparsity 0.741246
layer 26 sparsity 0.748077
layer 27 sparsity 0.750772
layer 28 sparsity 0.751963
layer 29 sparsity 0.756140
layer 30 sparsity 0.754177
layer 31 sparsity 0.741246
sparsity sanity check 0.6999
******************************
evaluating on wikitext2
nsamples 166
sample 0
sample 50
sample 100
sample 150
begin calcualte ppl
[TIME] this run took 441.10 seconds (7.35 min)
[RESULT] final ppl on wikitext = 30.2518
===== 1|0.01|0.5|linear|0.019|0.05|True | 443s | exit=0 =====
/home/xiaokang/miniconda3/envs/prune_llm/lib/python3.9/site-packages/torch/torch_version.py:3: UserWarning: pkg_resources is deprecated as an API. See https://setuptools.pypa.io/en/latest/pkg_resources.html. The pkg_resources package is slated for removal as early as 2025-11-30. Refrain from using this package or pin to Setuptools<81.
  from pkg_resources import packaging  # type: ignore[attr-defined]
[DEBUG] running: /home/xiaokang/OWL/OWL-version2/risk-prune/main.py
[DEBUG] HF_ENDPOINT env: None
[DEBUG] HfApi endpoint: https://huggingface.co
# of gpus:  1
[DEBUG] Parsed args:
  nsamples               = 32
  risk_k                 = 1
  risk_probe             = 0.01
  risk_decay             = 0.5
  risk_decay_type        = linear
  risk_decay_beta        = 0.019
  risk_alpha             = 0.05
  consider_current_layer_in_risk = True
Loading checkpoint shards:   0%|          | 0/2 [00:00<?, ?it/s]Loading checkpoint shards:  50%|█████     | 1/2 [00:03<00:03,  3.79s/it]Loading checkpoint shards: 100%|██████████| 2/2 [00:05<00:00,  2.41s/it]Loading checkpoint shards: 100%|██████████| 2/2 [00:05<00:00,  2.61s/it]
use device  cuda:0
target sparsity 0.7
pruning starts
loading calibration data
dataset loading complete
after adjustment [0.3229406  0.33425453 0.3551203  0.40366083 0.35537934 0.34393337
 0.3626097  0.3542012  0.34020534 0.33664834 0.33552033 0.33295837
 0.33055747 0.32042444 0.31414682 0.29833135 0.28684944 0.27963364
 0.27305084 0.26686853 0.2620136  0.26227504 0.25919572 0.25885677
 0.2551     0.2585715  0.25173983 0.24905704 0.24796084 0.24366084
 0.24571753 0.2585568 ] mean 0.3 max 0.40366083 min 0.24366084
pruning layer 0 name self_attn.q_proj
pruning layer 0 name self_attn.k_proj
pruning layer 0 name self_attn.v_proj
pruning layer 0 name self_attn.o_proj
pruning layer 0 name mlp.gate_proj
pruning layer 0 name mlp.down_proj
pruning layer 0 name mlp.up_proj
pruning layer 1 name self_attn.q_proj
pruning layer 1 name self_attn.k_proj
pruning layer 1 name self_attn.v_proj
pruning layer 1 name self_attn.o_proj
pruning layer 1 name mlp.gate_proj
pruning layer 1 name mlp.down_proj
pruning layer 1 name mlp.up_proj
pruning layer 2 name self_attn.q_proj
pruning layer 2 name self_attn.k_proj
pruning layer 2 name self_attn.v_proj
pruning layer 2 name self_attn.o_proj
pruning layer 2 name mlp.gate_proj
pruning layer 2 name mlp.down_proj
pruning layer 2 name mlp.up_proj
pruning layer 3 name self_attn.q_proj
pruning layer 3 name self_attn.k_proj
pruning layer 3 name self_attn.v_proj
pruning layer 3 name self_attn.o_proj
pruning layer 3 name mlp.gate_proj
pruning layer 3 name mlp.down_proj
pruning layer 3 name mlp.up_proj
pruning layer 4 name self_attn.q_proj
pruning layer 4 name self_attn.k_proj
pruning layer 4 name self_attn.v_proj
pruning layer 4 name self_attn.o_proj
pruning layer 4 name mlp.gate_proj
pruning layer 4 name mlp.down_proj
pruning layer 4 name mlp.up_proj
pruning layer 5 name self_attn.q_proj
pruning layer 5 name self_attn.k_proj
pruning layer 5 name self_attn.v_proj
pruning layer 5 name self_attn.o_proj
pruning layer 5 name mlp.gate_proj
pruning layer 5 name mlp.down_proj
pruning layer 5 name mlp.up_proj
pruning layer 6 name self_attn.q_proj
pruning layer 6 name self_attn.k_proj
pruning layer 6 name self_attn.v_proj
pruning layer 6 name self_attn.o_proj
pruning layer 6 name mlp.gate_proj
pruning layer 6 name mlp.down_proj
pruning layer 6 name mlp.up_proj
pruning layer 7 name self_attn.q_proj
pruning layer 7 name self_attn.k_proj
pruning layer 7 name self_attn.v_proj
pruning layer 7 name self_attn.o_proj
pruning layer 7 name mlp.gate_proj
pruning layer 7 name mlp.down_proj
pruning layer 7 name mlp.up_proj
pruning layer 8 name self_attn.q_proj
pruning layer 8 name self_attn.k_proj
pruning layer 8 name self_attn.v_proj
pruning layer 8 name self_attn.o_proj
pruning layer 8 name mlp.gate_proj
pruning layer 8 name mlp.down_proj
pruning layer 8 name mlp.up_proj
pruning layer 9 name self_attn.q_proj
pruning layer 9 name self_attn.k_proj
pruning layer 9 name self_attn.v_proj
pruning layer 9 name self_attn.o_proj
pruning layer 9 name mlp.gate_proj
pruning layer 9 name mlp.down_proj
pruning layer 9 name mlp.up_proj
pruning layer 10 name self_attn.q_proj
pruning layer 10 name self_attn.k_proj
pruning layer 10 name self_attn.v_proj
pruning layer 10 name self_attn.o_proj
pruning layer 10 name mlp.gate_proj
pruning layer 10 name mlp.down_proj
pruning layer 10 name mlp.up_proj
pruning layer 11 name self_attn.q_proj
pruning layer 11 name self_attn.k_proj
pruning layer 11 name self_attn.v_proj
pruning layer 11 name self_attn.o_proj
pruning layer 11 name mlp.gate_proj
pruning layer 11 name mlp.down_proj
pruning layer 11 name mlp.up_proj
pruning layer 12 name self_attn.q_proj
pruning layer 12 name self_attn.k_proj
pruning layer 12 name self_attn.v_proj
pruning layer 12 name self_attn.o_proj
pruning layer 12 name mlp.gate_proj
pruning layer 12 name mlp.down_proj
pruning layer 12 name mlp.up_proj
pruning layer 13 name self_attn.q_proj
pruning layer 13 name self_attn.k_proj
pruning layer 13 name self_attn.v_proj
pruning layer 13 name self_attn.o_proj
pruning layer 13 name mlp.gate_proj
pruning layer 13 name mlp.down_proj
pruning layer 13 name mlp.up_proj
pruning layer 14 name self_attn.q_proj
pruning layer 14 name self_attn.k_proj
pruning layer 14 name self_attn.v_proj
pruning layer 14 name self_attn.o_proj
pruning layer 14 name mlp.gate_proj
pruning layer 14 name mlp.down_proj
pruning layer 14 name mlp.up_proj
pruning layer 15 name self_attn.q_proj
pruning layer 15 name self_attn.k_proj
pruning layer 15 name self_attn.v_proj
pruning layer 15 name self_attn.o_proj
pruning layer 15 name mlp.gate_proj
pruning layer 15 name mlp.down_proj
pruning layer 15 name mlp.up_proj
pruning layer 16 name self_attn.q_proj
pruning layer 16 name self_attn.k_proj
pruning layer 16 name self_attn.v_proj
pruning layer 16 name self_attn.o_proj
pruning layer 16 name mlp.gate_proj
pruning layer 16 name mlp.down_proj
pruning layer 16 name mlp.up_proj
pruning layer 17 name self_attn.q_proj
pruning layer 17 name self_attn.k_proj
pruning layer 17 name self_attn.v_proj
pruning layer 17 name self_attn.o_proj
pruning layer 17 name mlp.gate_proj
pruning layer 17 name mlp.down_proj
pruning layer 17 name mlp.up_proj
pruning layer 18 name self_attn.q_proj
pruning layer 18 name self_attn.k_proj
pruning layer 18 name self_attn.v_proj
pruning layer 18 name self_attn.o_proj
pruning layer 18 name mlp.gate_proj
pruning layer 18 name mlp.down_proj
pruning layer 18 name mlp.up_proj
pruning layer 19 name self_attn.q_proj
pruning layer 19 name self_attn.k_proj
pruning layer 19 name self_attn.v_proj
pruning layer 19 name self_attn.o_proj
pruning layer 19 name mlp.gate_proj
pruning layer 19 name mlp.down_proj
pruning layer 19 name mlp.up_proj
pruning layer 20 name self_attn.q_proj
pruning layer 20 name self_attn.k_proj
pruning layer 20 name self_attn.v_proj
pruning layer 20 name self_attn.o_proj
pruning layer 20 name mlp.gate_proj
pruning layer 20 name mlp.down_proj
pruning layer 20 name mlp.up_proj
pruning layer 21 name self_attn.q_proj
pruning layer 21 name self_attn.k_proj
pruning layer 21 name self_attn.v_proj
pruning layer 21 name self_attn.o_proj
pruning layer 21 name mlp.gate_proj
pruning layer 21 name mlp.down_proj
pruning layer 21 name mlp.up_proj
pruning layer 22 name self_attn.q_proj
pruning layer 22 name self_attn.k_proj
pruning layer 22 name self_attn.v_proj
pruning layer 22 name self_attn.o_proj
pruning layer 22 name mlp.gate_proj
pruning layer 22 name mlp.down_proj
pruning layer 22 name mlp.up_proj
pruning layer 23 name self_attn.q_proj
pruning layer 23 name self_attn.k_proj
pruning layer 23 name self_attn.v_proj
pruning layer 23 name self_attn.o_proj
pruning layer 23 name mlp.gate_proj
pruning layer 23 name mlp.down_proj
pruning layer 23 name mlp.up_proj
pruning layer 24 name self_attn.q_proj
pruning layer 24 name self_attn.k_proj
pruning layer 24 name self_attn.v_proj
pruning layer 24 name self_attn.o_proj
pruning layer 24 name mlp.gate_proj
pruning layer 24 name mlp.down_proj
pruning layer 24 name mlp.up_proj
pruning layer 25 name self_attn.q_proj
pruning layer 25 name self_attn.k_proj
pruning layer 25 name self_attn.v_proj
pruning layer 25 name self_attn.o_proj
pruning layer 25 name mlp.gate_proj
pruning layer 25 name mlp.down_proj
pruning layer 25 name mlp.up_proj
pruning layer 26 name self_attn.q_proj
pruning layer 26 name self_attn.k_proj
pruning layer 26 name self_attn.v_proj
pruning layer 26 name self_attn.o_proj
pruning layer 26 name mlp.gate_proj
pruning layer 26 name mlp.down_proj
pruning layer 26 name mlp.up_proj
pruning layer 27 name self_attn.q_proj
pruning layer 27 name self_attn.k_proj
pruning layer 27 name self_attn.v_proj
pruning layer 27 name self_attn.o_proj
pruning layer 27 name mlp.gate_proj
pruning layer 27 name mlp.down_proj
pruning layer 27 name mlp.up_proj
pruning layer 28 name self_attn.q_proj
pruning layer 28 name self_attn.k_proj
pruning layer 28 name self_attn.v_proj
pruning layer 28 name self_attn.o_proj
pruning layer 28 name mlp.gate_proj
pruning layer 28 name mlp.down_proj
pruning layer 28 name mlp.up_proj
pruning layer 29 name self_attn.q_proj
pruning layer 29 name self_attn.k_proj
pruning layer 29 name self_attn.v_proj
pruning layer 29 name self_attn.o_proj
pruning layer 29 name mlp.gate_proj
pruning layer 29 name mlp.down_proj
pruning layer 29 name mlp.up_proj
pruning layer 30 name self_attn.q_proj
pruning layer 30 name self_attn.k_proj
pruning layer 30 name self_attn.v_proj
pruning layer 30 name self_attn.o_proj
pruning layer 30 name mlp.gate_proj
pruning layer 30 name mlp.down_proj
pruning layer 30 name mlp.up_proj
pruning layer 31 name self_attn.q_proj
pruning layer 31 name self_attn.k_proj
pruning layer 31 name self_attn.v_proj
pruning layer 31 name self_attn.o_proj
pruning layer 31 name mlp.gate_proj
pruning layer 31 name mlp.down_proj
pruning layer 31 name mlp.up_proj
******************************
layer 0 sparsity 0.677013
layer 1 sparsity 0.665565
layer 2 sparsity 0.644782
layer 3 sparsity 0.596214
layer 4 sparsity 0.644531
layer 5 sparsity 0.656000
layer 6 sparsity 0.637240
layer 7 sparsity 0.645743
layer 8 sparsity 0.659696
layer 9 sparsity 0.663331
layer 10 sparsity 0.664333
layer 11 sparsity 0.666987
layer 12 sparsity 0.669431
layer 13 sparsity 0.679457
layer 14 sparsity 0.685787
layer 15 sparsity 0.701642
layer 16 sparsity 0.713131
layer 17 sparsity 0.720233
layer 18 sparsity 0.726833
layer 19 sparsity 0.732953
layer 20 sparsity 0.737821
layer 21 sparsity 0.737570
layer 22 sparsity 0.740725
layer 23 sparsity 0.740996
layer 24 sparsity 0.744862
layer 25 sparsity 0.741246
layer 26 sparsity 0.748077
layer 27 sparsity 0.750772
layer 28 sparsity 0.751963
layer 29 sparsity 0.756140
layer 30 sparsity 0.754177
layer 31 sparsity 0.741246
sparsity sanity check 0.6999
******************************
evaluating on wikitext2
nsamples 166
sample 0
sample 50
sample 100
sample 150
begin calcualte ppl
[TIME] this run took 440.11 seconds (7.34 min)
[RESULT] final ppl on wikitext = 30.2518
===== 1|0.01|0.5|linear|0.019|0.1|False | 443s | exit=0 =====
/home/xiaokang/miniconda3/envs/prune_llm/lib/python3.9/site-packages/torch/torch_version.py:3: UserWarning: pkg_resources is deprecated as an API. See https://setuptools.pypa.io/en/latest/pkg_resources.html. The pkg_resources package is slated for removal as early as 2025-11-30. Refrain from using this package or pin to Setuptools<81.
  from pkg_resources import packaging  # type: ignore[attr-defined]
[DEBUG] running: /home/xiaokang/OWL/OWL-version2/risk-prune/main.py
[DEBUG] HF_ENDPOINT env: None
[DEBUG] HfApi endpoint: https://huggingface.co
# of gpus:  1
[DEBUG] Parsed args:
  nsamples               = 32
  risk_k                 = 1
  risk_probe             = 0.01
  risk_decay             = 0.5
  risk_decay_type        = linear
  risk_decay_beta        = 0.019
  risk_alpha             = 0.1
  consider_current_layer_in_risk = True
Loading checkpoint shards:   0%|          | 0/2 [00:00<?, ?it/s]Loading checkpoint shards:  50%|█████     | 1/2 [00:03<00:03,  3.63s/it]Loading checkpoint shards: 100%|██████████| 2/2 [00:05<00:00,  2.33s/it]Loading checkpoint shards: 100%|██████████| 2/2 [00:05<00:00,  2.52s/it]
use device  cuda:0
target sparsity 0.7
pruning starts
loading calibration data
dataset loading complete
after adjustment [0.3248817  0.33944002 0.35454357 0.40342665 0.35494602 0.3434819
 0.3623185  0.3539229  0.3399182  0.33639407 0.3353067  0.33277458
 0.33039823 0.3202236  0.31397527 0.29815    0.28670153 0.27940598
 0.2728457  0.26665083 0.26183122 0.26206136 0.25902075 0.25869206
 0.25490734 0.25846854 0.25161168 0.24886997 0.24777514 0.24342664
 0.24643643 0.25719342] mean 0.3 max 0.40342665 min 0.24342664
pruning layer 0 name self_attn.q_proj
pruning layer 0 name self_attn.k_proj
pruning layer 0 name self_attn.v_proj
pruning layer 0 name self_attn.o_proj
pruning layer 0 name mlp.gate_proj
pruning layer 0 name mlp.down_proj
pruning layer 0 name mlp.up_proj
pruning layer 1 name self_attn.q_proj
pruning layer 1 name self_attn.k_proj
pruning layer 1 name self_attn.v_proj
pruning layer 1 name self_attn.o_proj
pruning layer 1 name mlp.gate_proj
pruning layer 1 name mlp.down_proj
pruning layer 1 name mlp.up_proj
pruning layer 2 name self_attn.q_proj
pruning layer 2 name self_attn.k_proj
pruning layer 2 name self_attn.v_proj
pruning layer 2 name self_attn.o_proj
pruning layer 2 name mlp.gate_proj
pruning layer 2 name mlp.down_proj
pruning layer 2 name mlp.up_proj
pruning layer 3 name self_attn.q_proj
pruning layer 3 name self_attn.k_proj
pruning layer 3 name self_attn.v_proj
pruning layer 3 name self_attn.o_proj
pruning layer 3 name mlp.gate_proj
pruning layer 3 name mlp.down_proj
pruning layer 3 name mlp.up_proj
pruning layer 4 name self_attn.q_proj
pruning layer 4 name self_attn.k_proj
pruning layer 4 name self_attn.v_proj
pruning layer 4 name self_attn.o_proj
pruning layer 4 name mlp.gate_proj
pruning layer 4 name mlp.down_proj
pruning layer 4 name mlp.up_proj
pruning layer 5 name self_attn.q_proj
pruning layer 5 name self_attn.k_proj
pruning layer 5 name self_attn.v_proj
pruning layer 5 name self_attn.o_proj
pruning layer 5 name mlp.gate_proj
pruning layer 5 name mlp.down_proj
pruning layer 5 name mlp.up_proj
pruning layer 6 name self_attn.q_proj
pruning layer 6 name self_attn.k_proj
pruning layer 6 name self_attn.v_proj
pruning layer 6 name self_attn.o_proj
pruning layer 6 name mlp.gate_proj
pruning layer 6 name mlp.down_proj
pruning layer 6 name mlp.up_proj
pruning layer 7 name self_attn.q_proj
pruning layer 7 name self_attn.k_proj
pruning layer 7 name self_attn.v_proj
pruning layer 7 name self_attn.o_proj
pruning layer 7 name mlp.gate_proj
pruning layer 7 name mlp.down_proj
pruning layer 7 name mlp.up_proj
pruning layer 8 name self_attn.q_proj
pruning layer 8 name self_attn.k_proj
pruning layer 8 name self_attn.v_proj
pruning layer 8 name self_attn.o_proj
pruning layer 8 name mlp.gate_proj
pruning layer 8 name mlp.down_proj
pruning layer 8 name mlp.up_proj
pruning layer 9 name self_attn.q_proj
pruning layer 9 name self_attn.k_proj
pruning layer 9 name self_attn.v_proj
pruning layer 9 name self_attn.o_proj
pruning layer 9 name mlp.gate_proj
pruning layer 9 name mlp.down_proj
pruning layer 9 name mlp.up_proj
pruning layer 10 name self_attn.q_proj
pruning layer 10 name self_attn.k_proj
pruning layer 10 name self_attn.v_proj
pruning layer 10 name self_attn.o_proj
pruning layer 10 name mlp.gate_proj
pruning layer 10 name mlp.down_proj
pruning layer 10 name mlp.up_proj
pruning layer 11 name self_attn.q_proj
pruning layer 11 name self_attn.k_proj
pruning layer 11 name self_attn.v_proj
pruning layer 11 name self_attn.o_proj
pruning layer 11 name mlp.gate_proj
pruning layer 11 name mlp.down_proj
pruning layer 11 name mlp.up_proj
pruning layer 12 name self_attn.q_proj
pruning layer 12 name self_attn.k_proj
pruning layer 12 name self_attn.v_proj
pruning layer 12 name self_attn.o_proj
pruning layer 12 name mlp.gate_proj
pruning layer 12 name mlp.down_proj
pruning layer 12 name mlp.up_proj
pruning layer 13 name self_attn.q_proj
pruning layer 13 name self_attn.k_proj
pruning layer 13 name self_attn.v_proj
pruning layer 13 name self_attn.o_proj
pruning layer 13 name mlp.gate_proj
pruning layer 13 name mlp.down_proj
pruning layer 13 name mlp.up_proj
pruning layer 14 name self_attn.q_proj
pruning layer 14 name self_attn.k_proj
pruning layer 14 name self_attn.v_proj
pruning layer 14 name self_attn.o_proj
pruning layer 14 name mlp.gate_proj
pruning layer 14 name mlp.down_proj
pruning layer 14 name mlp.up_proj
pruning layer 15 name self_attn.q_proj
pruning layer 15 name self_attn.k_proj
pruning layer 15 name self_attn.v_proj
pruning layer 15 name self_attn.o_proj
pruning layer 15 name mlp.gate_proj
pruning layer 15 name mlp.down_proj
pruning layer 15 name mlp.up_proj
pruning layer 16 name self_attn.q_proj
pruning layer 16 name self_attn.k_proj
pruning layer 16 name self_attn.v_proj
pruning layer 16 name self_attn.o_proj
pruning layer 16 name mlp.gate_proj
pruning layer 16 name mlp.down_proj
pruning layer 16 name mlp.up_proj
pruning layer 17 name self_attn.q_proj
pruning layer 17 name self_attn.k_proj
pruning layer 17 name self_attn.v_proj
pruning layer 17 name self_attn.o_proj
pruning layer 17 name mlp.gate_proj
pruning layer 17 name mlp.down_proj
pruning layer 17 name mlp.up_proj
pruning layer 18 name self_attn.q_proj
pruning layer 18 name self_attn.k_proj
pruning layer 18 name self_attn.v_proj
pruning layer 18 name self_attn.o_proj
pruning layer 18 name mlp.gate_proj
pruning layer 18 name mlp.down_proj
pruning layer 18 name mlp.up_proj
pruning layer 19 name self_attn.q_proj
pruning layer 19 name self_attn.k_proj
pruning layer 19 name self_attn.v_proj
pruning layer 19 name self_attn.o_proj
pruning layer 19 name mlp.gate_proj
pruning layer 19 name mlp.down_proj
pruning layer 19 name mlp.up_proj
pruning layer 20 name self_attn.q_proj
pruning layer 20 name self_attn.k_proj
pruning layer 20 name self_attn.v_proj
pruning layer 20 name self_attn.o_proj
pruning layer 20 name mlp.gate_proj
pruning layer 20 name mlp.down_proj
pruning layer 20 name mlp.up_proj
pruning layer 21 name self_attn.q_proj
pruning layer 21 name self_attn.k_proj
pruning layer 21 name self_attn.v_proj
pruning layer 21 name self_attn.o_proj
pruning layer 21 name mlp.gate_proj
pruning layer 21 name mlp.down_proj
pruning layer 21 name mlp.up_proj
pruning layer 22 name self_attn.q_proj
pruning layer 22 name self_attn.k_proj
pruning layer 22 name self_attn.v_proj
pruning layer 22 name self_attn.o_proj
pruning layer 22 name mlp.gate_proj
pruning layer 22 name mlp.down_proj
pruning layer 22 name mlp.up_proj
pruning layer 23 name self_attn.q_proj
pruning layer 23 name self_attn.k_proj
pruning layer 23 name self_attn.v_proj
pruning layer 23 name self_attn.o_proj
pruning layer 23 name mlp.gate_proj
pruning layer 23 name mlp.down_proj
pruning layer 23 name mlp.up_proj
pruning layer 24 name self_attn.q_proj
pruning layer 24 name self_attn.k_proj
pruning layer 24 name self_attn.v_proj
pruning layer 24 name self_attn.o_proj
pruning layer 24 name mlp.gate_proj
pruning layer 24 name mlp.down_proj
pruning layer 24 name mlp.up_proj
pruning layer 25 name self_attn.q_proj
pruning layer 25 name self_attn.k_proj
pruning layer 25 name self_attn.v_proj
pruning layer 25 name self_attn.o_proj
pruning layer 25 name mlp.gate_proj
pruning layer 25 name mlp.down_proj
pruning layer 25 name mlp.up_proj
pruning layer 26 name self_attn.q_proj
pruning layer 26 name self_attn.k_proj
pruning layer 26 name self_attn.v_proj
pruning layer 26 name self_attn.o_proj
pruning layer 26 name mlp.gate_proj
pruning layer 26 name mlp.down_proj
pruning layer 26 name mlp.up_proj
pruning layer 27 name self_attn.q_proj
pruning layer 27 name self_attn.k_proj
pruning layer 27 name self_attn.v_proj
pruning layer 27 name self_attn.o_proj
pruning layer 27 name mlp.gate_proj
pruning layer 27 name mlp.down_proj
pruning layer 27 name mlp.up_proj
pruning layer 28 name self_attn.q_proj
pruning layer 28 name self_attn.k_proj
pruning layer 28 name self_attn.v_proj
pruning layer 28 name self_attn.o_proj
pruning layer 28 name mlp.gate_proj
pruning layer 28 name mlp.down_proj
pruning layer 28 name mlp.up_proj
pruning layer 29 name self_attn.q_proj
pruning layer 29 name self_attn.k_proj
pruning layer 29 name self_attn.v_proj
pruning layer 29 name self_attn.o_proj
pruning layer 29 name mlp.gate_proj
pruning layer 29 name mlp.down_proj
pruning layer 29 name mlp.up_proj
pruning layer 30 name self_attn.q_proj
pruning layer 30 name self_attn.k_proj
pruning layer 30 name self_attn.v_proj
pruning layer 30 name self_attn.o_proj
pruning layer 30 name mlp.gate_proj
pruning layer 30 name mlp.down_proj
pruning layer 30 name mlp.up_proj
pruning layer 31 name self_attn.q_proj
pruning layer 31 name self_attn.k_proj
pruning layer 31 name self_attn.v_proj
pruning layer 31 name self_attn.o_proj
pruning layer 31 name mlp.gate_proj
pruning layer 31 name mlp.down_proj
pruning layer 31 name mlp.up_proj
******************************
layer 0 sparsity 0.675050
layer 1 sparsity 0.660427
layer 2 sparsity 0.645303
layer 3 sparsity 0.596465
layer 4 sparsity 0.645012
layer 5 sparsity 0.656480
layer 6 sparsity 0.637490
layer 7 sparsity 0.646014
layer 8 sparsity 0.659946
layer 9 sparsity 0.663562
layer 10 sparsity 0.664563
layer 11 sparsity 0.667028
layer 12 sparsity 0.669451
layer 13 sparsity 0.679688
layer 14 sparsity 0.685828
layer 15 sparsity 0.701683
layer 16 sparsity 0.713151
layer 17 sparsity 0.720483
layer 18 sparsity 0.727063
layer 19 sparsity 0.733183
layer 20 sparsity 0.738051
layer 21 sparsity 0.737821
layer 22 sparsity 0.740955
layer 23 sparsity 0.741226
layer 24 sparsity 0.744902
layer 25 sparsity 0.741456
layer 26 sparsity 0.748307
layer 27 sparsity 0.751002
layer 28 sparsity 0.752193
layer 29 sparsity 0.756391
layer 30 sparsity 0.753446
layer 31 sparsity 0.742688
sparsity sanity check 0.6999
******************************
evaluating on wikitext2
nsamples 166
sample 0
sample 50
sample 100
sample 150
begin calcualte ppl
[TIME] this run took 440.35 seconds (7.34 min)
[RESULT] final ppl on wikitext = 30.4264
===== 1|0.01|0.5|linear|0.019|0.1|True | 444s | exit=0 =====
/home/xiaokang/miniconda3/envs/prune_llm/lib/python3.9/site-packages/torch/torch_version.py:3: UserWarning: pkg_resources is deprecated as an API. See https://setuptools.pypa.io/en/latest/pkg_resources.html. The pkg_resources package is slated for removal as early as 2025-11-30. Refrain from using this package or pin to Setuptools<81.
  from pkg_resources import packaging  # type: ignore[attr-defined]
[DEBUG] running: /home/xiaokang/OWL/OWL-version2/risk-prune/main.py
[DEBUG] HF_ENDPOINT env: None
[DEBUG] HfApi endpoint: https://huggingface.co
# of gpus:  1
[DEBUG] Parsed args:
  nsamples               = 32
  risk_k                 = 1
  risk_probe             = 0.01
  risk_decay             = 0.5
  risk_decay_type        = linear
  risk_decay_beta        = 0.019
  risk_alpha             = 0.1
  consider_current_layer_in_risk = True
Loading checkpoint shards:   0%|          | 0/2 [00:00<?, ?it/s]Loading checkpoint shards:  50%|█████     | 1/2 [00:03<00:03,  3.73s/it]Loading checkpoint shards: 100%|██████████| 2/2 [00:05<00:00,  2.38s/it]Loading checkpoint shards: 100%|██████████| 2/2 [00:05<00:00,  2.58s/it]
use device  cuda:0
target sparsity 0.7
pruning starts
loading calibration data
dataset loading complete
after adjustment [0.3248817  0.33944002 0.35454357 0.40342665 0.35494602 0.3434819
 0.3623185  0.3539229  0.3399182  0.33639407 0.3353067  0.33277458
 0.33039823 0.3202236  0.31397527 0.29815    0.28670153 0.27940598
 0.2728457  0.26665083 0.26183122 0.26206136 0.25902075 0.25869206
 0.25490734 0.25846854 0.25161168 0.24886997 0.24777514 0.24342664
 0.24643643 0.25719342] mean 0.3 max 0.40342665 min 0.24342664
pruning layer 0 name self_attn.q_proj
pruning layer 0 name self_attn.k_proj
pruning layer 0 name self_attn.v_proj
pruning layer 0 name self_attn.o_proj
pruning layer 0 name mlp.gate_proj
pruning layer 0 name mlp.down_proj
pruning layer 0 name mlp.up_proj
pruning layer 1 name self_attn.q_proj
pruning layer 1 name self_attn.k_proj
pruning layer 1 name self_attn.v_proj
pruning layer 1 name self_attn.o_proj
pruning layer 1 name mlp.gate_proj
pruning layer 1 name mlp.down_proj
pruning layer 1 name mlp.up_proj
pruning layer 2 name self_attn.q_proj
pruning layer 2 name self_attn.k_proj
pruning layer 2 name self_attn.v_proj
pruning layer 2 name self_attn.o_proj
pruning layer 2 name mlp.gate_proj
pruning layer 2 name mlp.down_proj
pruning layer 2 name mlp.up_proj
pruning layer 3 name self_attn.q_proj
pruning layer 3 name self_attn.k_proj
pruning layer 3 name self_attn.v_proj
pruning layer 3 name self_attn.o_proj
pruning layer 3 name mlp.gate_proj
pruning layer 3 name mlp.down_proj
pruning layer 3 name mlp.up_proj
pruning layer 4 name self_attn.q_proj
pruning layer 4 name self_attn.k_proj
pruning layer 4 name self_attn.v_proj
pruning layer 4 name self_attn.o_proj
pruning layer 4 name mlp.gate_proj
pruning layer 4 name mlp.down_proj
pruning layer 4 name mlp.up_proj
pruning layer 5 name self_attn.q_proj
pruning layer 5 name self_attn.k_proj
pruning layer 5 name self_attn.v_proj
pruning layer 5 name self_attn.o_proj
pruning layer 5 name mlp.gate_proj
pruning layer 5 name mlp.down_proj
pruning layer 5 name mlp.up_proj
pruning layer 6 name self_attn.q_proj
pruning layer 6 name self_attn.k_proj
pruning layer 6 name self_attn.v_proj
pruning layer 6 name self_attn.o_proj
pruning layer 6 name mlp.gate_proj
pruning layer 6 name mlp.down_proj
pruning layer 6 name mlp.up_proj
pruning layer 7 name self_attn.q_proj
pruning layer 7 name self_attn.k_proj
pruning layer 7 name self_attn.v_proj
pruning layer 7 name self_attn.o_proj
pruning layer 7 name mlp.gate_proj
pruning layer 7 name mlp.down_proj
pruning layer 7 name mlp.up_proj
pruning layer 8 name self_attn.q_proj
pruning layer 8 name self_attn.k_proj
pruning layer 8 name self_attn.v_proj
pruning layer 8 name self_attn.o_proj
pruning layer 8 name mlp.gate_proj
pruning layer 8 name mlp.down_proj
pruning layer 8 name mlp.up_proj
pruning layer 9 name self_attn.q_proj
pruning layer 9 name self_attn.k_proj
pruning layer 9 name self_attn.v_proj
pruning layer 9 name self_attn.o_proj
pruning layer 9 name mlp.gate_proj
pruning layer 9 name mlp.down_proj
pruning layer 9 name mlp.up_proj
pruning layer 10 name self_attn.q_proj
pruning layer 10 name self_attn.k_proj
pruning layer 10 name self_attn.v_proj
pruning layer 10 name self_attn.o_proj
pruning layer 10 name mlp.gate_proj
pruning layer 10 name mlp.down_proj
pruning layer 10 name mlp.up_proj
pruning layer 11 name self_attn.q_proj
pruning layer 11 name self_attn.k_proj
pruning layer 11 name self_attn.v_proj
pruning layer 11 name self_attn.o_proj
pruning layer 11 name mlp.gate_proj
pruning layer 11 name mlp.down_proj
pruning layer 11 name mlp.up_proj
pruning layer 12 name self_attn.q_proj
pruning layer 12 name self_attn.k_proj
pruning layer 12 name self_attn.v_proj
pruning layer 12 name self_attn.o_proj
pruning layer 12 name mlp.gate_proj
pruning layer 12 name mlp.down_proj
pruning layer 12 name mlp.up_proj
pruning layer 13 name self_attn.q_proj
pruning layer 13 name self_attn.k_proj
pruning layer 13 name self_attn.v_proj
pruning layer 13 name self_attn.o_proj
pruning layer 13 name mlp.gate_proj
pruning layer 13 name mlp.down_proj
pruning layer 13 name mlp.up_proj
pruning layer 14 name self_attn.q_proj
pruning layer 14 name self_attn.k_proj
pruning layer 14 name self_attn.v_proj
pruning layer 14 name self_attn.o_proj
pruning layer 14 name mlp.gate_proj
pruning layer 14 name mlp.down_proj
pruning layer 14 name mlp.up_proj
pruning layer 15 name self_attn.q_proj
pruning layer 15 name self_attn.k_proj
pruning layer 15 name self_attn.v_proj
pruning layer 15 name self_attn.o_proj
pruning layer 15 name mlp.gate_proj
pruning layer 15 name mlp.down_proj
pruning layer 15 name mlp.up_proj
pruning layer 16 name self_attn.q_proj
pruning layer 16 name self_attn.k_proj
pruning layer 16 name self_attn.v_proj
pruning layer 16 name self_attn.o_proj
pruning layer 16 name mlp.gate_proj
pruning layer 16 name mlp.down_proj
pruning layer 16 name mlp.up_proj
pruning layer 17 name self_attn.q_proj
pruning layer 17 name self_attn.k_proj
pruning layer 17 name self_attn.v_proj
pruning layer 17 name self_attn.o_proj
pruning layer 17 name mlp.gate_proj
pruning layer 17 name mlp.down_proj
pruning layer 17 name mlp.up_proj
pruning layer 18 name self_attn.q_proj
pruning layer 18 name self_attn.k_proj
pruning layer 18 name self_attn.v_proj
pruning layer 18 name self_attn.o_proj
pruning layer 18 name mlp.gate_proj
pruning layer 18 name mlp.down_proj
pruning layer 18 name mlp.up_proj
pruning layer 19 name self_attn.q_proj
pruning layer 19 name self_attn.k_proj
pruning layer 19 name self_attn.v_proj
pruning layer 19 name self_attn.o_proj
pruning layer 19 name mlp.gate_proj
pruning layer 19 name mlp.down_proj
pruning layer 19 name mlp.up_proj
pruning layer 20 name self_attn.q_proj
pruning layer 20 name self_attn.k_proj
pruning layer 20 name self_attn.v_proj
pruning layer 20 name self_attn.o_proj
pruning layer 20 name mlp.gate_proj
pruning layer 20 name mlp.down_proj
pruning layer 20 name mlp.up_proj
pruning layer 21 name self_attn.q_proj
pruning layer 21 name self_attn.k_proj
pruning layer 21 name self_attn.v_proj
pruning layer 21 name self_attn.o_proj
pruning layer 21 name mlp.gate_proj
pruning layer 21 name mlp.down_proj
pruning layer 21 name mlp.up_proj
pruning layer 22 name self_attn.q_proj
pruning layer 22 name self_attn.k_proj
pruning layer 22 name self_attn.v_proj
pruning layer 22 name self_attn.o_proj
pruning layer 22 name mlp.gate_proj
pruning layer 22 name mlp.down_proj
pruning layer 22 name mlp.up_proj
pruning layer 23 name self_attn.q_proj
pruning layer 23 name self_attn.k_proj
pruning layer 23 name self_attn.v_proj
pruning layer 23 name self_attn.o_proj
pruning layer 23 name mlp.gate_proj
pruning layer 23 name mlp.down_proj
pruning layer 23 name mlp.up_proj
pruning layer 24 name self_attn.q_proj
pruning layer 24 name self_attn.k_proj
pruning layer 24 name self_attn.v_proj
pruning layer 24 name self_attn.o_proj
pruning layer 24 name mlp.gate_proj
pruning layer 24 name mlp.down_proj
pruning layer 24 name mlp.up_proj
pruning layer 25 name self_attn.q_proj
pruning layer 25 name self_attn.k_proj
pruning layer 25 name self_attn.v_proj
pruning layer 25 name self_attn.o_proj
pruning layer 25 name mlp.gate_proj
pruning layer 25 name mlp.down_proj
pruning layer 25 name mlp.up_proj
pruning layer 26 name self_attn.q_proj
pruning layer 26 name self_attn.k_proj
pruning layer 26 name self_attn.v_proj
pruning layer 26 name self_attn.o_proj
pruning layer 26 name mlp.gate_proj
pruning layer 26 name mlp.down_proj
pruning layer 26 name mlp.up_proj
pruning layer 27 name self_attn.q_proj
pruning layer 27 name self_attn.k_proj
pruning layer 27 name self_attn.v_proj
pruning layer 27 name self_attn.o_proj
pruning layer 27 name mlp.gate_proj
pruning layer 27 name mlp.down_proj
pruning layer 27 name mlp.up_proj
pruning layer 28 name self_attn.q_proj
pruning layer 28 name self_attn.k_proj
pruning layer 28 name self_attn.v_proj
pruning layer 28 name self_attn.o_proj
pruning layer 28 name mlp.gate_proj
pruning layer 28 name mlp.down_proj
pruning layer 28 name mlp.up_proj
pruning layer 29 name self_attn.q_proj
pruning layer 29 name self_attn.k_proj
pruning layer 29 name self_attn.v_proj
pruning layer 29 name self_attn.o_proj
pruning layer 29 name mlp.gate_proj
pruning layer 29 name mlp.down_proj
pruning layer 29 name mlp.up_proj
pruning layer 30 name self_attn.q_proj
pruning layer 30 name self_attn.k_proj
pruning layer 30 name self_attn.v_proj
pruning layer 30 name self_attn.o_proj
pruning layer 30 name mlp.gate_proj
pruning layer 30 name mlp.down_proj
pruning layer 30 name mlp.up_proj
pruning layer 31 name self_attn.q_proj
pruning layer 31 name self_attn.k_proj
pruning layer 31 name self_attn.v_proj
pruning layer 31 name self_attn.o_proj
pruning layer 31 name mlp.gate_proj
pruning layer 31 name mlp.down_proj
pruning layer 31 name mlp.up_proj
******************************
layer 0 sparsity 0.675050
layer 1 sparsity 0.660427
layer 2 sparsity 0.645303
layer 3 sparsity 0.596465
layer 4 sparsity 0.645012
layer 5 sparsity 0.656480
layer 6 sparsity 0.637490
layer 7 sparsity 0.646014
layer 8 sparsity 0.659946
layer 9 sparsity 0.663562
layer 10 sparsity 0.664563
layer 11 sparsity 0.667028
layer 12 sparsity 0.669451
layer 13 sparsity 0.679688
layer 14 sparsity 0.685828
layer 15 sparsity 0.701683
layer 16 sparsity 0.713151
layer 17 sparsity 0.720483
layer 18 sparsity 0.727063
layer 19 sparsity 0.733183
layer 20 sparsity 0.738051
layer 21 sparsity 0.737821
layer 22 sparsity 0.740955
layer 23 sparsity 0.741226
layer 24 sparsity 0.744902
layer 25 sparsity 0.741456
layer 26 sparsity 0.748307
layer 27 sparsity 0.751002
layer 28 sparsity 0.752193
layer 29 sparsity 0.756391
layer 30 sparsity 0.753446
layer 31 sparsity 0.742688
sparsity sanity check 0.6999
******************************
evaluating on wikitext2
nsamples 166
sample 0
sample 50
sample 100
sample 150
begin calcualte ppl
[TIME] this run took 440.60 seconds (7.34 min)
[RESULT] final ppl on wikitext = 30.4264
===== 1|0.01|0.5|linear|0.019|0.15|False | 443s | exit=0 =====
/home/xiaokang/miniconda3/envs/prune_llm/lib/python3.9/site-packages/torch/torch_version.py:3: UserWarning: pkg_resources is deprecated as an API. See https://setuptools.pypa.io/en/latest/pkg_resources.html. The pkg_resources package is slated for removal as early as 2025-11-30. Refrain from using this package or pin to Setuptools<81.
  from pkg_resources import packaging  # type: ignore[attr-defined]
[DEBUG] running: /home/xiaokang/OWL/OWL-version2/risk-prune/main.py
[DEBUG] HF_ENDPOINT env: None
[DEBUG] HfApi endpoint: https://huggingface.co
# of gpus:  1
[DEBUG] Parsed args:
  nsamples               = 32
  risk_k                 = 1
  risk_probe             = 0.01
  risk_decay             = 0.5
  risk_decay_type        = linear
  risk_decay_beta        = 0.019
  risk_alpha             = 0.15
  consider_current_layer_in_risk = True
Loading checkpoint shards:   0%|          | 0/2 [00:00<?, ?it/s]Loading checkpoint shards:  50%|█████     | 1/2 [00:03<00:03,  3.64s/it]Loading checkpoint shards: 100%|██████████| 2/2 [00:05<00:00,  2.34s/it]Loading checkpoint shards: 100%|██████████| 2/2 [00:05<00:00,  2.53s/it]
use device  cuda:0
target sparsity 0.7
pruning starts
loading calibration data
dataset loading complete
after adjustment [0.32707992 0.34531233 0.35389048 0.4031614  0.35445523 0.34297064
 0.36198872 0.3536077  0.339593   0.33610612 0.3350647  0.33256647
 0.3302179  0.31999615 0.31378096 0.29794466 0.286534   0.27914813
 0.27261335 0.2664043  0.26162463 0.26181936 0.2588226  0.2585055
 0.25468913 0.25835195 0.25146654 0.24865809 0.24756482 0.2431614
 0.24725054 0.25564945] mean 0.3 max 0.4031614 min 0.2431614
pruning layer 0 name self_attn.q_proj
pruning layer 0 name self_attn.k_proj
pruning layer 0 name self_attn.v_proj
pruning layer 0 name self_attn.o_proj
pruning layer 0 name mlp.gate_proj
pruning layer 0 name mlp.down_proj
pruning layer 0 name mlp.up_proj
pruning layer 1 name self_attn.q_proj
pruning layer 1 name self_attn.k_proj
pruning layer 1 name self_attn.v_proj
pruning layer 1 name self_attn.o_proj
pruning layer 1 name mlp.gate_proj
pruning layer 1 name mlp.down_proj
pruning layer 1 name mlp.up_proj
pruning layer 2 name self_attn.q_proj
pruning layer 2 name self_attn.k_proj
pruning layer 2 name self_attn.v_proj
pruning layer 2 name self_attn.o_proj
pruning layer 2 name mlp.gate_proj
pruning layer 2 name mlp.down_proj
pruning layer 2 name mlp.up_proj
pruning layer 3 name self_attn.q_proj
pruning layer 3 name self_attn.k_proj
pruning layer 3 name self_attn.v_proj
pruning layer 3 name self_attn.o_proj
pruning layer 3 name mlp.gate_proj
pruning layer 3 name mlp.down_proj
pruning layer 3 name mlp.up_proj
pruning layer 4 name self_attn.q_proj
pruning layer 4 name self_attn.k_proj
pruning layer 4 name self_attn.v_proj
pruning layer 4 name self_attn.o_proj
pruning layer 4 name mlp.gate_proj
pruning layer 4 name mlp.down_proj
pruning layer 4 name mlp.up_proj
pruning layer 5 name self_attn.q_proj
pruning layer 5 name self_attn.k_proj
pruning layer 5 name self_attn.v_proj
pruning layer 5 name self_attn.o_proj
pruning layer 5 name mlp.gate_proj
pruning layer 5 name mlp.down_proj
pruning layer 5 name mlp.up_proj
pruning layer 6 name self_attn.q_proj
pruning layer 6 name self_attn.k_proj
pruning layer 6 name self_attn.v_proj
pruning layer 6 name self_attn.o_proj
pruning layer 6 name mlp.gate_proj
pruning layer 6 name mlp.down_proj
pruning layer 6 name mlp.up_proj
pruning layer 7 name self_attn.q_proj
pruning layer 7 name self_attn.k_proj
pruning layer 7 name self_attn.v_proj
pruning layer 7 name self_attn.o_proj
pruning layer 7 name mlp.gate_proj
pruning layer 7 name mlp.down_proj
pruning layer 7 name mlp.up_proj
pruning layer 8 name self_attn.q_proj
pruning layer 8 name self_attn.k_proj
pruning layer 8 name self_attn.v_proj
pruning layer 8 name self_attn.o_proj
pruning layer 8 name mlp.gate_proj
pruning layer 8 name mlp.down_proj
pruning layer 8 name mlp.up_proj
pruning layer 9 name self_attn.q_proj
pruning layer 9 name self_attn.k_proj
pruning layer 9 name self_attn.v_proj
pruning layer 9 name self_attn.o_proj
pruning layer 9 name mlp.gate_proj
pruning layer 9 name mlp.down_proj
pruning layer 9 name mlp.up_proj
pruning layer 10 name self_attn.q_proj
pruning layer 10 name self_attn.k_proj
pruning layer 10 name self_attn.v_proj
pruning layer 10 name self_attn.o_proj
pruning layer 10 name mlp.gate_proj
pruning layer 10 name mlp.down_proj
pruning layer 10 name mlp.up_proj
pruning layer 11 name self_attn.q_proj
pruning layer 11 name self_attn.k_proj
pruning layer 11 name self_attn.v_proj
pruning layer 11 name self_attn.o_proj
pruning layer 11 name mlp.gate_proj
pruning layer 11 name mlp.down_proj
pruning layer 11 name mlp.up_proj
pruning layer 12 name self_attn.q_proj
pruning layer 12 name self_attn.k_proj
pruning layer 12 name self_attn.v_proj
pruning layer 12 name self_attn.o_proj
pruning layer 12 name mlp.gate_proj
pruning layer 12 name mlp.down_proj
pruning layer 12 name mlp.up_proj
pruning layer 13 name self_attn.q_proj
pruning layer 13 name self_attn.k_proj
pruning layer 13 name self_attn.v_proj
pruning layer 13 name self_attn.o_proj
pruning layer 13 name mlp.gate_proj
pruning layer 13 name mlp.down_proj
pruning layer 13 name mlp.up_proj
pruning layer 14 name self_attn.q_proj
pruning layer 14 name self_attn.k_proj
pruning layer 14 name self_attn.v_proj
pruning layer 14 name self_attn.o_proj
pruning layer 14 name mlp.gate_proj
pruning layer 14 name mlp.down_proj
pruning layer 14 name mlp.up_proj
pruning layer 15 name self_attn.q_proj
pruning layer 15 name self_attn.k_proj
pruning layer 15 name self_attn.v_proj
pruning layer 15 name self_attn.o_proj
pruning layer 15 name mlp.gate_proj
pruning layer 15 name mlp.down_proj
pruning layer 15 name mlp.up_proj
pruning layer 16 name self_attn.q_proj
pruning layer 16 name self_attn.k_proj
pruning layer 16 name self_attn.v_proj
pruning layer 16 name self_attn.o_proj
pruning layer 16 name mlp.gate_proj
pruning layer 16 name mlp.down_proj
pruning layer 16 name mlp.up_proj
pruning layer 17 name self_attn.q_proj
pruning layer 17 name self_attn.k_proj
pruning layer 17 name self_attn.v_proj
pruning layer 17 name self_attn.o_proj
pruning layer 17 name mlp.gate_proj
pruning layer 17 name mlp.down_proj
pruning layer 17 name mlp.up_proj
pruning layer 18 name self_attn.q_proj
pruning layer 18 name self_attn.k_proj
pruning layer 18 name self_attn.v_proj
pruning layer 18 name self_attn.o_proj
pruning layer 18 name mlp.gate_proj
pruning layer 18 name mlp.down_proj
pruning layer 18 name mlp.up_proj
pruning layer 19 name self_attn.q_proj
pruning layer 19 name self_attn.k_proj
pruning layer 19 name self_attn.v_proj
pruning layer 19 name self_attn.o_proj
pruning layer 19 name mlp.gate_proj
pruning layer 19 name mlp.down_proj
pruning layer 19 name mlp.up_proj
pruning layer 20 name self_attn.q_proj
pruning layer 20 name self_attn.k_proj
pruning layer 20 name self_attn.v_proj
pruning layer 20 name self_attn.o_proj
pruning layer 20 name mlp.gate_proj
pruning layer 20 name mlp.down_proj
pruning layer 20 name mlp.up_proj
pruning layer 21 name self_attn.q_proj
pruning layer 21 name self_attn.k_proj
pruning layer 21 name self_attn.v_proj
pruning layer 21 name self_attn.o_proj
pruning layer 21 name mlp.gate_proj
pruning layer 21 name mlp.down_proj
pruning layer 21 name mlp.up_proj
pruning layer 22 name self_attn.q_proj
pruning layer 22 name self_attn.k_proj
pruning layer 22 name self_attn.v_proj
pruning layer 22 name self_attn.o_proj
pruning layer 22 name mlp.gate_proj
pruning layer 22 name mlp.down_proj
pruning layer 22 name mlp.up_proj
pruning layer 23 name self_attn.q_proj
pruning layer 23 name self_attn.k_proj
pruning layer 23 name self_attn.v_proj
pruning layer 23 name self_attn.o_proj
pruning layer 23 name mlp.gate_proj
pruning layer 23 name mlp.down_proj
pruning layer 23 name mlp.up_proj
pruning layer 24 name self_attn.q_proj
pruning layer 24 name self_attn.k_proj
pruning layer 24 name self_attn.v_proj
pruning layer 24 name self_attn.o_proj
pruning layer 24 name mlp.gate_proj
pruning layer 24 name mlp.down_proj
pruning layer 24 name mlp.up_proj
pruning layer 25 name self_attn.q_proj
pruning layer 25 name self_attn.k_proj
pruning layer 25 name self_attn.v_proj
pruning layer 25 name self_attn.o_proj
pruning layer 25 name mlp.gate_proj
pruning layer 25 name mlp.down_proj
pruning layer 25 name mlp.up_proj
pruning layer 26 name self_attn.q_proj
pruning layer 26 name self_attn.k_proj
pruning layer 26 name self_attn.v_proj
pruning layer 26 name self_attn.o_proj
pruning layer 26 name mlp.gate_proj
pruning layer 26 name mlp.down_proj
pruning layer 26 name mlp.up_proj
pruning layer 27 name self_attn.q_proj
pruning layer 27 name self_attn.k_proj
pruning layer 27 name self_attn.v_proj
pruning layer 27 name self_attn.o_proj
pruning layer 27 name mlp.gate_proj
pruning layer 27 name mlp.down_proj
pruning layer 27 name mlp.up_proj
pruning layer 28 name self_attn.q_proj
pruning layer 28 name self_attn.k_proj
pruning layer 28 name self_attn.v_proj
pruning layer 28 name self_attn.o_proj
pruning layer 28 name mlp.gate_proj
pruning layer 28 name mlp.down_proj
pruning layer 28 name mlp.up_proj
pruning layer 29 name self_attn.q_proj
pruning layer 29 name self_attn.k_proj
pruning layer 29 name self_attn.v_proj
pruning layer 29 name self_attn.o_proj
pruning layer 29 name mlp.gate_proj
pruning layer 29 name mlp.down_proj
pruning layer 29 name mlp.up_proj
pruning layer 30 name self_attn.q_proj
pruning layer 30 name self_attn.k_proj
pruning layer 30 name self_attn.v_proj
pruning layer 30 name self_attn.o_proj
pruning layer 30 name mlp.gate_proj
pruning layer 30 name mlp.down_proj
pruning layer 30 name mlp.up_proj
pruning layer 31 name self_attn.q_proj
pruning layer 31 name self_attn.k_proj
pruning layer 31 name self_attn.v_proj
pruning layer 31 name self_attn.o_proj
pruning layer 31 name mlp.gate_proj
pruning layer 31 name mlp.down_proj
pruning layer 31 name mlp.up_proj
******************************
layer 0 sparsity 0.672857
layer 1 sparsity 0.654557
layer 2 sparsity 0.646014
layer 3 sparsity 0.596695
layer 4 sparsity 0.645513
layer 5 sparsity 0.656981
layer 6 sparsity 0.637951
layer 7 sparsity 0.646264
layer 8 sparsity 0.660386
layer 9 sparsity 0.663832
layer 10 sparsity 0.664814
layer 11 sparsity 0.667278
layer 12 sparsity 0.669682
layer 13 sparsity 0.679938
layer 14 sparsity 0.686058
layer 15 sparsity 0.701933
layer 16 sparsity 0.713381
layer 17 sparsity 0.720733
layer 18 sparsity 0.727314
layer 19 sparsity 0.733434
layer 20 sparsity 0.738301
layer 21 sparsity 0.738051
layer 22 sparsity 0.740996
layer 23 sparsity 0.741456
layer 24 sparsity 0.745153
layer 25 sparsity 0.741497
layer 26 sparsity 0.748328
layer 27 sparsity 0.751232
layer 28 sparsity 0.752234
layer 29 sparsity 0.756831
layer 30 sparsity 0.752694
layer 31 sparsity 0.744171
sparsity sanity check 0.6999
******************************
evaluating on wikitext2
nsamples 166
sample 0
sample 50
sample 100
sample 150
begin calcualte ppl
[TIME] this run took 440.73 seconds (7.35 min)
[RESULT] final ppl on wikitext = 30.6250
===== 1|0.01|0.5|linear|0.019|0.15|True | 460s | exit=0 =====
/home/xiaokang/miniconda3/envs/prune_llm/lib/python3.9/site-packages/torch/torch_version.py:3: UserWarning: pkg_resources is deprecated as an API. See https://setuptools.pypa.io/en/latest/pkg_resources.html. The pkg_resources package is slated for removal as early as 2025-11-30. Refrain from using this package or pin to Setuptools<81.
  from pkg_resources import packaging  # type: ignore[attr-defined]
[DEBUG] running: /home/xiaokang/OWL/OWL-version2/risk-prune/main.py
[DEBUG] HF_ENDPOINT env: None
[DEBUG] HfApi endpoint: https://huggingface.co
# of gpus:  1
[DEBUG] Parsed args:
  nsamples               = 32
  risk_k                 = 1
  risk_probe             = 0.01
  risk_decay             = 0.5
  risk_decay_type        = linear
  risk_decay_beta        = 0.019
  risk_alpha             = 0.15
  consider_current_layer_in_risk = True
Loading checkpoint shards:   0%|          | 0/2 [00:00<?, ?it/s]Loading checkpoint shards:  50%|█████     | 1/2 [00:03<00:03,  3.57s/it]Loading checkpoint shards: 100%|██████████| 2/2 [00:04<00:00,  2.24s/it]Loading checkpoint shards: 100%|██████████| 2/2 [00:04<00:00,  2.44s/it]
use device  cuda:0
target sparsity 0.7
pruning starts
loading calibration data
dataset loading complete
after adjustment [0.32707992 0.34531233 0.35389048 0.4031614  0.35445523 0.34297064
 0.36198872 0.3536077  0.339593   0.33610612 0.3350647  0.33256647
 0.3302179  0.31999615 0.31378096 0.29794466 0.286534   0.27914813
 0.27261335 0.2664043  0.26162463 0.26181936 0.2588226  0.2585055
 0.25468913 0.25835195 0.25146654 0.24865809 0.24756482 0.2431614
 0.24725054 0.25564945] mean 0.3 max 0.4031614 min 0.2431614
pruning layer 0 name self_attn.q_proj
pruning layer 0 name self_attn.k_proj
pruning layer 0 name self_attn.v_proj
pruning layer 0 name self_attn.o_proj
pruning layer 0 name mlp.gate_proj
pruning layer 0 name mlp.down_proj
pruning layer 0 name mlp.up_proj
pruning layer 1 name self_attn.q_proj
pruning layer 1 name self_attn.k_proj
pruning layer 1 name self_attn.v_proj
pruning layer 1 name self_attn.o_proj
pruning layer 1 name mlp.gate_proj
pruning layer 1 name mlp.down_proj
pruning layer 1 name mlp.up_proj
pruning layer 2 name self_attn.q_proj
pruning layer 2 name self_attn.k_proj
pruning layer 2 name self_attn.v_proj
pruning layer 2 name self_attn.o_proj
pruning layer 2 name mlp.gate_proj
pruning layer 2 name mlp.down_proj
pruning layer 2 name mlp.up_proj
pruning layer 3 name self_attn.q_proj
pruning layer 3 name self_attn.k_proj
pruning layer 3 name self_attn.v_proj
pruning layer 3 name self_attn.o_proj
pruning layer 3 name mlp.gate_proj
pruning layer 3 name mlp.down_proj
pruning layer 3 name mlp.up_proj
pruning layer 4 name self_attn.q_proj
pruning layer 4 name self_attn.k_proj
pruning layer 4 name self_attn.v_proj
pruning layer 4 name self_attn.o_proj
pruning layer 4 name mlp.gate_proj
pruning layer 4 name mlp.down_proj
pruning layer 4 name mlp.up_proj
pruning layer 5 name self_attn.q_proj
pruning layer 5 name self_attn.k_proj
pruning layer 5 name self_attn.v_proj
pruning layer 5 name self_attn.o_proj
pruning layer 5 name mlp.gate_proj
pruning layer 5 name mlp.down_proj
pruning layer 5 name mlp.up_proj
pruning layer 6 name self_attn.q_proj
pruning layer 6 name self_attn.k_proj
pruning layer 6 name self_attn.v_proj
pruning layer 6 name self_attn.o_proj
pruning layer 6 name mlp.gate_proj
pruning layer 6 name mlp.down_proj
pruning layer 6 name mlp.up_proj
pruning layer 7 name self_attn.q_proj
pruning layer 7 name self_attn.k_proj
pruning layer 7 name self_attn.v_proj
pruning layer 7 name self_attn.o_proj
pruning layer 7 name mlp.gate_proj
pruning layer 7 name mlp.down_proj
pruning layer 7 name mlp.up_proj
pruning layer 8 name self_attn.q_proj
pruning layer 8 name self_attn.k_proj
pruning layer 8 name self_attn.v_proj
pruning layer 8 name self_attn.o_proj
pruning layer 8 name mlp.gate_proj
pruning layer 8 name mlp.down_proj
pruning layer 8 name mlp.up_proj
pruning layer 9 name self_attn.q_proj
pruning layer 9 name self_attn.k_proj
pruning layer 9 name self_attn.v_proj
pruning layer 9 name self_attn.o_proj
pruning layer 9 name mlp.gate_proj
pruning layer 9 name mlp.down_proj
pruning layer 9 name mlp.up_proj
pruning layer 10 name self_attn.q_proj
pruning layer 10 name self_attn.k_proj
pruning layer 10 name self_attn.v_proj
pruning layer 10 name self_attn.o_proj
pruning layer 10 name mlp.gate_proj
pruning layer 10 name mlp.down_proj
pruning layer 10 name mlp.up_proj
pruning layer 11 name self_attn.q_proj
pruning layer 11 name self_attn.k_proj
pruning layer 11 name self_attn.v_proj
pruning layer 11 name self_attn.o_proj
pruning layer 11 name mlp.gate_proj
pruning layer 11 name mlp.down_proj
pruning layer 11 name mlp.up_proj
pruning layer 12 name self_attn.q_proj
pruning layer 12 name self_attn.k_proj
pruning layer 12 name self_attn.v_proj
pruning layer 12 name self_attn.o_proj
pruning layer 12 name mlp.gate_proj
pruning layer 12 name mlp.down_proj
pruning layer 12 name mlp.up_proj
pruning layer 13 name self_attn.q_proj
pruning layer 13 name self_attn.k_proj
pruning layer 13 name self_attn.v_proj
pruning layer 13 name self_attn.o_proj
pruning layer 13 name mlp.gate_proj
pruning layer 13 name mlp.down_proj
pruning layer 13 name mlp.up_proj
pruning layer 14 name self_attn.q_proj
pruning layer 14 name self_attn.k_proj
pruning layer 14 name self_attn.v_proj
pruning layer 14 name self_attn.o_proj
pruning layer 14 name mlp.gate_proj
pruning layer 14 name mlp.down_proj
pruning layer 14 name mlp.up_proj
pruning layer 15 name self_attn.q_proj
pruning layer 15 name self_attn.k_proj
pruning layer 15 name self_attn.v_proj
pruning layer 15 name self_attn.o_proj
pruning layer 15 name mlp.gate_proj
pruning layer 15 name mlp.down_proj
pruning layer 15 name mlp.up_proj
pruning layer 16 name self_attn.q_proj
pruning layer 16 name self_attn.k_proj
pruning layer 16 name self_attn.v_proj
pruning layer 16 name self_attn.o_proj
pruning layer 16 name mlp.gate_proj
pruning layer 16 name mlp.down_proj
pruning layer 16 name mlp.up_proj
pruning layer 17 name self_attn.q_proj
pruning layer 17 name self_attn.k_proj
pruning layer 17 name self_attn.v_proj
pruning layer 17 name self_attn.o_proj
pruning layer 17 name mlp.gate_proj
pruning layer 17 name mlp.down_proj
pruning layer 17 name mlp.up_proj
pruning layer 18 name self_attn.q_proj
pruning layer 18 name self_attn.k_proj
pruning layer 18 name self_attn.v_proj
pruning layer 18 name self_attn.o_proj
pruning layer 18 name mlp.gate_proj
pruning layer 18 name mlp.down_proj
pruning layer 18 name mlp.up_proj
pruning layer 19 name self_attn.q_proj
pruning layer 19 name self_attn.k_proj
pruning layer 19 name self_attn.v_proj
pruning layer 19 name self_attn.o_proj
pruning layer 19 name mlp.gate_proj
pruning layer 19 name mlp.down_proj
pruning layer 19 name mlp.up_proj
pruning layer 20 name self_attn.q_proj
pruning layer 20 name self_attn.k_proj
pruning layer 20 name self_attn.v_proj
pruning layer 20 name self_attn.o_proj
pruning layer 20 name mlp.gate_proj
pruning layer 20 name mlp.down_proj
pruning layer 20 name mlp.up_proj
pruning layer 21 name self_attn.q_proj
pruning layer 21 name self_attn.k_proj
pruning layer 21 name self_attn.v_proj
pruning layer 21 name self_attn.o_proj
pruning layer 21 name mlp.gate_proj
pruning layer 21 name mlp.down_proj
pruning layer 21 name mlp.up_proj
pruning layer 22 name self_attn.q_proj
pruning layer 22 name self_attn.k_proj
pruning layer 22 name self_attn.v_proj
pruning layer 22 name self_attn.o_proj
pruning layer 22 name mlp.gate_proj
pruning layer 22 name mlp.down_proj
pruning layer 22 name mlp.up_proj
pruning layer 23 name self_attn.q_proj
pruning layer 23 name self_attn.k_proj
pruning layer 23 name self_attn.v_proj
pruning layer 23 name self_attn.o_proj
pruning layer 23 name mlp.gate_proj
pruning layer 23 name mlp.down_proj
pruning layer 23 name mlp.up_proj
pruning layer 24 name self_attn.q_proj
pruning layer 24 name self_attn.k_proj
pruning layer 24 name self_attn.v_proj
pruning layer 24 name self_attn.o_proj
pruning layer 24 name mlp.gate_proj
pruning layer 24 name mlp.down_proj
pruning layer 24 name mlp.up_proj
pruning layer 25 name self_attn.q_proj
pruning layer 25 name self_attn.k_proj
pruning layer 25 name self_attn.v_proj
pruning layer 25 name self_attn.o_proj
pruning layer 25 name mlp.gate_proj
pruning layer 25 name mlp.down_proj
pruning layer 25 name mlp.up_proj
pruning layer 26 name self_attn.q_proj
pruning layer 26 name self_attn.k_proj
pruning layer 26 name self_attn.v_proj
pruning layer 26 name self_attn.o_proj
pruning layer 26 name mlp.gate_proj
pruning layer 26 name mlp.down_proj
pruning layer 26 name mlp.up_proj
pruning layer 27 name self_attn.q_proj
pruning layer 27 name self_attn.k_proj
pruning layer 27 name self_attn.v_proj
pruning layer 27 name self_attn.o_proj
pruning layer 27 name mlp.gate_proj
pruning layer 27 name mlp.down_proj
pruning layer 27 name mlp.up_proj
pruning layer 28 name self_attn.q_proj
pruning layer 28 name self_attn.k_proj
pruning layer 28 name self_attn.v_proj
pruning layer 28 name self_attn.o_proj
pruning layer 28 name mlp.gate_proj
pruning layer 28 name mlp.down_proj
pruning layer 28 name mlp.up_proj
pruning layer 29 name self_attn.q_proj
pruning layer 29 name self_attn.k_proj
pruning layer 29 name self_attn.v_proj
pruning layer 29 name self_attn.o_proj
pruning layer 29 name mlp.gate_proj
pruning layer 29 name mlp.down_proj
pruning layer 29 name mlp.up_proj
pruning layer 30 name self_attn.q_proj
pruning layer 30 name self_attn.k_proj
pruning layer 30 name self_attn.v_proj
pruning layer 30 name self_attn.o_proj
pruning layer 30 name mlp.gate_proj
pruning layer 30 name mlp.down_proj
pruning layer 30 name mlp.up_proj
pruning layer 31 name self_attn.q_proj
pruning layer 31 name self_attn.k_proj
pruning layer 31 name self_attn.v_proj
pruning layer 31 name self_attn.o_proj
pruning layer 31 name mlp.gate_proj
pruning layer 31 name mlp.down_proj
pruning layer 31 name mlp.up_proj
******************************
layer 0 sparsity 0.672857
layer 1 sparsity 0.654557
layer 2 sparsity 0.646014
layer 3 sparsity 0.596695
layer 4 sparsity 0.645513
layer 5 sparsity 0.656981
layer 6 sparsity 0.637951
layer 7 sparsity 0.646264
layer 8 sparsity 0.660386
layer 9 sparsity 0.663832
layer 10 sparsity 0.664814
layer 11 sparsity 0.667278
layer 12 sparsity 0.669682
layer 13 sparsity 0.679938
layer 14 sparsity 0.686058
layer 15 sparsity 0.701933
layer 16 sparsity 0.713381
layer 17 sparsity 0.720733
layer 18 sparsity 0.727314
layer 19 sparsity 0.733434
layer 20 sparsity 0.738301
layer 21 sparsity 0.738051
layer 22 sparsity 0.740996
layer 23 sparsity 0.741456
layer 24 sparsity 0.745153
layer 25 sparsity 0.741497
layer 26 sparsity 0.748328
layer 27 sparsity 0.751232
layer 28 sparsity 0.752234
layer 29 sparsity 0.756831
layer 30 sparsity 0.752694
layer 31 sparsity 0.744171
sparsity sanity check 0.6999
******************************
evaluating on wikitext2
nsamples 166
sample 0
sample 50
sample 100
sample 150
begin calcualte ppl
[TIME] this run took 457.39 seconds (7.62 min)
[RESULT] final ppl on wikitext = 30.6250
===== 1|0.01|0.5|linear|0.019|0.2|False | 444s | exit=0 =====
/home/xiaokang/miniconda3/envs/prune_llm/lib/python3.9/site-packages/torch/torch_version.py:3: UserWarning: pkg_resources is deprecated as an API. See https://setuptools.pypa.io/en/latest/pkg_resources.html. The pkg_resources package is slated for removal as early as 2025-11-30. Refrain from using this package or pin to Setuptools<81.
  from pkg_resources import packaging  # type: ignore[attr-defined]
[DEBUG] running: /home/xiaokang/OWL/OWL-version2/risk-prune/main.py
[DEBUG] HF_ENDPOINT env: None
[DEBUG] HfApi endpoint: https://huggingface.co
# of gpus:  1
[DEBUG] Parsed args:
  nsamples               = 32
  risk_k                 = 1
  risk_probe             = 0.01
  risk_decay             = 0.5
  risk_decay_type        = linear
  risk_decay_beta        = 0.019
  risk_alpha             = 0.2
  consider_current_layer_in_risk = True
Loading checkpoint shards:   0%|          | 0/2 [00:00<?, ?it/s]Loading checkpoint shards:  50%|█████     | 1/2 [00:03<00:03,  3.78s/it]Loading checkpoint shards: 100%|██████████| 2/2 [00:05<00:00,  2.73s/it]Loading checkpoint shards: 100%|██████████| 2/2 [00:05<00:00,  2.89s/it]
use device  cuda:0
target sparsity 0.7
pruning starts
loading calibration data
dataset loading complete
after adjustment [0.32958993 0.35201764 0.3531447  0.40285856 0.35389492 0.34238687
 0.3616122  0.35324785 0.33922172 0.33577734 0.33478847 0.33232886
 0.33001202 0.31973645 0.31355914 0.29771018 0.28634277 0.27885374
 0.27234805 0.26612282 0.26138875 0.2615431  0.25859636 0.2582925
 0.25443995 0.25821882 0.2513008  0.24841619 0.2473247  0.24285854
 0.24818015 0.25388646] mean 0.3 max 0.40285856 min 0.24285854
pruning layer 0 name self_attn.q_proj
pruning layer 0 name self_attn.k_proj
pruning layer 0 name self_attn.v_proj
pruning layer 0 name self_attn.o_proj
pruning layer 0 name mlp.gate_proj
pruning layer 0 name mlp.down_proj
pruning layer 0 name mlp.up_proj
pruning layer 1 name self_attn.q_proj
pruning layer 1 name self_attn.k_proj
pruning layer 1 name self_attn.v_proj
pruning layer 1 name self_attn.o_proj
pruning layer 1 name mlp.gate_proj
pruning layer 1 name mlp.down_proj
pruning layer 1 name mlp.up_proj
pruning layer 2 name self_attn.q_proj
pruning layer 2 name self_attn.k_proj
pruning layer 2 name self_attn.v_proj
pruning layer 2 name self_attn.o_proj
pruning layer 2 name mlp.gate_proj
pruning layer 2 name mlp.down_proj
pruning layer 2 name mlp.up_proj
pruning layer 3 name self_attn.q_proj
pruning layer 3 name self_attn.k_proj
pruning layer 3 name self_attn.v_proj
pruning layer 3 name self_attn.o_proj
pruning layer 3 name mlp.gate_proj
pruning layer 3 name mlp.down_proj
pruning layer 3 name mlp.up_proj
pruning layer 4 name self_attn.q_proj
pruning layer 4 name self_attn.k_proj
pruning layer 4 name self_attn.v_proj
pruning layer 4 name self_attn.o_proj
pruning layer 4 name mlp.gate_proj
pruning layer 4 name mlp.down_proj
pruning layer 4 name mlp.up_proj
pruning layer 5 name self_attn.q_proj
pruning layer 5 name self_attn.k_proj
pruning layer 5 name self_attn.v_proj
pruning layer 5 name self_attn.o_proj
pruning layer 5 name mlp.gate_proj
pruning layer 5 name mlp.down_proj
pruning layer 5 name mlp.up_proj
pruning layer 6 name self_attn.q_proj
pruning layer 6 name self_attn.k_proj
pruning layer 6 name self_attn.v_proj
pruning layer 6 name self_attn.o_proj
pruning layer 6 name mlp.gate_proj
pruning layer 6 name mlp.down_proj
pruning layer 6 name mlp.up_proj
pruning layer 7 name self_attn.q_proj
pruning layer 7 name self_attn.k_proj
pruning layer 7 name self_attn.v_proj
pruning layer 7 name self_attn.o_proj
pruning layer 7 name mlp.gate_proj
pruning layer 7 name mlp.down_proj
pruning layer 7 name mlp.up_proj
pruning layer 8 name self_attn.q_proj
pruning layer 8 name self_attn.k_proj
pruning layer 8 name self_attn.v_proj
pruning layer 8 name self_attn.o_proj
pruning layer 8 name mlp.gate_proj
pruning layer 8 name mlp.down_proj
pruning layer 8 name mlp.up_proj
pruning layer 9 name self_attn.q_proj
pruning layer 9 name self_attn.k_proj
pruning layer 9 name self_attn.v_proj
pruning layer 9 name self_attn.o_proj
pruning layer 9 name mlp.gate_proj
pruning layer 9 name mlp.down_proj
pruning layer 9 name mlp.up_proj
pruning layer 10 name self_attn.q_proj
pruning layer 10 name self_attn.k_proj
pruning layer 10 name self_attn.v_proj
pruning layer 10 name self_attn.o_proj
pruning layer 10 name mlp.gate_proj
pruning layer 10 name mlp.down_proj
pruning layer 10 name mlp.up_proj
pruning layer 11 name self_attn.q_proj
pruning layer 11 name self_attn.k_proj
pruning layer 11 name self_attn.v_proj
pruning layer 11 name self_attn.o_proj
pruning layer 11 name mlp.gate_proj
pruning layer 11 name mlp.down_proj
pruning layer 11 name mlp.up_proj
pruning layer 12 name self_attn.q_proj
pruning layer 12 name self_attn.k_proj
pruning layer 12 name self_attn.v_proj
pruning layer 12 name self_attn.o_proj
pruning layer 12 name mlp.gate_proj
pruning layer 12 name mlp.down_proj
pruning layer 12 name mlp.up_proj
pruning layer 13 name self_attn.q_proj
pruning layer 13 name self_attn.k_proj
pruning layer 13 name self_attn.v_proj
pruning layer 13 name self_attn.o_proj
pruning layer 13 name mlp.gate_proj
pruning layer 13 name mlp.down_proj
pruning layer 13 name mlp.up_proj
pruning layer 14 name self_attn.q_proj
pruning layer 14 name self_attn.k_proj
pruning layer 14 name self_attn.v_proj
pruning layer 14 name self_attn.o_proj
pruning layer 14 name mlp.gate_proj
pruning layer 14 name mlp.down_proj
pruning layer 14 name mlp.up_proj
pruning layer 15 name self_attn.q_proj
pruning layer 15 name self_attn.k_proj
pruning layer 15 name self_attn.v_proj
pruning layer 15 name self_attn.o_proj
pruning layer 15 name mlp.gate_proj
pruning layer 15 name mlp.down_proj
pruning layer 15 name mlp.up_proj
pruning layer 16 name self_attn.q_proj
pruning layer 16 name self_attn.k_proj
pruning layer 16 name self_attn.v_proj
pruning layer 16 name self_attn.o_proj
pruning layer 16 name mlp.gate_proj
pruning layer 16 name mlp.down_proj
pruning layer 16 name mlp.up_proj
pruning layer 17 name self_attn.q_proj
pruning layer 17 name self_attn.k_proj
pruning layer 17 name self_attn.v_proj
pruning layer 17 name self_attn.o_proj
pruning layer 17 name mlp.gate_proj
pruning layer 17 name mlp.down_proj
pruning layer 17 name mlp.up_proj
pruning layer 18 name self_attn.q_proj
pruning layer 18 name self_attn.k_proj
pruning layer 18 name self_attn.v_proj
pruning layer 18 name self_attn.o_proj
pruning layer 18 name mlp.gate_proj
pruning layer 18 name mlp.down_proj
pruning layer 18 name mlp.up_proj
pruning layer 19 name self_attn.q_proj
pruning layer 19 name self_attn.k_proj
pruning layer 19 name self_attn.v_proj
pruning layer 19 name self_attn.o_proj
pruning layer 19 name mlp.gate_proj
pruning layer 19 name mlp.down_proj
pruning layer 19 name mlp.up_proj
pruning layer 20 name self_attn.q_proj
pruning layer 20 name self_attn.k_proj
pruning layer 20 name self_attn.v_proj
pruning layer 20 name self_attn.o_proj
pruning layer 20 name mlp.gate_proj
pruning layer 20 name mlp.down_proj
pruning layer 20 name mlp.up_proj
pruning layer 21 name self_attn.q_proj
pruning layer 21 name self_attn.k_proj
pruning layer 21 name self_attn.v_proj
pruning layer 21 name self_attn.o_proj
pruning layer 21 name mlp.gate_proj
pruning layer 21 name mlp.down_proj
pruning layer 21 name mlp.up_proj
pruning layer 22 name self_attn.q_proj
pruning layer 22 name self_attn.k_proj
pruning layer 22 name self_attn.v_proj
pruning layer 22 name self_attn.o_proj
pruning layer 22 name mlp.gate_proj
pruning layer 22 name mlp.down_proj
pruning layer 22 name mlp.up_proj
pruning layer 23 name self_attn.q_proj
pruning layer 23 name self_attn.k_proj
pruning layer 23 name self_attn.v_proj
pruning layer 23 name self_attn.o_proj
pruning layer 23 name mlp.gate_proj
pruning layer 23 name mlp.down_proj
pruning layer 23 name mlp.up_proj
pruning layer 24 name self_attn.q_proj
pruning layer 24 name self_attn.k_proj
pruning layer 24 name self_attn.v_proj
pruning layer 24 name self_attn.o_proj
pruning layer 24 name mlp.gate_proj
pruning layer 24 name mlp.down_proj
pruning layer 24 name mlp.up_proj
pruning layer 25 name self_attn.q_proj
pruning layer 25 name self_attn.k_proj
pruning layer 25 name self_attn.v_proj
pruning layer 25 name self_attn.o_proj
pruning layer 25 name mlp.gate_proj
pruning layer 25 name mlp.down_proj
pruning layer 25 name mlp.up_proj
pruning layer 26 name self_attn.q_proj
pruning layer 26 name self_attn.k_proj
pruning layer 26 name self_attn.v_proj
pruning layer 26 name self_attn.o_proj
pruning layer 26 name mlp.gate_proj
pruning layer 26 name mlp.down_proj
pruning layer 26 name mlp.up_proj
pruning layer 27 name self_attn.q_proj
pruning layer 27 name self_attn.k_proj
pruning layer 27 name self_attn.v_proj
pruning layer 27 name self_attn.o_proj
pruning layer 27 name mlp.gate_proj
pruning layer 27 name mlp.down_proj
pruning layer 27 name mlp.up_proj
pruning layer 28 name self_attn.q_proj
pruning layer 28 name self_attn.k_proj
pruning layer 28 name self_attn.v_proj
pruning layer 28 name self_attn.o_proj
pruning layer 28 name mlp.gate_proj
pruning layer 28 name mlp.down_proj
pruning layer 28 name mlp.up_proj
pruning layer 29 name self_attn.q_proj
pruning layer 29 name self_attn.k_proj
pruning layer 29 name self_attn.v_proj
pruning layer 29 name self_attn.o_proj
pruning layer 29 name mlp.gate_proj
pruning layer 29 name mlp.down_proj
pruning layer 29 name mlp.up_proj
pruning layer 30 name self_attn.q_proj
pruning layer 30 name self_attn.k_proj
pruning layer 30 name self_attn.v_proj
pruning layer 30 name self_attn.o_proj
pruning layer 30 name mlp.gate_proj
pruning layer 30 name mlp.down_proj
pruning layer 30 name mlp.up_proj
pruning layer 31 name self_attn.q_proj
pruning layer 31 name self_attn.k_proj
pruning layer 31 name self_attn.v_proj
pruning layer 31 name self_attn.o_proj
pruning layer 31 name mlp.gate_proj
pruning layer 31 name mlp.down_proj
pruning layer 31 name mlp.up_proj
******************************
layer 0 sparsity 0.670203
layer 1 sparsity 0.647937
layer 2 sparsity 0.646745
layer 3 sparsity 0.596966
layer 4 sparsity 0.646014
layer 5 sparsity 0.657502
layer 6 sparsity 0.638222
layer 7 sparsity 0.646725
layer 8 sparsity 0.660657
layer 9 sparsity 0.664083
layer 10 sparsity 0.665064
layer 11 sparsity 0.667508
layer 12 sparsity 0.669932
layer 13 sparsity 0.680188
layer 14 sparsity 0.686308
layer 15 sparsity 0.702164
layer 16 sparsity 0.713612
layer 17 sparsity 0.720984
layer 18 sparsity 0.727544
layer 19 sparsity 0.733684
layer 20 sparsity 0.738532
layer 21 sparsity 0.738301
layer 22 sparsity 0.741246
layer 23 sparsity 0.741687
layer 24 sparsity 0.745403
layer 25 sparsity 0.741707
layer 26 sparsity 0.748558
layer 27 sparsity 0.751483
layer 28 sparsity 0.752484
layer 29 sparsity 0.757081
layer 30 sparsity 0.751733
layer 31 sparsity 0.746094
sparsity sanity check 0.6999
******************************
evaluating on wikitext2
nsamples 166
sample 0
sample 50
sample 100
sample 150
begin calcualte ppl
[TIME] this run took 440.92 seconds (7.35 min)
[RESULT] final ppl on wikitext = 30.4131
===== 1|0.01|0.5|linear|0.019|0.2|True | 448s | exit=0 =====
/home/xiaokang/miniconda3/envs/prune_llm/lib/python3.9/site-packages/torch/torch_version.py:3: UserWarning: pkg_resources is deprecated as an API. See https://setuptools.pypa.io/en/latest/pkg_resources.html. The pkg_resources package is slated for removal as early as 2025-11-30. Refrain from using this package or pin to Setuptools<81.
  from pkg_resources import packaging  # type: ignore[attr-defined]
[DEBUG] running: /home/xiaokang/OWL/OWL-version2/risk-prune/main.py
[DEBUG] HF_ENDPOINT env: None
[DEBUG] HfApi endpoint: https://huggingface.co
# of gpus:  1
[DEBUG] Parsed args:
  nsamples               = 32
  risk_k                 = 1
  risk_probe             = 0.01
  risk_decay             = 0.5
  risk_decay_type        = linear
  risk_decay_beta        = 0.019
  risk_alpha             = 0.2
  consider_current_layer_in_risk = True
Loading checkpoint shards:   0%|          | 0/2 [00:00<?, ?it/s]Loading checkpoint shards:  50%|█████     | 1/2 [00:04<00:04,  4.63s/it]Loading checkpoint shards: 100%|██████████| 2/2 [00:05<00:00,  2.71s/it]Loading checkpoint shards: 100%|██████████| 2/2 [00:06<00:00,  3.00s/it]
use device  cuda:0
target sparsity 0.7
pruning starts
loading calibration data
dataset loading complete
after adjustment [0.32958993 0.35201764 0.3531447  0.40285856 0.35389492 0.34238687
 0.3616122  0.35324785 0.33922172 0.33577734 0.33478847 0.33232886
 0.33001202 0.31973645 0.31355914 0.29771018 0.28634277 0.27885374
 0.27234805 0.26612282 0.26138875 0.2615431  0.25859636 0.2582925
 0.25443995 0.25821882 0.2513008  0.24841619 0.2473247  0.24285854
 0.24818015 0.25388646] mean 0.3 max 0.40285856 min 0.24285854
pruning layer 0 name self_attn.q_proj
pruning layer 0 name self_attn.k_proj
pruning layer 0 name self_attn.v_proj
pruning layer 0 name self_attn.o_proj
pruning layer 0 name mlp.gate_proj
pruning layer 0 name mlp.down_proj
pruning layer 0 name mlp.up_proj
pruning layer 1 name self_attn.q_proj
pruning layer 1 name self_attn.k_proj
pruning layer 1 name self_attn.v_proj
pruning layer 1 name self_attn.o_proj
pruning layer 1 name mlp.gate_proj
pruning layer 1 name mlp.down_proj
pruning layer 1 name mlp.up_proj
pruning layer 2 name self_attn.q_proj
pruning layer 2 name self_attn.k_proj
pruning layer 2 name self_attn.v_proj
pruning layer 2 name self_attn.o_proj
pruning layer 2 name mlp.gate_proj
pruning layer 2 name mlp.down_proj
pruning layer 2 name mlp.up_proj
pruning layer 3 name self_attn.q_proj
pruning layer 3 name self_attn.k_proj
pruning layer 3 name self_attn.v_proj
pruning layer 3 name self_attn.o_proj
pruning layer 3 name mlp.gate_proj
pruning layer 3 name mlp.down_proj
pruning layer 3 name mlp.up_proj
pruning layer 4 name self_attn.q_proj
pruning layer 4 name self_attn.k_proj
pruning layer 4 name self_attn.v_proj
pruning layer 4 name self_attn.o_proj
pruning layer 4 name mlp.gate_proj
pruning layer 4 name mlp.down_proj
pruning layer 4 name mlp.up_proj
pruning layer 5 name self_attn.q_proj
pruning layer 5 name self_attn.k_proj
pruning layer 5 name self_attn.v_proj
pruning layer 5 name self_attn.o_proj
pruning layer 5 name mlp.gate_proj
pruning layer 5 name mlp.down_proj
pruning layer 5 name mlp.up_proj
pruning layer 6 name self_attn.q_proj
pruning layer 6 name self_attn.k_proj
pruning layer 6 name self_attn.v_proj
pruning layer 6 name self_attn.o_proj
pruning layer 6 name mlp.gate_proj
pruning layer 6 name mlp.down_proj
pruning layer 6 name mlp.up_proj
pruning layer 7 name self_attn.q_proj
pruning layer 7 name self_attn.k_proj
pruning layer 7 name self_attn.v_proj
pruning layer 7 name self_attn.o_proj
pruning layer 7 name mlp.gate_proj
pruning layer 7 name mlp.down_proj
pruning layer 7 name mlp.up_proj
pruning layer 8 name self_attn.q_proj
pruning layer 8 name self_attn.k_proj
pruning layer 8 name self_attn.v_proj
pruning layer 8 name self_attn.o_proj
pruning layer 8 name mlp.gate_proj
pruning layer 8 name mlp.down_proj
pruning layer 8 name mlp.up_proj
pruning layer 9 name self_attn.q_proj
pruning layer 9 name self_attn.k_proj
pruning layer 9 name self_attn.v_proj
pruning layer 9 name self_attn.o_proj
pruning layer 9 name mlp.gate_proj
pruning layer 9 name mlp.down_proj
pruning layer 9 name mlp.up_proj
pruning layer 10 name self_attn.q_proj
pruning layer 10 name self_attn.k_proj
pruning layer 10 name self_attn.v_proj
pruning layer 10 name self_attn.o_proj
pruning layer 10 name mlp.gate_proj
pruning layer 10 name mlp.down_proj
pruning layer 10 name mlp.up_proj
pruning layer 11 name self_attn.q_proj
pruning layer 11 name self_attn.k_proj
pruning layer 11 name self_attn.v_proj
pruning layer 11 name self_attn.o_proj
pruning layer 11 name mlp.gate_proj
pruning layer 11 name mlp.down_proj
pruning layer 11 name mlp.up_proj
pruning layer 12 name self_attn.q_proj
pruning layer 12 name self_attn.k_proj
pruning layer 12 name self_attn.v_proj
pruning layer 12 name self_attn.o_proj
pruning layer 12 name mlp.gate_proj
pruning layer 12 name mlp.down_proj
pruning layer 12 name mlp.up_proj
pruning layer 13 name self_attn.q_proj
pruning layer 13 name self_attn.k_proj
pruning layer 13 name self_attn.v_proj
pruning layer 13 name self_attn.o_proj
pruning layer 13 name mlp.gate_proj
pruning layer 13 name mlp.down_proj
pruning layer 13 name mlp.up_proj
pruning layer 14 name self_attn.q_proj
pruning layer 14 name self_attn.k_proj
pruning layer 14 name self_attn.v_proj
pruning layer 14 name self_attn.o_proj
pruning layer 14 name mlp.gate_proj
pruning layer 14 name mlp.down_proj
pruning layer 14 name mlp.up_proj
pruning layer 15 name self_attn.q_proj
pruning layer 15 name self_attn.k_proj
pruning layer 15 name self_attn.v_proj
pruning layer 15 name self_attn.o_proj
pruning layer 15 name mlp.gate_proj
pruning layer 15 name mlp.down_proj
pruning layer 15 name mlp.up_proj
pruning layer 16 name self_attn.q_proj
pruning layer 16 name self_attn.k_proj
pruning layer 16 name self_attn.v_proj
pruning layer 16 name self_attn.o_proj
pruning layer 16 name mlp.gate_proj
pruning layer 16 name mlp.down_proj
pruning layer 16 name mlp.up_proj
pruning layer 17 name self_attn.q_proj
pruning layer 17 name self_attn.k_proj
pruning layer 17 name self_attn.v_proj
pruning layer 17 name self_attn.o_proj
pruning layer 17 name mlp.gate_proj
pruning layer 17 name mlp.down_proj
pruning layer 17 name mlp.up_proj
pruning layer 18 name self_attn.q_proj
pruning layer 18 name self_attn.k_proj
pruning layer 18 name self_attn.v_proj
pruning layer 18 name self_attn.o_proj
pruning layer 18 name mlp.gate_proj
pruning layer 18 name mlp.down_proj
pruning layer 18 name mlp.up_proj
pruning layer 19 name self_attn.q_proj
pruning layer 19 name self_attn.k_proj
pruning layer 19 name self_attn.v_proj
pruning layer 19 name self_attn.o_proj
pruning layer 19 name mlp.gate_proj
pruning layer 19 name mlp.down_proj
pruning layer 19 name mlp.up_proj
pruning layer 20 name self_attn.q_proj
pruning layer 20 name self_attn.k_proj
pruning layer 20 name self_attn.v_proj
pruning layer 20 name self_attn.o_proj
pruning layer 20 name mlp.gate_proj
pruning layer 20 name mlp.down_proj
pruning layer 20 name mlp.up_proj
pruning layer 21 name self_attn.q_proj
pruning layer 21 name self_attn.k_proj
pruning layer 21 name self_attn.v_proj
pruning layer 21 name self_attn.o_proj
pruning layer 21 name mlp.gate_proj
pruning layer 21 name mlp.down_proj
pruning layer 21 name mlp.up_proj
pruning layer 22 name self_attn.q_proj
pruning layer 22 name self_attn.k_proj
pruning layer 22 name self_attn.v_proj
pruning layer 22 name self_attn.o_proj
pruning layer 22 name mlp.gate_proj
pruning layer 22 name mlp.down_proj
pruning layer 22 name mlp.up_proj
pruning layer 23 name self_attn.q_proj
pruning layer 23 name self_attn.k_proj
pruning layer 23 name self_attn.v_proj
pruning layer 23 name self_attn.o_proj
pruning layer 23 name mlp.gate_proj
pruning layer 23 name mlp.down_proj
pruning layer 23 name mlp.up_proj
pruning layer 24 name self_attn.q_proj
pruning layer 24 name self_attn.k_proj
pruning layer 24 name self_attn.v_proj
pruning layer 24 name self_attn.o_proj
pruning layer 24 name mlp.gate_proj
pruning layer 24 name mlp.down_proj
pruning layer 24 name mlp.up_proj
pruning layer 25 name self_attn.q_proj
pruning layer 25 name self_attn.k_proj
pruning layer 25 name self_attn.v_proj
pruning layer 25 name self_attn.o_proj
pruning layer 25 name mlp.gate_proj
pruning layer 25 name mlp.down_proj
pruning layer 25 name mlp.up_proj
pruning layer 26 name self_attn.q_proj
pruning layer 26 name self_attn.k_proj
pruning layer 26 name self_attn.v_proj
pruning layer 26 name self_attn.o_proj
pruning layer 26 name mlp.gate_proj
pruning layer 26 name mlp.down_proj
pruning layer 26 name mlp.up_proj
pruning layer 27 name self_attn.q_proj
pruning layer 27 name self_attn.k_proj
pruning layer 27 name self_attn.v_proj
pruning layer 27 name self_attn.o_proj
pruning layer 27 name mlp.gate_proj
pruning layer 27 name mlp.down_proj
pruning layer 27 name mlp.up_proj
pruning layer 28 name self_attn.q_proj
pruning layer 28 name self_attn.k_proj
pruning layer 28 name self_attn.v_proj
pruning layer 28 name self_attn.o_proj
pruning layer 28 name mlp.gate_proj
pruning layer 28 name mlp.down_proj
pruning layer 28 name mlp.up_proj
pruning layer 29 name self_attn.q_proj
pruning layer 29 name self_attn.k_proj
pruning layer 29 name self_attn.v_proj
pruning layer 29 name self_attn.o_proj
pruning layer 29 name mlp.gate_proj
pruning layer 29 name mlp.down_proj
pruning layer 29 name mlp.up_proj
pruning layer 30 name self_attn.q_proj
pruning layer 30 name self_attn.k_proj
pruning layer 30 name self_attn.v_proj
pruning layer 30 name self_attn.o_proj
pruning layer 30 name mlp.gate_proj
pruning layer 30 name mlp.down_proj
pruning layer 30 name mlp.up_proj
pruning layer 31 name self_attn.q_proj
pruning layer 31 name self_attn.k_proj
pruning layer 31 name self_attn.v_proj
pruning layer 31 name self_attn.o_proj
pruning layer 31 name mlp.gate_proj
pruning layer 31 name mlp.down_proj
pruning layer 31 name mlp.up_proj
******************************
layer 0 sparsity 0.670203
layer 1 sparsity 0.647937
layer 2 sparsity 0.646745
layer 3 sparsity 0.596966
layer 4 sparsity 0.646014
layer 5 sparsity 0.657502
layer 6 sparsity 0.638222
layer 7 sparsity 0.646725
layer 8 sparsity 0.660657
layer 9 sparsity 0.664083
layer 10 sparsity 0.665064
layer 11 sparsity 0.667508
layer 12 sparsity 0.669932
layer 13 sparsity 0.680188
layer 14 sparsity 0.686308
layer 15 sparsity 0.702164
layer 16 sparsity 0.713612
layer 17 sparsity 0.720984
layer 18 sparsity 0.727544
layer 19 sparsity 0.733684
layer 20 sparsity 0.738532
layer 21 sparsity 0.738301
layer 22 sparsity 0.741246
layer 23 sparsity 0.741687
layer 24 sparsity 0.745403
layer 25 sparsity 0.741707
layer 26 sparsity 0.748558
layer 27 sparsity 0.751483
layer 28 sparsity 0.752484
layer 29 sparsity 0.757081
layer 30 sparsity 0.751733
layer 31 sparsity 0.746094
sparsity sanity check 0.6999
******************************
evaluating on wikitext2
nsamples 166
sample 0
sample 50
sample 100
sample 150
begin calcualte ppl
[TIME] this run took 445.38 seconds (7.42 min)
[RESULT] final ppl on wikitext = 30.4131
===== 1|0.01|0.5|linear|0.019|0.25|False | 443s | exit=0 =====
/home/xiaokang/miniconda3/envs/prune_llm/lib/python3.9/site-packages/torch/torch_version.py:3: UserWarning: pkg_resources is deprecated as an API. See https://setuptools.pypa.io/en/latest/pkg_resources.html. The pkg_resources package is slated for removal as early as 2025-11-30. Refrain from using this package or pin to Setuptools<81.
  from pkg_resources import packaging  # type: ignore[attr-defined]
[DEBUG] running: /home/xiaokang/OWL/OWL-version2/risk-prune/main.py
[DEBUG] HF_ENDPOINT env: None
[DEBUG] HfApi endpoint: https://huggingface.co
# of gpus:  1
[DEBUG] Parsed args:
  nsamples               = 32
  risk_k                 = 1
  risk_probe             = 0.01
  risk_decay             = 0.5
  risk_decay_type        = linear
  risk_decay_beta        = 0.019
  risk_alpha             = 0.25
  consider_current_layer_in_risk = True
Loading checkpoint shards:   0%|          | 0/2 [00:00<?, ?it/s]Loading checkpoint shards:  50%|█████     | 1/2 [00:03<00:03,  3.58s/it]Loading checkpoint shards: 100%|██████████| 2/2 [00:04<00:00,  2.31s/it]Loading checkpoint shards: 100%|██████████| 2/2 [00:04<00:00,  2.50s/it]
use device  cuda:0
target sparsity 0.7
pruning starts
loading calibration data
dataset loading complete
after adjustment [0.33248317 0.35974663 0.35228512 0.40250945 0.353249   0.34171396
 0.36117813 0.35283303 0.33879372 0.33539835 0.33447    0.3320549
 0.32977468 0.3194371  0.31330344 0.2974399  0.2861223  0.2785144
 0.27204227 0.26579833 0.26111683 0.2612246  0.25833556 0.25804698
 0.25415277 0.25806537 0.25110978 0.24813733 0.2470479  0.24250945
 0.24925166 0.2518543 ] mean 0.3 max 0.40250945 min 0.24250945
pruning layer 0 name self_attn.q_proj
pruning layer 0 name self_attn.k_proj
pruning layer 0 name self_attn.v_proj
pruning layer 0 name self_attn.o_proj
pruning layer 0 name mlp.gate_proj
pruning layer 0 name mlp.down_proj
pruning layer 0 name mlp.up_proj
pruning layer 1 name self_attn.q_proj
pruning layer 1 name self_attn.k_proj
pruning layer 1 name self_attn.v_proj
pruning layer 1 name self_attn.o_proj
pruning layer 1 name mlp.gate_proj
pruning layer 1 name mlp.down_proj
pruning layer 1 name mlp.up_proj
pruning layer 2 name self_attn.q_proj
pruning layer 2 name self_attn.k_proj
pruning layer 2 name self_attn.v_proj
pruning layer 2 name self_attn.o_proj
pruning layer 2 name mlp.gate_proj
pruning layer 2 name mlp.down_proj
pruning layer 2 name mlp.up_proj
pruning layer 3 name self_attn.q_proj
pruning layer 3 name self_attn.k_proj
pruning layer 3 name self_attn.v_proj
pruning layer 3 name self_attn.o_proj
pruning layer 3 name mlp.gate_proj
pruning layer 3 name mlp.down_proj
pruning layer 3 name mlp.up_proj
pruning layer 4 name self_attn.q_proj
pruning layer 4 name self_attn.k_proj
pruning layer 4 name self_attn.v_proj
pruning layer 4 name self_attn.o_proj
pruning layer 4 name mlp.gate_proj
pruning layer 4 name mlp.down_proj
pruning layer 4 name mlp.up_proj
pruning layer 5 name self_attn.q_proj
pruning layer 5 name self_attn.k_proj
pruning layer 5 name self_attn.v_proj
pruning layer 5 name self_attn.o_proj
pruning layer 5 name mlp.gate_proj
pruning layer 5 name mlp.down_proj
pruning layer 5 name mlp.up_proj
pruning layer 6 name self_attn.q_proj
pruning layer 6 name self_attn.k_proj
pruning layer 6 name self_attn.v_proj
pruning layer 6 name self_attn.o_proj
pruning layer 6 name mlp.gate_proj
pruning layer 6 name mlp.down_proj
pruning layer 6 name mlp.up_proj
pruning layer 7 name self_attn.q_proj
pruning layer 7 name self_attn.k_proj
pruning layer 7 name self_attn.v_proj
pruning layer 7 name self_attn.o_proj
pruning layer 7 name mlp.gate_proj
pruning layer 7 name mlp.down_proj
pruning layer 7 name mlp.up_proj
pruning layer 8 name self_attn.q_proj
pruning layer 8 name self_attn.k_proj
pruning layer 8 name self_attn.v_proj
pruning layer 8 name self_attn.o_proj
pruning layer 8 name mlp.gate_proj
pruning layer 8 name mlp.down_proj
pruning layer 8 name mlp.up_proj
pruning layer 9 name self_attn.q_proj
pruning layer 9 name self_attn.k_proj
pruning layer 9 name self_attn.v_proj
pruning layer 9 name self_attn.o_proj
pruning layer 9 name mlp.gate_proj
pruning layer 9 name mlp.down_proj
pruning layer 9 name mlp.up_proj
pruning layer 10 name self_attn.q_proj
pruning layer 10 name self_attn.k_proj
pruning layer 10 name self_attn.v_proj
pruning layer 10 name self_attn.o_proj
pruning layer 10 name mlp.gate_proj
pruning layer 10 name mlp.down_proj
pruning layer 10 name mlp.up_proj
pruning layer 11 name self_attn.q_proj
pruning layer 11 name self_attn.k_proj
pruning layer 11 name self_attn.v_proj
pruning layer 11 name self_attn.o_proj
pruning layer 11 name mlp.gate_proj
pruning layer 11 name mlp.down_proj
pruning layer 11 name mlp.up_proj
pruning layer 12 name self_attn.q_proj
pruning layer 12 name self_attn.k_proj
pruning layer 12 name self_attn.v_proj
pruning layer 12 name self_attn.o_proj
pruning layer 12 name mlp.gate_proj
pruning layer 12 name mlp.down_proj
pruning layer 12 name mlp.up_proj
pruning layer 13 name self_attn.q_proj
pruning layer 13 name self_attn.k_proj
pruning layer 13 name self_attn.v_proj
pruning layer 13 name self_attn.o_proj
pruning layer 13 name mlp.gate_proj
pruning layer 13 name mlp.down_proj
pruning layer 13 name mlp.up_proj
pruning layer 14 name self_attn.q_proj
pruning layer 14 name self_attn.k_proj
pruning layer 14 name self_attn.v_proj
pruning layer 14 name self_attn.o_proj
pruning layer 14 name mlp.gate_proj
pruning layer 14 name mlp.down_proj
pruning layer 14 name mlp.up_proj
pruning layer 15 name self_attn.q_proj
pruning layer 15 name self_attn.k_proj
pruning layer 15 name self_attn.v_proj
pruning layer 15 name self_attn.o_proj
pruning layer 15 name mlp.gate_proj
pruning layer 15 name mlp.down_proj
pruning layer 15 name mlp.up_proj
pruning layer 16 name self_attn.q_proj
pruning layer 16 name self_attn.k_proj
pruning layer 16 name self_attn.v_proj
pruning layer 16 name self_attn.o_proj
pruning layer 16 name mlp.gate_proj
pruning layer 16 name mlp.down_proj
pruning layer 16 name mlp.up_proj
pruning layer 17 name self_attn.q_proj
pruning layer 17 name self_attn.k_proj
pruning layer 17 name self_attn.v_proj
pruning layer 17 name self_attn.o_proj
pruning layer 17 name mlp.gate_proj
pruning layer 17 name mlp.down_proj
pruning layer 17 name mlp.up_proj
pruning layer 18 name self_attn.q_proj
pruning layer 18 name self_attn.k_proj
pruning layer 18 name self_attn.v_proj
pruning layer 18 name self_attn.o_proj
pruning layer 18 name mlp.gate_proj
pruning layer 18 name mlp.down_proj
pruning layer 18 name mlp.up_proj
pruning layer 19 name self_attn.q_proj
pruning layer 19 name self_attn.k_proj
pruning layer 19 name self_attn.v_proj
pruning layer 19 name self_attn.o_proj
pruning layer 19 name mlp.gate_proj
pruning layer 19 name mlp.down_proj
pruning layer 19 name mlp.up_proj
pruning layer 20 name self_attn.q_proj
pruning layer 20 name self_attn.k_proj
pruning layer 20 name self_attn.v_proj
pruning layer 20 name self_attn.o_proj
pruning layer 20 name mlp.gate_proj
pruning layer 20 name mlp.down_proj
pruning layer 20 name mlp.up_proj
pruning layer 21 name self_attn.q_proj
pruning layer 21 name self_attn.k_proj
pruning layer 21 name self_attn.v_proj
pruning layer 21 name self_attn.o_proj
pruning layer 21 name mlp.gate_proj
pruning layer 21 name mlp.down_proj
pruning layer 21 name mlp.up_proj
pruning layer 22 name self_attn.q_proj
pruning layer 22 name self_attn.k_proj
pruning layer 22 name self_attn.v_proj
pruning layer 22 name self_attn.o_proj
pruning layer 22 name mlp.gate_proj
pruning layer 22 name mlp.down_proj
pruning layer 22 name mlp.up_proj
pruning layer 23 name self_attn.q_proj
pruning layer 23 name self_attn.k_proj
pruning layer 23 name self_attn.v_proj
pruning layer 23 name self_attn.o_proj
pruning layer 23 name mlp.gate_proj
pruning layer 23 name mlp.down_proj
pruning layer 23 name mlp.up_proj
pruning layer 24 name self_attn.q_proj
pruning layer 24 name self_attn.k_proj
pruning layer 24 name self_attn.v_proj
pruning layer 24 name self_attn.o_proj
pruning layer 24 name mlp.gate_proj
pruning layer 24 name mlp.down_proj
pruning layer 24 name mlp.up_proj
pruning layer 25 name self_attn.q_proj
pruning layer 25 name self_attn.k_proj
pruning layer 25 name self_attn.v_proj
pruning layer 25 name self_attn.o_proj
pruning layer 25 name mlp.gate_proj
pruning layer 25 name mlp.down_proj
pruning layer 25 name mlp.up_proj
pruning layer 26 name self_attn.q_proj
pruning layer 26 name self_attn.k_proj
pruning layer 26 name self_attn.v_proj
pruning layer 26 name self_attn.o_proj
pruning layer 26 name mlp.gate_proj
pruning layer 26 name mlp.down_proj
pruning layer 26 name mlp.up_proj
pruning layer 27 name self_attn.q_proj
pruning layer 27 name self_attn.k_proj
pruning layer 27 name self_attn.v_proj
pruning layer 27 name self_attn.o_proj
pruning layer 27 name mlp.gate_proj
pruning layer 27 name mlp.down_proj
pruning layer 27 name mlp.up_proj
pruning layer 28 name self_attn.q_proj
pruning layer 28 name self_attn.k_proj
pruning layer 28 name self_attn.v_proj
pruning layer 28 name self_attn.o_proj
pruning layer 28 name mlp.gate_proj
pruning layer 28 name mlp.down_proj
pruning layer 28 name mlp.up_proj
pruning layer 29 name self_attn.q_proj
pruning layer 29 name self_attn.k_proj
pruning layer 29 name self_attn.v_proj
pruning layer 29 name self_attn.o_proj
pruning layer 29 name mlp.gate_proj
pruning layer 29 name mlp.down_proj
pruning layer 29 name mlp.up_proj
pruning layer 30 name self_attn.q_proj
pruning layer 30 name self_attn.k_proj
pruning layer 30 name self_attn.v_proj
pruning layer 30 name self_attn.o_proj
pruning layer 30 name mlp.gate_proj
pruning layer 30 name mlp.down_proj
pruning layer 30 name mlp.up_proj
pruning layer 31 name self_attn.q_proj
pruning layer 31 name self_attn.k_proj
pruning layer 31 name self_attn.v_proj
pruning layer 31 name self_attn.o_proj
pruning layer 31 name mlp.gate_proj
pruning layer 31 name mlp.down_proj
pruning layer 31 name mlp.up_proj
******************************
layer 0 sparsity 0.667488
layer 1 sparsity 0.640144
layer 2 sparsity 0.647706
layer 3 sparsity 0.597426
layer 4 sparsity 0.646725
layer 5 sparsity 0.658213
layer 6 sparsity 0.638702
layer 7 sparsity 0.647016
layer 8 sparsity 0.661138
layer 9 sparsity 0.664543
layer 10 sparsity 0.665525
layer 11 sparsity 0.667759
layer 12 sparsity 0.670162
layer 13 sparsity 0.680439
layer 14 sparsity 0.686559
layer 15 sparsity 0.702414
layer 16 sparsity 0.713862
layer 17 sparsity 0.721444
layer 18 sparsity 0.727815
layer 19 sparsity 0.734145
layer 20 sparsity 0.738782
layer 21 sparsity 0.738762
layer 22 sparsity 0.741497
layer 23 sparsity 0.741937
layer 24 sparsity 0.745654
layer 25 sparsity 0.741747
layer 26 sparsity 0.748788
layer 27 sparsity 0.751733
layer 28 sparsity 0.752925
layer 29 sparsity 0.757352
layer 30 sparsity 0.750731
layer 31 sparsity 0.748057
sparsity sanity check 0.6999
******************************
evaluating on wikitext2
nsamples 166
sample 0
sample 50
sample 100
sample 150
begin calcualte ppl
[TIME] this run took 439.63 seconds (7.33 min)
[RESULT] final ppl on wikitext = 31.5447
===== 1|0.01|0.5|linear|0.019|0.25|True | 443s | exit=0 =====
/home/xiaokang/miniconda3/envs/prune_llm/lib/python3.9/site-packages/torch/torch_version.py:3: UserWarning: pkg_resources is deprecated as an API. See https://setuptools.pypa.io/en/latest/pkg_resources.html. The pkg_resources package is slated for removal as early as 2025-11-30. Refrain from using this package or pin to Setuptools<81.
  from pkg_resources import packaging  # type: ignore[attr-defined]
[DEBUG] running: /home/xiaokang/OWL/OWL-version2/risk-prune/main.py
[DEBUG] HF_ENDPOINT env: None
[DEBUG] HfApi endpoint: https://huggingface.co
# of gpus:  1
[DEBUG] Parsed args:
  nsamples               = 32
  risk_k                 = 1
  risk_probe             = 0.01
  risk_decay             = 0.5
  risk_decay_type        = linear
  risk_decay_beta        = 0.019
  risk_alpha             = 0.25
  consider_current_layer_in_risk = True
Loading checkpoint shards:   0%|          | 0/2 [00:00<?, ?it/s]Loading checkpoint shards:  50%|█████     | 1/2 [00:03<00:03,  3.88s/it]Loading checkpoint shards: 100%|██████████| 2/2 [00:05<00:00,  2.41s/it]Loading checkpoint shards: 100%|██████████| 2/2 [00:05<00:00,  2.63s/it]
use device  cuda:0
target sparsity 0.7
pruning starts
loading calibration data
dataset loading complete
after adjustment [0.33248317 0.35974663 0.35228512 0.40250945 0.353249   0.34171396
 0.36117813 0.35283303 0.33879372 0.33539835 0.33447    0.3320549
 0.32977468 0.3194371  0.31330344 0.2974399  0.2861223  0.2785144
 0.27204227 0.26579833 0.26111683 0.2612246  0.25833556 0.25804698
 0.25415277 0.25806537 0.25110978 0.24813733 0.2470479  0.24250945
 0.24925166 0.2518543 ] mean 0.3 max 0.40250945 min 0.24250945
pruning layer 0 name self_attn.q_proj
pruning layer 0 name self_attn.k_proj
pruning layer 0 name self_attn.v_proj
pruning layer 0 name self_attn.o_proj
pruning layer 0 name mlp.gate_proj
pruning layer 0 name mlp.down_proj
pruning layer 0 name mlp.up_proj
pruning layer 1 name self_attn.q_proj
pruning layer 1 name self_attn.k_proj
pruning layer 1 name self_attn.v_proj
pruning layer 1 name self_attn.o_proj
pruning layer 1 name mlp.gate_proj
pruning layer 1 name mlp.down_proj
pruning layer 1 name mlp.up_proj
pruning layer 2 name self_attn.q_proj
pruning layer 2 name self_attn.k_proj
pruning layer 2 name self_attn.v_proj
pruning layer 2 name self_attn.o_proj
pruning layer 2 name mlp.gate_proj
pruning layer 2 name mlp.down_proj
pruning layer 2 name mlp.up_proj
pruning layer 3 name self_attn.q_proj
pruning layer 3 name self_attn.k_proj
pruning layer 3 name self_attn.v_proj
pruning layer 3 name self_attn.o_proj
pruning layer 3 name mlp.gate_proj
pruning layer 3 name mlp.down_proj
pruning layer 3 name mlp.up_proj
pruning layer 4 name self_attn.q_proj
pruning layer 4 name self_attn.k_proj
pruning layer 4 name self_attn.v_proj
pruning layer 4 name self_attn.o_proj
pruning layer 4 name mlp.gate_proj
pruning layer 4 name mlp.down_proj
pruning layer 4 name mlp.up_proj
pruning layer 5 name self_attn.q_proj
pruning layer 5 name self_attn.k_proj
pruning layer 5 name self_attn.v_proj
pruning layer 5 name self_attn.o_proj
pruning layer 5 name mlp.gate_proj
pruning layer 5 name mlp.down_proj
pruning layer 5 name mlp.up_proj
pruning layer 6 name self_attn.q_proj
pruning layer 6 name self_attn.k_proj
pruning layer 6 name self_attn.v_proj
pruning layer 6 name self_attn.o_proj
pruning layer 6 name mlp.gate_proj
pruning layer 6 name mlp.down_proj
pruning layer 6 name mlp.up_proj
pruning layer 7 name self_attn.q_proj
pruning layer 7 name self_attn.k_proj
pruning layer 7 name self_attn.v_proj
pruning layer 7 name self_attn.o_proj
pruning layer 7 name mlp.gate_proj
pruning layer 7 name mlp.down_proj
pruning layer 7 name mlp.up_proj
pruning layer 8 name self_attn.q_proj
pruning layer 8 name self_attn.k_proj
pruning layer 8 name self_attn.v_proj
pruning layer 8 name self_attn.o_proj
pruning layer 8 name mlp.gate_proj
pruning layer 8 name mlp.down_proj
pruning layer 8 name mlp.up_proj
pruning layer 9 name self_attn.q_proj
pruning layer 9 name self_attn.k_proj
pruning layer 9 name self_attn.v_proj
pruning layer 9 name self_attn.o_proj
pruning layer 9 name mlp.gate_proj
pruning layer 9 name mlp.down_proj
pruning layer 9 name mlp.up_proj
pruning layer 10 name self_attn.q_proj
pruning layer 10 name self_attn.k_proj
pruning layer 10 name self_attn.v_proj
pruning layer 10 name self_attn.o_proj
pruning layer 10 name mlp.gate_proj
pruning layer 10 name mlp.down_proj
pruning layer 10 name mlp.up_proj
pruning layer 11 name self_attn.q_proj
pruning layer 11 name self_attn.k_proj
pruning layer 11 name self_attn.v_proj
pruning layer 11 name self_attn.o_proj
pruning layer 11 name mlp.gate_proj
pruning layer 11 name mlp.down_proj
pruning layer 11 name mlp.up_proj
pruning layer 12 name self_attn.q_proj
pruning layer 12 name self_attn.k_proj
pruning layer 12 name self_attn.v_proj
pruning layer 12 name self_attn.o_proj
pruning layer 12 name mlp.gate_proj
pruning layer 12 name mlp.down_proj
pruning layer 12 name mlp.up_proj
pruning layer 13 name self_attn.q_proj
pruning layer 13 name self_attn.k_proj
pruning layer 13 name self_attn.v_proj
pruning layer 13 name self_attn.o_proj
pruning layer 13 name mlp.gate_proj
pruning layer 13 name mlp.down_proj
pruning layer 13 name mlp.up_proj
pruning layer 14 name self_attn.q_proj
pruning layer 14 name self_attn.k_proj
pruning layer 14 name self_attn.v_proj
pruning layer 14 name self_attn.o_proj
pruning layer 14 name mlp.gate_proj
pruning layer 14 name mlp.down_proj
pruning layer 14 name mlp.up_proj
pruning layer 15 name self_attn.q_proj
pruning layer 15 name self_attn.k_proj
pruning layer 15 name self_attn.v_proj
pruning layer 15 name self_attn.o_proj
pruning layer 15 name mlp.gate_proj
pruning layer 15 name mlp.down_proj
pruning layer 15 name mlp.up_proj
pruning layer 16 name self_attn.q_proj
pruning layer 16 name self_attn.k_proj
pruning layer 16 name self_attn.v_proj
pruning layer 16 name self_attn.o_proj
pruning layer 16 name mlp.gate_proj
pruning layer 16 name mlp.down_proj
pruning layer 16 name mlp.up_proj
pruning layer 17 name self_attn.q_proj
pruning layer 17 name self_attn.k_proj
pruning layer 17 name self_attn.v_proj
pruning layer 17 name self_attn.o_proj
pruning layer 17 name mlp.gate_proj
pruning layer 17 name mlp.down_proj
pruning layer 17 name mlp.up_proj
pruning layer 18 name self_attn.q_proj
pruning layer 18 name self_attn.k_proj
pruning layer 18 name self_attn.v_proj
pruning layer 18 name self_attn.o_proj
pruning layer 18 name mlp.gate_proj
pruning layer 18 name mlp.down_proj
pruning layer 18 name mlp.up_proj
pruning layer 19 name self_attn.q_proj
pruning layer 19 name self_attn.k_proj
pruning layer 19 name self_attn.v_proj
pruning layer 19 name self_attn.o_proj
pruning layer 19 name mlp.gate_proj
pruning layer 19 name mlp.down_proj
pruning layer 19 name mlp.up_proj
pruning layer 20 name self_attn.q_proj
pruning layer 20 name self_attn.k_proj
pruning layer 20 name self_attn.v_proj
pruning layer 20 name self_attn.o_proj
pruning layer 20 name mlp.gate_proj
pruning layer 20 name mlp.down_proj
pruning layer 20 name mlp.up_proj
pruning layer 21 name self_attn.q_proj
pruning layer 21 name self_attn.k_proj
pruning layer 21 name self_attn.v_proj
pruning layer 21 name self_attn.o_proj
pruning layer 21 name mlp.gate_proj
pruning layer 21 name mlp.down_proj
pruning layer 21 name mlp.up_proj
pruning layer 22 name self_attn.q_proj
pruning layer 22 name self_attn.k_proj
pruning layer 22 name self_attn.v_proj
pruning layer 22 name self_attn.o_proj
pruning layer 22 name mlp.gate_proj
pruning layer 22 name mlp.down_proj
pruning layer 22 name mlp.up_proj
pruning layer 23 name self_attn.q_proj
pruning layer 23 name self_attn.k_proj
pruning layer 23 name self_attn.v_proj
pruning layer 23 name self_attn.o_proj
pruning layer 23 name mlp.gate_proj
pruning layer 23 name mlp.down_proj
pruning layer 23 name mlp.up_proj
pruning layer 24 name self_attn.q_proj
pruning layer 24 name self_attn.k_proj
pruning layer 24 name self_attn.v_proj
pruning layer 24 name self_attn.o_proj
pruning layer 24 name mlp.gate_proj
pruning layer 24 name mlp.down_proj
pruning layer 24 name mlp.up_proj
pruning layer 25 name self_attn.q_proj
pruning layer 25 name self_attn.k_proj
pruning layer 25 name self_attn.v_proj
pruning layer 25 name self_attn.o_proj
pruning layer 25 name mlp.gate_proj
pruning layer 25 name mlp.down_proj
pruning layer 25 name mlp.up_proj
pruning layer 26 name self_attn.q_proj
pruning layer 26 name self_attn.k_proj
pruning layer 26 name self_attn.v_proj
pruning layer 26 name self_attn.o_proj
pruning layer 26 name mlp.gate_proj
pruning layer 26 name mlp.down_proj
pruning layer 26 name mlp.up_proj
pruning layer 27 name self_attn.q_proj
pruning layer 27 name self_attn.k_proj
pruning layer 27 name self_attn.v_proj
pruning layer 27 name self_attn.o_proj
pruning layer 27 name mlp.gate_proj
pruning layer 27 name mlp.down_proj
pruning layer 27 name mlp.up_proj
pruning layer 28 name self_attn.q_proj
pruning layer 28 name self_attn.k_proj
pruning layer 28 name self_attn.v_proj
pruning layer 28 name self_attn.o_proj
pruning layer 28 name mlp.gate_proj
pruning layer 28 name mlp.down_proj
pruning layer 28 name mlp.up_proj
pruning layer 29 name self_attn.q_proj
pruning layer 29 name self_attn.k_proj
pruning layer 29 name self_attn.v_proj
pruning layer 29 name self_attn.o_proj
pruning layer 29 name mlp.gate_proj
pruning layer 29 name mlp.down_proj
pruning layer 29 name mlp.up_proj
pruning layer 30 name self_attn.q_proj
pruning layer 30 name self_attn.k_proj
pruning layer 30 name self_attn.v_proj
pruning layer 30 name self_attn.o_proj
pruning layer 30 name mlp.gate_proj
pruning layer 30 name mlp.down_proj
pruning layer 30 name mlp.up_proj
pruning layer 31 name self_attn.q_proj
pruning layer 31 name self_attn.k_proj
pruning layer 31 name self_attn.v_proj
pruning layer 31 name self_attn.o_proj
pruning layer 31 name mlp.gate_proj
pruning layer 31 name mlp.down_proj
pruning layer 31 name mlp.up_proj
******************************
layer 0 sparsity 0.667488
layer 1 sparsity 0.640144
layer 2 sparsity 0.647706
layer 3 sparsity 0.597426
layer 4 sparsity 0.646725
layer 5 sparsity 0.658213
layer 6 sparsity 0.638702
layer 7 sparsity 0.647016
layer 8 sparsity 0.661138
layer 9 sparsity 0.664543
layer 10 sparsity 0.665525
layer 11 sparsity 0.667759
layer 12 sparsity 0.670162
layer 13 sparsity 0.680439
layer 14 sparsity 0.686559
layer 15 sparsity 0.702414
layer 16 sparsity 0.713862
layer 17 sparsity 0.721444
layer 18 sparsity 0.727815
layer 19 sparsity 0.734145
layer 20 sparsity 0.738782
layer 21 sparsity 0.738762
layer 22 sparsity 0.741497
layer 23 sparsity 0.741937
layer 24 sparsity 0.745654
layer 25 sparsity 0.741747
layer 26 sparsity 0.748788
layer 27 sparsity 0.751733
layer 28 sparsity 0.752925
layer 29 sparsity 0.757352
layer 30 sparsity 0.750731
layer 31 sparsity 0.748057
sparsity sanity check 0.6999
******************************
evaluating on wikitext2
nsamples 166
sample 0
sample 50
sample 100
sample 150
begin calcualte ppl
[TIME] this run took 440.00 seconds (7.33 min)
[RESULT] final ppl on wikitext = 31.5447
===== 1|0.01|0.5|linear|0.019|0.3|False | 442s | exit=0 =====
/home/xiaokang/miniconda3/envs/prune_llm/lib/python3.9/site-packages/torch/torch_version.py:3: UserWarning: pkg_resources is deprecated as an API. See https://setuptools.pypa.io/en/latest/pkg_resources.html. The pkg_resources package is slated for removal as early as 2025-11-30. Refrain from using this package or pin to Setuptools<81.
  from pkg_resources import packaging  # type: ignore[attr-defined]
[DEBUG] running: /home/xiaokang/OWL/OWL-version2/risk-prune/main.py
[DEBUG] HF_ENDPOINT env: None
[DEBUG] HfApi endpoint: https://huggingface.co
# of gpus:  1
[DEBUG] Parsed args:
  nsamples               = 32
  risk_k                 = 1
  risk_probe             = 0.01
  risk_decay             = 0.5
  risk_decay_type        = linear
  risk_decay_beta        = 0.019
  risk_alpha             = 0.3
  consider_current_layer_in_risk = True
Loading checkpoint shards:   0%|          | 0/2 [00:00<?, ?it/s]Loading checkpoint shards:  50%|█████     | 1/2 [00:03<00:03,  3.62s/it]Loading checkpoint shards: 100%|██████████| 2/2 [00:04<00:00,  2.30s/it]Loading checkpoint shards: 100%|██████████| 2/2 [00:04<00:00,  2.50s/it]
use device  cuda:0
target sparsity 0.7
pruning starts
loading calibration data
dataset loading complete
after adjustment [0.33585465 0.36875322 0.3512834  0.40210265 0.35249633 0.3409298
 0.36067232 0.35234964 0.33829498 0.3349567  0.33409894 0.3317357
 0.32949808 0.31908828 0.31300545 0.29712495 0.2858654  0.2781189
 0.27168593 0.26542023 0.2608     0.26085347 0.25803164 0.25776088
 0.2538181  0.25788656 0.25088722 0.24781239 0.24672535 0.24210265
 0.25050032 0.24948625] mean 0.3 max 0.40210265 min 0.24210265
pruning layer 0 name self_attn.q_proj
pruning layer 0 name self_attn.k_proj
pruning layer 0 name self_attn.v_proj
pruning layer 0 name self_attn.o_proj
pruning layer 0 name mlp.gate_proj
pruning layer 0 name mlp.down_proj
pruning layer 0 name mlp.up_proj
pruning layer 1 name self_attn.q_proj
pruning layer 1 name self_attn.k_proj
pruning layer 1 name self_attn.v_proj
pruning layer 1 name self_attn.o_proj
pruning layer 1 name mlp.gate_proj
pruning layer 1 name mlp.down_proj
pruning layer 1 name mlp.up_proj
pruning layer 2 name self_attn.q_proj
pruning layer 2 name self_attn.k_proj
pruning layer 2 name self_attn.v_proj
pruning layer 2 name self_attn.o_proj
pruning layer 2 name mlp.gate_proj
pruning layer 2 name mlp.down_proj
pruning layer 2 name mlp.up_proj
pruning layer 3 name self_attn.q_proj
pruning layer 3 name self_attn.k_proj
pruning layer 3 name self_attn.v_proj
pruning layer 3 name self_attn.o_proj
pruning layer 3 name mlp.gate_proj
pruning layer 3 name mlp.down_proj
pruning layer 3 name mlp.up_proj
pruning layer 4 name self_attn.q_proj
pruning layer 4 name self_attn.k_proj
pruning layer 4 name self_attn.v_proj
pruning layer 4 name self_attn.o_proj
pruning layer 4 name mlp.gate_proj
pruning layer 4 name mlp.down_proj
pruning layer 4 name mlp.up_proj
pruning layer 5 name self_attn.q_proj
pruning layer 5 name self_attn.k_proj
pruning layer 5 name self_attn.v_proj
pruning layer 5 name self_attn.o_proj
pruning layer 5 name mlp.gate_proj
pruning layer 5 name mlp.down_proj
pruning layer 5 name mlp.up_proj
pruning layer 6 name self_attn.q_proj
pruning layer 6 name self_attn.k_proj
pruning layer 6 name self_attn.v_proj
pruning layer 6 name self_attn.o_proj
pruning layer 6 name mlp.gate_proj
pruning layer 6 name mlp.down_proj
pruning layer 6 name mlp.up_proj
pruning layer 7 name self_attn.q_proj
pruning layer 7 name self_attn.k_proj
pruning layer 7 name self_attn.v_proj
pruning layer 7 name self_attn.o_proj
pruning layer 7 name mlp.gate_proj
pruning layer 7 name mlp.down_proj
pruning layer 7 name mlp.up_proj
pruning layer 8 name self_attn.q_proj
pruning layer 8 name self_attn.k_proj
pruning layer 8 name self_attn.v_proj
pruning layer 8 name self_attn.o_proj
pruning layer 8 name mlp.gate_proj
pruning layer 8 name mlp.down_proj
pruning layer 8 name mlp.up_proj
pruning layer 9 name self_attn.q_proj
pruning layer 9 name self_attn.k_proj
pruning layer 9 name self_attn.v_proj
pruning layer 9 name self_attn.o_proj
pruning layer 9 name mlp.gate_proj
pruning layer 9 name mlp.down_proj
pruning layer 9 name mlp.up_proj
pruning layer 10 name self_attn.q_proj
pruning layer 10 name self_attn.k_proj
pruning layer 10 name self_attn.v_proj
pruning layer 10 name self_attn.o_proj
pruning layer 10 name mlp.gate_proj
pruning layer 10 name mlp.down_proj
pruning layer 10 name mlp.up_proj
pruning layer 11 name self_attn.q_proj
pruning layer 11 name self_attn.k_proj
pruning layer 11 name self_attn.v_proj
pruning layer 11 name self_attn.o_proj
pruning layer 11 name mlp.gate_proj
pruning layer 11 name mlp.down_proj
pruning layer 11 name mlp.up_proj
pruning layer 12 name self_attn.q_proj
pruning layer 12 name self_attn.k_proj
pruning layer 12 name self_attn.v_proj
pruning layer 12 name self_attn.o_proj
pruning layer 12 name mlp.gate_proj
pruning layer 12 name mlp.down_proj
pruning layer 12 name mlp.up_proj
pruning layer 13 name self_attn.q_proj
pruning layer 13 name self_attn.k_proj
pruning layer 13 name self_attn.v_proj
pruning layer 13 name self_attn.o_proj
pruning layer 13 name mlp.gate_proj
pruning layer 13 name mlp.down_proj
pruning layer 13 name mlp.up_proj
pruning layer 14 name self_attn.q_proj
pruning layer 14 name self_attn.k_proj
pruning layer 14 name self_attn.v_proj
pruning layer 14 name self_attn.o_proj
pruning layer 14 name mlp.gate_proj
pruning layer 14 name mlp.down_proj
pruning layer 14 name mlp.up_proj
pruning layer 15 name self_attn.q_proj
pruning layer 15 name self_attn.k_proj
pruning layer 15 name self_attn.v_proj
pruning layer 15 name self_attn.o_proj
pruning layer 15 name mlp.gate_proj
pruning layer 15 name mlp.down_proj
pruning layer 15 name mlp.up_proj
pruning layer 16 name self_attn.q_proj
pruning layer 16 name self_attn.k_proj
pruning layer 16 name self_attn.v_proj
pruning layer 16 name self_attn.o_proj
pruning layer 16 name mlp.gate_proj
pruning layer 16 name mlp.down_proj
pruning layer 16 name mlp.up_proj
pruning layer 17 name self_attn.q_proj
pruning layer 17 name self_attn.k_proj
pruning layer 17 name self_attn.v_proj
pruning layer 17 name self_attn.o_proj
pruning layer 17 name mlp.gate_proj
pruning layer 17 name mlp.down_proj
pruning layer 17 name mlp.up_proj
pruning layer 18 name self_attn.q_proj
pruning layer 18 name self_attn.k_proj
pruning layer 18 name self_attn.v_proj
pruning layer 18 name self_attn.o_proj
pruning layer 18 name mlp.gate_proj
pruning layer 18 name mlp.down_proj
pruning layer 18 name mlp.up_proj
pruning layer 19 name self_attn.q_proj
pruning layer 19 name self_attn.k_proj
pruning layer 19 name self_attn.v_proj
pruning layer 19 name self_attn.o_proj
pruning layer 19 name mlp.gate_proj
pruning layer 19 name mlp.down_proj
pruning layer 19 name mlp.up_proj
pruning layer 20 name self_attn.q_proj
pruning layer 20 name self_attn.k_proj
pruning layer 20 name self_attn.v_proj
pruning layer 20 name self_attn.o_proj
pruning layer 20 name mlp.gate_proj
pruning layer 20 name mlp.down_proj
pruning layer 20 name mlp.up_proj
pruning layer 21 name self_attn.q_proj
pruning layer 21 name self_attn.k_proj
pruning layer 21 name self_attn.v_proj
pruning layer 21 name self_attn.o_proj
pruning layer 21 name mlp.gate_proj
pruning layer 21 name mlp.down_proj
pruning layer 21 name mlp.up_proj
pruning layer 22 name self_attn.q_proj
pruning layer 22 name self_attn.k_proj
pruning layer 22 name self_attn.v_proj
pruning layer 22 name self_attn.o_proj
pruning layer 22 name mlp.gate_proj
pruning layer 22 name mlp.down_proj
pruning layer 22 name mlp.up_proj
pruning layer 23 name self_attn.q_proj
pruning layer 23 name self_attn.k_proj
pruning layer 23 name self_attn.v_proj
pruning layer 23 name self_attn.o_proj
pruning layer 23 name mlp.gate_proj
pruning layer 23 name mlp.down_proj
pruning layer 23 name mlp.up_proj
pruning layer 24 name self_attn.q_proj
pruning layer 24 name self_attn.k_proj
pruning layer 24 name self_attn.v_proj
pruning layer 24 name self_attn.o_proj
pruning layer 24 name mlp.gate_proj
pruning layer 24 name mlp.down_proj
pruning layer 24 name mlp.up_proj
pruning layer 25 name self_attn.q_proj
pruning layer 25 name self_attn.k_proj
pruning layer 25 name self_attn.v_proj
pruning layer 25 name self_attn.o_proj
pruning layer 25 name mlp.gate_proj
pruning layer 25 name mlp.down_proj
pruning layer 25 name mlp.up_proj
pruning layer 26 name self_attn.q_proj
pruning layer 26 name self_attn.k_proj
pruning layer 26 name self_attn.v_proj
pruning layer 26 name self_attn.o_proj
pruning layer 26 name mlp.gate_proj
pruning layer 26 name mlp.down_proj
pruning layer 26 name mlp.up_proj
pruning layer 27 name self_attn.q_proj
pruning layer 27 name self_attn.k_proj
pruning layer 27 name self_attn.v_proj
pruning layer 27 name self_attn.o_proj
pruning layer 27 name mlp.gate_proj
pruning layer 27 name mlp.down_proj
pruning layer 27 name mlp.up_proj
pruning layer 28 name self_attn.q_proj
pruning layer 28 name self_attn.k_proj
pruning layer 28 name self_attn.v_proj
pruning layer 28 name self_attn.o_proj
pruning layer 28 name mlp.gate_proj
pruning layer 28 name mlp.down_proj
pruning layer 28 name mlp.up_proj
pruning layer 29 name self_attn.q_proj
pruning layer 29 name self_attn.k_proj
pruning layer 29 name self_attn.v_proj
pruning layer 29 name self_attn.o_proj
pruning layer 29 name mlp.gate_proj
pruning layer 29 name mlp.down_proj
pruning layer 29 name mlp.up_proj
pruning layer 30 name self_attn.q_proj
pruning layer 30 name self_attn.k_proj
pruning layer 30 name self_attn.v_proj
pruning layer 30 name self_attn.o_proj
pruning layer 30 name mlp.gate_proj
pruning layer 30 name mlp.down_proj
pruning layer 30 name mlp.up_proj
pruning layer 31 name self_attn.q_proj
pruning layer 31 name self_attn.k_proj
pruning layer 31 name self_attn.v_proj
pruning layer 31 name self_attn.o_proj
pruning layer 31 name mlp.gate_proj
pruning layer 31 name mlp.down_proj
pruning layer 31 name mlp.up_proj
******************************
layer 0 sparsity 0.664062
layer 1 sparsity 0.631120
layer 2 sparsity 0.648688
layer 3 sparsity 0.597697
layer 4 sparsity 0.647456
layer 5 sparsity 0.658965
layer 6 sparsity 0.639183
layer 7 sparsity 0.647496
layer 8 sparsity 0.661639
layer 9 sparsity 0.665024
layer 10 sparsity 0.665796
layer 11 sparsity 0.668219
layer 12 sparsity 0.670413
layer 13 sparsity 0.680899
layer 14 sparsity 0.686809
layer 15 sparsity 0.702685
layer 16 sparsity 0.714113
layer 17 sparsity 0.721715
layer 18 sparsity 0.728275
layer 19 sparsity 0.734415
layer 20 sparsity 0.739053
layer 21 sparsity 0.739033
layer 22 sparsity 0.741937
layer 23 sparsity 0.742188
layer 24 sparsity 0.746094
layer 25 sparsity 0.741978
layer 26 sparsity 0.749039
layer 27 sparsity 0.752004
layer 28 sparsity 0.753195
layer 29 sparsity 0.757812
layer 30 sparsity 0.749309
layer 31 sparsity 0.750481
sparsity sanity check 0.6999
******************************
evaluating on wikitext2
nsamples 166
sample 0
sample 50
sample 100
sample 150
begin calcualte ppl
[TIME] this run took 439.71 seconds (7.33 min)
[RESULT] final ppl on wikitext = 31.2077
===== 1|0.01|0.5|linear|0.019|0.3|True | 443s | exit=0 =====
/home/xiaokang/miniconda3/envs/prune_llm/lib/python3.9/site-packages/torch/torch_version.py:3: UserWarning: pkg_resources is deprecated as an API. See https://setuptools.pypa.io/en/latest/pkg_resources.html. The pkg_resources package is slated for removal as early as 2025-11-30. Refrain from using this package or pin to Setuptools<81.
  from pkg_resources import packaging  # type: ignore[attr-defined]
[DEBUG] running: /home/xiaokang/OWL/OWL-version2/risk-prune/main.py
[DEBUG] HF_ENDPOINT env: None
[DEBUG] HfApi endpoint: https://huggingface.co
# of gpus:  1
[DEBUG] Parsed args:
  nsamples               = 32
  risk_k                 = 1
  risk_probe             = 0.01
  risk_decay             = 0.5
  risk_decay_type        = linear
  risk_decay_beta        = 0.019
  risk_alpha             = 0.3
  consider_current_layer_in_risk = True
Loading checkpoint shards:   0%|          | 0/2 [00:00<?, ?it/s]Loading checkpoint shards:  50%|█████     | 1/2 [00:03<00:03,  3.59s/it]Loading checkpoint shards: 100%|██████████| 2/2 [00:04<00:00,  2.28s/it]Loading checkpoint shards: 100%|██████████| 2/2 [00:04<00:00,  2.48s/it]
use device  cuda:0
target sparsity 0.7
pruning starts
loading calibration data
dataset loading complete
after adjustment [0.33585465 0.36875322 0.3512834  0.40210265 0.35249633 0.3409298
 0.36067232 0.35234964 0.33829498 0.3349567  0.33409894 0.3317357
 0.32949808 0.31908828 0.31300545 0.29712495 0.2858654  0.2781189
 0.27168593 0.26542023 0.2608     0.26085347 0.25803164 0.25776088
 0.2538181  0.25788656 0.25088722 0.24781239 0.24672535 0.24210265
 0.25050032 0.24948625] mean 0.3 max 0.40210265 min 0.24210265
pruning layer 0 name self_attn.q_proj
pruning layer 0 name self_attn.k_proj
pruning layer 0 name self_attn.v_proj
pruning layer 0 name self_attn.o_proj
pruning layer 0 name mlp.gate_proj
pruning layer 0 name mlp.down_proj
pruning layer 0 name mlp.up_proj
pruning layer 1 name self_attn.q_proj
pruning layer 1 name self_attn.k_proj
pruning layer 1 name self_attn.v_proj
pruning layer 1 name self_attn.o_proj
pruning layer 1 name mlp.gate_proj
pruning layer 1 name mlp.down_proj
pruning layer 1 name mlp.up_proj
pruning layer 2 name self_attn.q_proj
pruning layer 2 name self_attn.k_proj
pruning layer 2 name self_attn.v_proj
pruning layer 2 name self_attn.o_proj
pruning layer 2 name mlp.gate_proj
pruning layer 2 name mlp.down_proj
pruning layer 2 name mlp.up_proj
pruning layer 3 name self_attn.q_proj
pruning layer 3 name self_attn.k_proj
pruning layer 3 name self_attn.v_proj
pruning layer 3 name self_attn.o_proj
pruning layer 3 name mlp.gate_proj
pruning layer 3 name mlp.down_proj
pruning layer 3 name mlp.up_proj
pruning layer 4 name self_attn.q_proj
pruning layer 4 name self_attn.k_proj
pruning layer 4 name self_attn.v_proj
pruning layer 4 name self_attn.o_proj
pruning layer 4 name mlp.gate_proj
pruning layer 4 name mlp.down_proj
pruning layer 4 name mlp.up_proj
pruning layer 5 name self_attn.q_proj
pruning layer 5 name self_attn.k_proj
pruning layer 5 name self_attn.v_proj
pruning layer 5 name self_attn.o_proj
pruning layer 5 name mlp.gate_proj
pruning layer 5 name mlp.down_proj
pruning layer 5 name mlp.up_proj
pruning layer 6 name self_attn.q_proj
pruning layer 6 name self_attn.k_proj
pruning layer 6 name self_attn.v_proj
pruning layer 6 name self_attn.o_proj
pruning layer 6 name mlp.gate_proj
pruning layer 6 name mlp.down_proj
pruning layer 6 name mlp.up_proj
pruning layer 7 name self_attn.q_proj
pruning layer 7 name self_attn.k_proj
pruning layer 7 name self_attn.v_proj
pruning layer 7 name self_attn.o_proj
pruning layer 7 name mlp.gate_proj
pruning layer 7 name mlp.down_proj
pruning layer 7 name mlp.up_proj
pruning layer 8 name self_attn.q_proj
pruning layer 8 name self_attn.k_proj
pruning layer 8 name self_attn.v_proj
pruning layer 8 name self_attn.o_proj
pruning layer 8 name mlp.gate_proj
pruning layer 8 name mlp.down_proj
pruning layer 8 name mlp.up_proj
pruning layer 9 name self_attn.q_proj
pruning layer 9 name self_attn.k_proj
pruning layer 9 name self_attn.v_proj
pruning layer 9 name self_attn.o_proj
pruning layer 9 name mlp.gate_proj
pruning layer 9 name mlp.down_proj
pruning layer 9 name mlp.up_proj
pruning layer 10 name self_attn.q_proj
pruning layer 10 name self_attn.k_proj
pruning layer 10 name self_attn.v_proj
pruning layer 10 name self_attn.o_proj
pruning layer 10 name mlp.gate_proj
pruning layer 10 name mlp.down_proj
pruning layer 10 name mlp.up_proj
pruning layer 11 name self_attn.q_proj
pruning layer 11 name self_attn.k_proj
pruning layer 11 name self_attn.v_proj
pruning layer 11 name self_attn.o_proj
pruning layer 11 name mlp.gate_proj
pruning layer 11 name mlp.down_proj
pruning layer 11 name mlp.up_proj
pruning layer 12 name self_attn.q_proj
pruning layer 12 name self_attn.k_proj
pruning layer 12 name self_attn.v_proj
pruning layer 12 name self_attn.o_proj
pruning layer 12 name mlp.gate_proj
pruning layer 12 name mlp.down_proj
pruning layer 12 name mlp.up_proj
pruning layer 13 name self_attn.q_proj
pruning layer 13 name self_attn.k_proj
pruning layer 13 name self_attn.v_proj
pruning layer 13 name self_attn.o_proj
pruning layer 13 name mlp.gate_proj
pruning layer 13 name mlp.down_proj
pruning layer 13 name mlp.up_proj
pruning layer 14 name self_attn.q_proj
pruning layer 14 name self_attn.k_proj
pruning layer 14 name self_attn.v_proj
pruning layer 14 name self_attn.o_proj
pruning layer 14 name mlp.gate_proj
pruning layer 14 name mlp.down_proj
pruning layer 14 name mlp.up_proj
pruning layer 15 name self_attn.q_proj
pruning layer 15 name self_attn.k_proj
pruning layer 15 name self_attn.v_proj
pruning layer 15 name self_attn.o_proj
pruning layer 15 name mlp.gate_proj
pruning layer 15 name mlp.down_proj
pruning layer 15 name mlp.up_proj
pruning layer 16 name self_attn.q_proj
pruning layer 16 name self_attn.k_proj
pruning layer 16 name self_attn.v_proj
pruning layer 16 name self_attn.o_proj
pruning layer 16 name mlp.gate_proj
pruning layer 16 name mlp.down_proj
pruning layer 16 name mlp.up_proj
pruning layer 17 name self_attn.q_proj
pruning layer 17 name self_attn.k_proj
pruning layer 17 name self_attn.v_proj
pruning layer 17 name self_attn.o_proj
pruning layer 17 name mlp.gate_proj
pruning layer 17 name mlp.down_proj
pruning layer 17 name mlp.up_proj
pruning layer 18 name self_attn.q_proj
pruning layer 18 name self_attn.k_proj
pruning layer 18 name self_attn.v_proj
pruning layer 18 name self_attn.o_proj
pruning layer 18 name mlp.gate_proj
pruning layer 18 name mlp.down_proj
pruning layer 18 name mlp.up_proj
pruning layer 19 name self_attn.q_proj
pruning layer 19 name self_attn.k_proj
pruning layer 19 name self_attn.v_proj
pruning layer 19 name self_attn.o_proj
pruning layer 19 name mlp.gate_proj
pruning layer 19 name mlp.down_proj
pruning layer 19 name mlp.up_proj
pruning layer 20 name self_attn.q_proj
pruning layer 20 name self_attn.k_proj
pruning layer 20 name self_attn.v_proj
pruning layer 20 name self_attn.o_proj
pruning layer 20 name mlp.gate_proj
pruning layer 20 name mlp.down_proj
pruning layer 20 name mlp.up_proj
pruning layer 21 name self_attn.q_proj
pruning layer 21 name self_attn.k_proj
pruning layer 21 name self_attn.v_proj
pruning layer 21 name self_attn.o_proj
pruning layer 21 name mlp.gate_proj
pruning layer 21 name mlp.down_proj
pruning layer 21 name mlp.up_proj
pruning layer 22 name self_attn.q_proj
pruning layer 22 name self_attn.k_proj
pruning layer 22 name self_attn.v_proj
pruning layer 22 name self_attn.o_proj
pruning layer 22 name mlp.gate_proj
pruning layer 22 name mlp.down_proj
pruning layer 22 name mlp.up_proj
pruning layer 23 name self_attn.q_proj
pruning layer 23 name self_attn.k_proj
pruning layer 23 name self_attn.v_proj
pruning layer 23 name self_attn.o_proj
pruning layer 23 name mlp.gate_proj
pruning layer 23 name mlp.down_proj
pruning layer 23 name mlp.up_proj
pruning layer 24 name self_attn.q_proj
pruning layer 24 name self_attn.k_proj
pruning layer 24 name self_attn.v_proj
pruning layer 24 name self_attn.o_proj
pruning layer 24 name mlp.gate_proj
pruning layer 24 name mlp.down_proj
pruning layer 24 name mlp.up_proj
pruning layer 25 name self_attn.q_proj
pruning layer 25 name self_attn.k_proj
pruning layer 25 name self_attn.v_proj
pruning layer 25 name self_attn.o_proj
pruning layer 25 name mlp.gate_proj
pruning layer 25 name mlp.down_proj
pruning layer 25 name mlp.up_proj
pruning layer 26 name self_attn.q_proj
pruning layer 26 name self_attn.k_proj
pruning layer 26 name self_attn.v_proj
pruning layer 26 name self_attn.o_proj
pruning layer 26 name mlp.gate_proj
pruning layer 26 name mlp.down_proj
pruning layer 26 name mlp.up_proj
pruning layer 27 name self_attn.q_proj
pruning layer 27 name self_attn.k_proj
pruning layer 27 name self_attn.v_proj
pruning layer 27 name self_attn.o_proj
pruning layer 27 name mlp.gate_proj
pruning layer 27 name mlp.down_proj
pruning layer 27 name mlp.up_proj
pruning layer 28 name self_attn.q_proj
pruning layer 28 name self_attn.k_proj
pruning layer 28 name self_attn.v_proj
pruning layer 28 name self_attn.o_proj
pruning layer 28 name mlp.gate_proj
pruning layer 28 name mlp.down_proj
pruning layer 28 name mlp.up_proj
pruning layer 29 name self_attn.q_proj
pruning layer 29 name self_attn.k_proj
pruning layer 29 name self_attn.v_proj
pruning layer 29 name self_attn.o_proj
pruning layer 29 name mlp.gate_proj
pruning layer 29 name mlp.down_proj
pruning layer 29 name mlp.up_proj
pruning layer 30 name self_attn.q_proj
pruning layer 30 name self_attn.k_proj
pruning layer 30 name self_attn.v_proj
pruning layer 30 name self_attn.o_proj
pruning layer 30 name mlp.gate_proj
pruning layer 30 name mlp.down_proj
pruning layer 30 name mlp.up_proj
pruning layer 31 name self_attn.q_proj
pruning layer 31 name self_attn.k_proj
pruning layer 31 name self_attn.v_proj
pruning layer 31 name self_attn.o_proj
pruning layer 31 name mlp.gate_proj
pruning layer 31 name mlp.down_proj
pruning layer 31 name mlp.up_proj
******************************
layer 0 sparsity 0.664062
layer 1 sparsity 0.631120
layer 2 sparsity 0.648688
layer 3 sparsity 0.597697
layer 4 sparsity 0.647456
layer 5 sparsity 0.658965
layer 6 sparsity 0.639183
layer 7 sparsity 0.647496
layer 8 sparsity 0.661639
layer 9 sparsity 0.665024
layer 10 sparsity 0.665796
layer 11 sparsity 0.668219
layer 12 sparsity 0.670413
layer 13 sparsity 0.680899
layer 14 sparsity 0.686809
layer 15 sparsity 0.702685
layer 16 sparsity 0.714113
layer 17 sparsity 0.721715
layer 18 sparsity 0.728275
layer 19 sparsity 0.734415
layer 20 sparsity 0.739053
layer 21 sparsity 0.739033
layer 22 sparsity 0.741937
layer 23 sparsity 0.742188
layer 24 sparsity 0.746094
layer 25 sparsity 0.741978
layer 26 sparsity 0.749039
layer 27 sparsity 0.752004
layer 28 sparsity 0.753195
layer 29 sparsity 0.757812
layer 30 sparsity 0.749309
layer 31 sparsity 0.750481
sparsity sanity check 0.6999
******************************
evaluating on wikitext2
nsamples 166
sample 0
sample 50
sample 100
sample 150
begin calcualte ppl
[TIME] this run took 439.61 seconds (7.33 min)
[RESULT] final ppl on wikitext = 31.2077
===== 1|0.01|0.5|linear|0.019|0.35|False | 443s | exit=0 =====
/home/xiaokang/miniconda3/envs/prune_llm/lib/python3.9/site-packages/torch/torch_version.py:3: UserWarning: pkg_resources is deprecated as an API. See https://setuptools.pypa.io/en/latest/pkg_resources.html. The pkg_resources package is slated for removal as early as 2025-11-30. Refrain from using this package or pin to Setuptools<81.
  from pkg_resources import packaging  # type: ignore[attr-defined]
[DEBUG] running: /home/xiaokang/OWL/OWL-version2/risk-prune/main.py
[DEBUG] HF_ENDPOINT env: None
[DEBUG] HfApi endpoint: https://huggingface.co
# of gpus:  1
[DEBUG] Parsed args:
  nsamples               = 32
  risk_k                 = 1
  risk_probe             = 0.01
  risk_decay             = 0.5
  risk_decay_type        = linear
  risk_decay_beta        = 0.019
  risk_alpha             = 0.35
  consider_current_layer_in_risk = True
Loading checkpoint shards:   0%|          | 0/2 [00:00<?, ?it/s]Loading checkpoint shards:  50%|█████     | 1/2 [00:03<00:03,  3.80s/it]Loading checkpoint shards: 100%|██████████| 2/2 [00:05<00:00,  2.39s/it]Loading checkpoint shards: 100%|██████████| 2/2 [00:05<00:00,  2.60s/it]
use device  cuda:0
target sparsity 0.7
pruning starts
loading calibration data
dataset loading complete
after adjustment [0.33983362 0.37938267 0.3501012  0.40162256 0.351608   0.34000438
 0.36007538 0.35177913 0.3377064  0.33443546 0.33366096 0.33135897
 0.3291717  0.31867656 0.31265378 0.29675323 0.28556222 0.2776522
 0.2712654  0.264974   0.26042607 0.2604155  0.25767297 0.25742325
 0.2534231  0.25767553 0.2506245  0.24742891 0.24634469 0.24162257
 0.25197396 0.24669151] mean 0.3 max 0.40162256 min 0.24162257
pruning layer 0 name self_attn.q_proj
pruning layer 0 name self_attn.k_proj
pruning layer 0 name self_attn.v_proj
pruning layer 0 name self_attn.o_proj
pruning layer 0 name mlp.gate_proj
pruning layer 0 name mlp.down_proj
pruning layer 0 name mlp.up_proj
pruning layer 1 name self_attn.q_proj
pruning layer 1 name self_attn.k_proj
pruning layer 1 name self_attn.v_proj
pruning layer 1 name self_attn.o_proj
pruning layer 1 name mlp.gate_proj
pruning layer 1 name mlp.down_proj
pruning layer 1 name mlp.up_proj
pruning layer 2 name self_attn.q_proj
pruning layer 2 name self_attn.k_proj
pruning layer 2 name self_attn.v_proj
pruning layer 2 name self_attn.o_proj
pruning layer 2 name mlp.gate_proj
pruning layer 2 name mlp.down_proj
pruning layer 2 name mlp.up_proj
pruning layer 3 name self_attn.q_proj
pruning layer 3 name self_attn.k_proj
pruning layer 3 name self_attn.v_proj
pruning layer 3 name self_attn.o_proj
pruning layer 3 name mlp.gate_proj
pruning layer 3 name mlp.down_proj
pruning layer 3 name mlp.up_proj
pruning layer 4 name self_attn.q_proj
pruning layer 4 name self_attn.k_proj
pruning layer 4 name self_attn.v_proj
pruning layer 4 name self_attn.o_proj
pruning layer 4 name mlp.gate_proj
pruning layer 4 name mlp.down_proj
pruning layer 4 name mlp.up_proj
pruning layer 5 name self_attn.q_proj
pruning layer 5 name self_attn.k_proj
pruning layer 5 name self_attn.v_proj
pruning layer 5 name self_attn.o_proj
pruning layer 5 name mlp.gate_proj
pruning layer 5 name mlp.down_proj
pruning layer 5 name mlp.up_proj
pruning layer 6 name self_attn.q_proj
pruning layer 6 name self_attn.k_proj
pruning layer 6 name self_attn.v_proj
pruning layer 6 name self_attn.o_proj
pruning layer 6 name mlp.gate_proj
pruning layer 6 name mlp.down_proj
pruning layer 6 name mlp.up_proj
pruning layer 7 name self_attn.q_proj
pruning layer 7 name self_attn.k_proj
pruning layer 7 name self_attn.v_proj
pruning layer 7 name self_attn.o_proj
pruning layer 7 name mlp.gate_proj
pruning layer 7 name mlp.down_proj
pruning layer 7 name mlp.up_proj
pruning layer 8 name self_attn.q_proj
pruning layer 8 name self_attn.k_proj
pruning layer 8 name self_attn.v_proj
pruning layer 8 name self_attn.o_proj
pruning layer 8 name mlp.gate_proj
pruning layer 8 name mlp.down_proj
pruning layer 8 name mlp.up_proj
pruning layer 9 name self_attn.q_proj
pruning layer 9 name self_attn.k_proj
pruning layer 9 name self_attn.v_proj
pruning layer 9 name self_attn.o_proj
pruning layer 9 name mlp.gate_proj
pruning layer 9 name mlp.down_proj
pruning layer 9 name mlp.up_proj
pruning layer 10 name self_attn.q_proj
pruning layer 10 name self_attn.k_proj
pruning layer 10 name self_attn.v_proj
pruning layer 10 name self_attn.o_proj
pruning layer 10 name mlp.gate_proj
pruning layer 10 name mlp.down_proj
pruning layer 10 name mlp.up_proj
pruning layer 11 name self_attn.q_proj
pruning layer 11 name self_attn.k_proj
pruning layer 11 name self_attn.v_proj
pruning layer 11 name self_attn.o_proj
pruning layer 11 name mlp.gate_proj
pruning layer 11 name mlp.down_proj
pruning layer 11 name mlp.up_proj
pruning layer 12 name self_attn.q_proj
pruning layer 12 name self_attn.k_proj
pruning layer 12 name self_attn.v_proj
pruning layer 12 name self_attn.o_proj
pruning layer 12 name mlp.gate_proj
pruning layer 12 name mlp.down_proj
pruning layer 12 name mlp.up_proj
pruning layer 13 name self_attn.q_proj
pruning layer 13 name self_attn.k_proj
pruning layer 13 name self_attn.v_proj
pruning layer 13 name self_attn.o_proj
pruning layer 13 name mlp.gate_proj
pruning layer 13 name mlp.down_proj
pruning layer 13 name mlp.up_proj
pruning layer 14 name self_attn.q_proj
pruning layer 14 name self_attn.k_proj
pruning layer 14 name self_attn.v_proj
pruning layer 14 name self_attn.o_proj
pruning layer 14 name mlp.gate_proj
pruning layer 14 name mlp.down_proj
pruning layer 14 name mlp.up_proj
pruning layer 15 name self_attn.q_proj
pruning layer 15 name self_attn.k_proj
pruning layer 15 name self_attn.v_proj
pruning layer 15 name self_attn.o_proj
pruning layer 15 name mlp.gate_proj
pruning layer 15 name mlp.down_proj
pruning layer 15 name mlp.up_proj
pruning layer 16 name self_attn.q_proj
pruning layer 16 name self_attn.k_proj
pruning layer 16 name self_attn.v_proj
pruning layer 16 name self_attn.o_proj
pruning layer 16 name mlp.gate_proj
pruning layer 16 name mlp.down_proj
pruning layer 16 name mlp.up_proj
pruning layer 17 name self_attn.q_proj
pruning layer 17 name self_attn.k_proj
pruning layer 17 name self_attn.v_proj
pruning layer 17 name self_attn.o_proj
pruning layer 17 name mlp.gate_proj
pruning layer 17 name mlp.down_proj
pruning layer 17 name mlp.up_proj
pruning layer 18 name self_attn.q_proj
pruning layer 18 name self_attn.k_proj
pruning layer 18 name self_attn.v_proj
pruning layer 18 name self_attn.o_proj
pruning layer 18 name mlp.gate_proj
pruning layer 18 name mlp.down_proj
pruning layer 18 name mlp.up_proj
pruning layer 19 name self_attn.q_proj
pruning layer 19 name self_attn.k_proj
pruning layer 19 name self_attn.v_proj
pruning layer 19 name self_attn.o_proj
pruning layer 19 name mlp.gate_proj
pruning layer 19 name mlp.down_proj
pruning layer 19 name mlp.up_proj
pruning layer 20 name self_attn.q_proj
pruning layer 20 name self_attn.k_proj
pruning layer 20 name self_attn.v_proj
pruning layer 20 name self_attn.o_proj
pruning layer 20 name mlp.gate_proj
pruning layer 20 name mlp.down_proj
pruning layer 20 name mlp.up_proj
pruning layer 21 name self_attn.q_proj
pruning layer 21 name self_attn.k_proj
pruning layer 21 name self_attn.v_proj
pruning layer 21 name self_attn.o_proj
pruning layer 21 name mlp.gate_proj
pruning layer 21 name mlp.down_proj
pruning layer 21 name mlp.up_proj
pruning layer 22 name self_attn.q_proj
pruning layer 22 name self_attn.k_proj
pruning layer 22 name self_attn.v_proj
pruning layer 22 name self_attn.o_proj
pruning layer 22 name mlp.gate_proj
pruning layer 22 name mlp.down_proj
pruning layer 22 name mlp.up_proj
pruning layer 23 name self_attn.q_proj
pruning layer 23 name self_attn.k_proj
pruning layer 23 name self_attn.v_proj
pruning layer 23 name self_attn.o_proj
pruning layer 23 name mlp.gate_proj
pruning layer 23 name mlp.down_proj
pruning layer 23 name mlp.up_proj
pruning layer 24 name self_attn.q_proj
pruning layer 24 name self_attn.k_proj
pruning layer 24 name self_attn.v_proj
pruning layer 24 name self_attn.o_proj
pruning layer 24 name mlp.gate_proj
pruning layer 24 name mlp.down_proj
pruning layer 24 name mlp.up_proj
pruning layer 25 name self_attn.q_proj
pruning layer 25 name self_attn.k_proj
pruning layer 25 name self_attn.v_proj
pruning layer 25 name self_attn.o_proj
pruning layer 25 name mlp.gate_proj
pruning layer 25 name mlp.down_proj
pruning layer 25 name mlp.up_proj
pruning layer 26 name self_attn.q_proj
pruning layer 26 name self_attn.k_proj
pruning layer 26 name self_attn.v_proj
pruning layer 26 name self_attn.o_proj
pruning layer 26 name mlp.gate_proj
pruning layer 26 name mlp.down_proj
pruning layer 26 name mlp.up_proj
pruning layer 27 name self_attn.q_proj
pruning layer 27 name self_attn.k_proj
pruning layer 27 name self_attn.v_proj
pruning layer 27 name self_attn.o_proj
pruning layer 27 name mlp.gate_proj
pruning layer 27 name mlp.down_proj
pruning layer 27 name mlp.up_proj
pruning layer 28 name self_attn.q_proj
pruning layer 28 name self_attn.k_proj
pruning layer 28 name self_attn.v_proj
pruning layer 28 name self_attn.o_proj
pruning layer 28 name mlp.gate_proj
pruning layer 28 name mlp.down_proj
pruning layer 28 name mlp.up_proj
pruning layer 29 name self_attn.q_proj
pruning layer 29 name self_attn.k_proj
pruning layer 29 name self_attn.v_proj
pruning layer 29 name self_attn.o_proj
pruning layer 29 name mlp.gate_proj
pruning layer 29 name mlp.down_proj
pruning layer 29 name mlp.up_proj
pruning layer 30 name self_attn.q_proj
pruning layer 30 name self_attn.k_proj
pruning layer 30 name self_attn.v_proj
pruning layer 30 name self_attn.o_proj
pruning layer 30 name mlp.gate_proj
pruning layer 30 name mlp.down_proj
pruning layer 30 name mlp.up_proj
pruning layer 31 name self_attn.q_proj
pruning layer 31 name self_attn.k_proj
pruning layer 31 name self_attn.v_proj
pruning layer 31 name self_attn.o_proj
pruning layer 31 name mlp.gate_proj
pruning layer 31 name mlp.down_proj
pruning layer 31 name mlp.up_proj
******************************
layer 0 sparsity 0.660156
layer 1 sparsity 0.620593
layer 2 sparsity 0.649710
layer 3 sparsity 0.598177
layer 4 sparsity 0.648228
layer 5 sparsity 0.659926
layer 6 sparsity 0.639894
layer 7 sparsity 0.648187
layer 8 sparsity 0.662140
layer 9 sparsity 0.665525
layer 10 sparsity 0.666276
layer 11 sparsity 0.668490
layer 12 sparsity 0.670683
layer 13 sparsity 0.681190
layer 14 sparsity 0.687270
layer 15 sparsity 0.703145
layer 16 sparsity 0.714363
layer 17 sparsity 0.722196
layer 18 sparsity 0.728546
layer 19 sparsity 0.734896
layer 20 sparsity 0.739513
layer 21 sparsity 0.739513
layer 22 sparsity 0.742208
layer 23 sparsity 0.742458
layer 24 sparsity 0.746385
layer 25 sparsity 0.742208
layer 26 sparsity 0.749289
layer 27 sparsity 0.752464
layer 28 sparsity 0.753466
layer 29 sparsity 0.758313
layer 30 sparsity 0.747847
layer 31 sparsity 0.753195
sparsity sanity check 0.6999
******************************
evaluating on wikitext2
nsamples 166
sample 0
sample 50
sample 100
sample 150
begin calcualte ppl
[TIME] this run took 440.56 seconds (7.34 min)
[RESULT] final ppl on wikitext = 31.2691
===== 1|0.01|0.5|linear|0.019|0.35|True | 443s | exit=0 =====
/home/xiaokang/miniconda3/envs/prune_llm/lib/python3.9/site-packages/torch/torch_version.py:3: UserWarning: pkg_resources is deprecated as an API. See https://setuptools.pypa.io/en/latest/pkg_resources.html. The pkg_resources package is slated for removal as early as 2025-11-30. Refrain from using this package or pin to Setuptools<81.
  from pkg_resources import packaging  # type: ignore[attr-defined]
[DEBUG] running: /home/xiaokang/OWL/OWL-version2/risk-prune/main.py
[DEBUG] HF_ENDPOINT env: None
[DEBUG] HfApi endpoint: https://huggingface.co
# of gpus:  1
[DEBUG] Parsed args:
  nsamples               = 32
  risk_k                 = 1
  risk_probe             = 0.01
  risk_decay             = 0.5
  risk_decay_type        = linear
  risk_decay_beta        = 0.019
  risk_alpha             = 0.35
  consider_current_layer_in_risk = True
Loading checkpoint shards:   0%|          | 0/2 [00:00<?, ?it/s]Loading checkpoint shards:  50%|█████     | 1/2 [00:03<00:03,  3.63s/it]Loading checkpoint shards: 100%|██████████| 2/2 [00:05<00:00,  2.31s/it]Loading checkpoint shards: 100%|██████████| 2/2 [00:05<00:00,  2.51s/it]
use device  cuda:0
target sparsity 0.7
pruning starts
loading calibration data
dataset loading complete
after adjustment [0.33983362 0.37938267 0.3501012  0.40162256 0.351608   0.34000438
 0.36007538 0.35177913 0.3377064  0.33443546 0.33366096 0.33135897
 0.3291717  0.31867656 0.31265378 0.29675323 0.28556222 0.2776522
 0.2712654  0.264974   0.26042607 0.2604155  0.25767297 0.25742325
 0.2534231  0.25767553 0.2506245  0.24742891 0.24634469 0.24162257
 0.25197396 0.24669151] mean 0.3 max 0.40162256 min 0.24162257
pruning layer 0 name self_attn.q_proj
pruning layer 0 name self_attn.k_proj
pruning layer 0 name self_attn.v_proj
pruning layer 0 name self_attn.o_proj
pruning layer 0 name mlp.gate_proj
pruning layer 0 name mlp.down_proj
pruning layer 0 name mlp.up_proj
pruning layer 1 name self_attn.q_proj
pruning layer 1 name self_attn.k_proj
pruning layer 1 name self_attn.v_proj
pruning layer 1 name self_attn.o_proj
pruning layer 1 name mlp.gate_proj
pruning layer 1 name mlp.down_proj
pruning layer 1 name mlp.up_proj
pruning layer 2 name self_attn.q_proj
pruning layer 2 name self_attn.k_proj
pruning layer 2 name self_attn.v_proj
pruning layer 2 name self_attn.o_proj
pruning layer 2 name mlp.gate_proj
pruning layer 2 name mlp.down_proj
pruning layer 2 name mlp.up_proj
pruning layer 3 name self_attn.q_proj
pruning layer 3 name self_attn.k_proj
pruning layer 3 name self_attn.v_proj
pruning layer 3 name self_attn.o_proj
pruning layer 3 name mlp.gate_proj
pruning layer 3 name mlp.down_proj
pruning layer 3 name mlp.up_proj
pruning layer 4 name self_attn.q_proj
pruning layer 4 name self_attn.k_proj
pruning layer 4 name self_attn.v_proj
pruning layer 4 name self_attn.o_proj
pruning layer 4 name mlp.gate_proj
pruning layer 4 name mlp.down_proj
pruning layer 4 name mlp.up_proj
pruning layer 5 name self_attn.q_proj
pruning layer 5 name self_attn.k_proj
pruning layer 5 name self_attn.v_proj
pruning layer 5 name self_attn.o_proj
pruning layer 5 name mlp.gate_proj
pruning layer 5 name mlp.down_proj
pruning layer 5 name mlp.up_proj
pruning layer 6 name self_attn.q_proj
pruning layer 6 name self_attn.k_proj
pruning layer 6 name self_attn.v_proj
pruning layer 6 name self_attn.o_proj
pruning layer 6 name mlp.gate_proj
pruning layer 6 name mlp.down_proj
pruning layer 6 name mlp.up_proj
pruning layer 7 name self_attn.q_proj
pruning layer 7 name self_attn.k_proj
pruning layer 7 name self_attn.v_proj
pruning layer 7 name self_attn.o_proj
pruning layer 7 name mlp.gate_proj
pruning layer 7 name mlp.down_proj
pruning layer 7 name mlp.up_proj
pruning layer 8 name self_attn.q_proj
pruning layer 8 name self_attn.k_proj
pruning layer 8 name self_attn.v_proj
pruning layer 8 name self_attn.o_proj
pruning layer 8 name mlp.gate_proj
pruning layer 8 name mlp.down_proj
pruning layer 8 name mlp.up_proj
pruning layer 9 name self_attn.q_proj
pruning layer 9 name self_attn.k_proj
pruning layer 9 name self_attn.v_proj
pruning layer 9 name self_attn.o_proj
pruning layer 9 name mlp.gate_proj
pruning layer 9 name mlp.down_proj
pruning layer 9 name mlp.up_proj
pruning layer 10 name self_attn.q_proj
pruning layer 10 name self_attn.k_proj
pruning layer 10 name self_attn.v_proj
pruning layer 10 name self_attn.o_proj
pruning layer 10 name mlp.gate_proj
pruning layer 10 name mlp.down_proj
pruning layer 10 name mlp.up_proj
pruning layer 11 name self_attn.q_proj
pruning layer 11 name self_attn.k_proj
pruning layer 11 name self_attn.v_proj
pruning layer 11 name self_attn.o_proj
pruning layer 11 name mlp.gate_proj
pruning layer 11 name mlp.down_proj
pruning layer 11 name mlp.up_proj
pruning layer 12 name self_attn.q_proj
pruning layer 12 name self_attn.k_proj
pruning layer 12 name self_attn.v_proj
pruning layer 12 name self_attn.o_proj
pruning layer 12 name mlp.gate_proj
pruning layer 12 name mlp.down_proj
pruning layer 12 name mlp.up_proj
pruning layer 13 name self_attn.q_proj
pruning layer 13 name self_attn.k_proj
pruning layer 13 name self_attn.v_proj
pruning layer 13 name self_attn.o_proj
pruning layer 13 name mlp.gate_proj
pruning layer 13 name mlp.down_proj
pruning layer 13 name mlp.up_proj
pruning layer 14 name self_attn.q_proj
pruning layer 14 name self_attn.k_proj
pruning layer 14 name self_attn.v_proj
pruning layer 14 name self_attn.o_proj
pruning layer 14 name mlp.gate_proj
pruning layer 14 name mlp.down_proj
pruning layer 14 name mlp.up_proj
pruning layer 15 name self_attn.q_proj
pruning layer 15 name self_attn.k_proj
pruning layer 15 name self_attn.v_proj
pruning layer 15 name self_attn.o_proj
pruning layer 15 name mlp.gate_proj
pruning layer 15 name mlp.down_proj
pruning layer 15 name mlp.up_proj
pruning layer 16 name self_attn.q_proj
pruning layer 16 name self_attn.k_proj
pruning layer 16 name self_attn.v_proj
pruning layer 16 name self_attn.o_proj
pruning layer 16 name mlp.gate_proj
pruning layer 16 name mlp.down_proj
pruning layer 16 name mlp.up_proj
pruning layer 17 name self_attn.q_proj
pruning layer 17 name self_attn.k_proj
pruning layer 17 name self_attn.v_proj
pruning layer 17 name self_attn.o_proj
pruning layer 17 name mlp.gate_proj
pruning layer 17 name mlp.down_proj
pruning layer 17 name mlp.up_proj
pruning layer 18 name self_attn.q_proj
pruning layer 18 name self_attn.k_proj
pruning layer 18 name self_attn.v_proj
pruning layer 18 name self_attn.o_proj
pruning layer 18 name mlp.gate_proj
pruning layer 18 name mlp.down_proj
pruning layer 18 name mlp.up_proj
pruning layer 19 name self_attn.q_proj
pruning layer 19 name self_attn.k_proj
pruning layer 19 name self_attn.v_proj
pruning layer 19 name self_attn.o_proj
pruning layer 19 name mlp.gate_proj
pruning layer 19 name mlp.down_proj
pruning layer 19 name mlp.up_proj
pruning layer 20 name self_attn.q_proj
pruning layer 20 name self_attn.k_proj
pruning layer 20 name self_attn.v_proj
pruning layer 20 name self_attn.o_proj
pruning layer 20 name mlp.gate_proj
pruning layer 20 name mlp.down_proj
pruning layer 20 name mlp.up_proj
pruning layer 21 name self_attn.q_proj
pruning layer 21 name self_attn.k_proj
pruning layer 21 name self_attn.v_proj
pruning layer 21 name self_attn.o_proj
pruning layer 21 name mlp.gate_proj
pruning layer 21 name mlp.down_proj
pruning layer 21 name mlp.up_proj
pruning layer 22 name self_attn.q_proj
pruning layer 22 name self_attn.k_proj
pruning layer 22 name self_attn.v_proj
pruning layer 22 name self_attn.o_proj
pruning layer 22 name mlp.gate_proj
pruning layer 22 name mlp.down_proj
pruning layer 22 name mlp.up_proj
pruning layer 23 name self_attn.q_proj
pruning layer 23 name self_attn.k_proj
pruning layer 23 name self_attn.v_proj
pruning layer 23 name self_attn.o_proj
pruning layer 23 name mlp.gate_proj
pruning layer 23 name mlp.down_proj
pruning layer 23 name mlp.up_proj
pruning layer 24 name self_attn.q_proj
pruning layer 24 name self_attn.k_proj
pruning layer 24 name self_attn.v_proj
pruning layer 24 name self_attn.o_proj
pruning layer 24 name mlp.gate_proj
pruning layer 24 name mlp.down_proj
pruning layer 24 name mlp.up_proj
pruning layer 25 name self_attn.q_proj
pruning layer 25 name self_attn.k_proj
pruning layer 25 name self_attn.v_proj
pruning layer 25 name self_attn.o_proj
pruning layer 25 name mlp.gate_proj
pruning layer 25 name mlp.down_proj
pruning layer 25 name mlp.up_proj
pruning layer 26 name self_attn.q_proj
pruning layer 26 name self_attn.k_proj
pruning layer 26 name self_attn.v_proj
pruning layer 26 name self_attn.o_proj
pruning layer 26 name mlp.gate_proj
pruning layer 26 name mlp.down_proj
pruning layer 26 name mlp.up_proj
pruning layer 27 name self_attn.q_proj
pruning layer 27 name self_attn.k_proj
pruning layer 27 name self_attn.v_proj
pruning layer 27 name self_attn.o_proj
pruning layer 27 name mlp.gate_proj
pruning layer 27 name mlp.down_proj
pruning layer 27 name mlp.up_proj
pruning layer 28 name self_attn.q_proj
pruning layer 28 name self_attn.k_proj
pruning layer 28 name self_attn.v_proj
pruning layer 28 name self_attn.o_proj
pruning layer 28 name mlp.gate_proj
pruning layer 28 name mlp.down_proj
pruning layer 28 name mlp.up_proj
pruning layer 29 name self_attn.q_proj
pruning layer 29 name self_attn.k_proj
pruning layer 29 name self_attn.v_proj
pruning layer 29 name self_attn.o_proj
pruning layer 29 name mlp.gate_proj
pruning layer 29 name mlp.down_proj
pruning layer 29 name mlp.up_proj
pruning layer 30 name self_attn.q_proj
pruning layer 30 name self_attn.k_proj
pruning layer 30 name self_attn.v_proj
pruning layer 30 name self_attn.o_proj
pruning layer 30 name mlp.gate_proj
pruning layer 30 name mlp.down_proj
pruning layer 30 name mlp.up_proj
pruning layer 31 name self_attn.q_proj
pruning layer 31 name self_attn.k_proj
pruning layer 31 name self_attn.v_proj
pruning layer 31 name self_attn.o_proj
pruning layer 31 name mlp.gate_proj
pruning layer 31 name mlp.down_proj
pruning layer 31 name mlp.up_proj
******************************
layer 0 sparsity 0.660156
layer 1 sparsity 0.620593
layer 2 sparsity 0.649710
layer 3 sparsity 0.598177
layer 4 sparsity 0.648228
layer 5 sparsity 0.659926
layer 6 sparsity 0.639894
layer 7 sparsity 0.648187
layer 8 sparsity 0.662140
layer 9 sparsity 0.665525
layer 10 sparsity 0.666276
layer 11 sparsity 0.668490
layer 12 sparsity 0.670683
layer 13 sparsity 0.681190
layer 14 sparsity 0.687270
layer 15 sparsity 0.703145
layer 16 sparsity 0.714363
layer 17 sparsity 0.722196
layer 18 sparsity 0.728546
layer 19 sparsity 0.734896
layer 20 sparsity 0.739513
layer 21 sparsity 0.739513
layer 22 sparsity 0.742208
layer 23 sparsity 0.742458
layer 24 sparsity 0.746385
layer 25 sparsity 0.742208
layer 26 sparsity 0.749289
layer 27 sparsity 0.752464
layer 28 sparsity 0.753466
layer 29 sparsity 0.758313
layer 30 sparsity 0.747847
layer 31 sparsity 0.753195
sparsity sanity check 0.6999
******************************
evaluating on wikitext2
nsamples 166
sample 0
sample 50
sample 100
sample 150
begin calcualte ppl
[TIME] this run took 439.83 seconds (7.33 min)
[RESULT] final ppl on wikitext = 31.2691
===== 1|0.01|0.5|linear|0.019|0.4|False | 446s | exit=0 =====
/home/xiaokang/miniconda3/envs/prune_llm/lib/python3.9/site-packages/torch/torch_version.py:3: UserWarning: pkg_resources is deprecated as an API. See https://setuptools.pypa.io/en/latest/pkg_resources.html. The pkg_resources package is slated for removal as early as 2025-11-30. Refrain from using this package or pin to Setuptools<81.
  from pkg_resources import packaging  # type: ignore[attr-defined]
[DEBUG] running: /home/xiaokang/OWL/OWL-version2/risk-prune/main.py
[DEBUG] HF_ENDPOINT env: None
[DEBUG] HfApi endpoint: https://huggingface.co
# of gpus:  1
[DEBUG] Parsed args:
  nsamples               = 32
  risk_k                 = 1
  risk_probe             = 0.01
  risk_decay             = 0.5
  risk_decay_type        = linear
  risk_decay_beta        = 0.019
  risk_alpha             = 0.4
  consider_current_layer_in_risk = True
Loading checkpoint shards:   0%|          | 0/2 [00:00<?, ?it/s]Loading checkpoint shards:  50%|█████     | 1/2 [00:05<00:05,  5.75s/it]Loading checkpoint shards: 100%|██████████| 2/2 [00:07<00:00,  3.59s/it]Loading checkpoint shards: 100%|██████████| 2/2 [00:07<00:00,  3.91s/it]
use device  cuda:0
target sparsity 0.7
pruning starts
loading calibration data
dataset loading complete
after adjustment [0.34460053 0.39211708 0.34868488 0.4010474  0.3505438  0.33889568
 0.35936025 0.35109565 0.33700123 0.33381104 0.3331363  0.33090764
 0.32878065 0.31818336 0.31223246 0.29630792 0.285199   0.27709308
 0.27076158 0.26443937 0.25997806 0.25989074 0.25724328 0.25701874
 0.2529499  0.2574227  0.25030977 0.24696946 0.24588864 0.2410474
 0.2537394  0.24334332] mean 0.3 max 0.4010474 min 0.2410474
pruning layer 0 name self_attn.q_proj
pruning layer 0 name self_attn.k_proj
pruning layer 0 name self_attn.v_proj
pruning layer 0 name self_attn.o_proj
pruning layer 0 name mlp.gate_proj
pruning layer 0 name mlp.down_proj
pruning layer 0 name mlp.up_proj
pruning layer 1 name self_attn.q_proj
pruning layer 1 name self_attn.k_proj
pruning layer 1 name self_attn.v_proj
pruning layer 1 name self_attn.o_proj
pruning layer 1 name mlp.gate_proj
pruning layer 1 name mlp.down_proj
pruning layer 1 name mlp.up_proj
pruning layer 2 name self_attn.q_proj
pruning layer 2 name self_attn.k_proj
pruning layer 2 name self_attn.v_proj
pruning layer 2 name self_attn.o_proj
pruning layer 2 name mlp.gate_proj
pruning layer 2 name mlp.down_proj
pruning layer 2 name mlp.up_proj
pruning layer 3 name self_attn.q_proj
pruning layer 3 name self_attn.k_proj
pruning layer 3 name self_attn.v_proj
pruning layer 3 name self_attn.o_proj
pruning layer 3 name mlp.gate_proj
pruning layer 3 name mlp.down_proj
pruning layer 3 name mlp.up_proj
pruning layer 4 name self_attn.q_proj
pruning layer 4 name self_attn.k_proj
pruning layer 4 name self_attn.v_proj
pruning layer 4 name self_attn.o_proj
pruning layer 4 name mlp.gate_proj
pruning layer 4 name mlp.down_proj
pruning layer 4 name mlp.up_proj
pruning layer 5 name self_attn.q_proj
pruning layer 5 name self_attn.k_proj
pruning layer 5 name self_attn.v_proj
pruning layer 5 name self_attn.o_proj
pruning layer 5 name mlp.gate_proj
pruning layer 5 name mlp.down_proj
pruning layer 5 name mlp.up_proj
pruning layer 6 name self_attn.q_proj
pruning layer 6 name self_attn.k_proj
pruning layer 6 name self_attn.v_proj
pruning layer 6 name self_attn.o_proj
pruning layer 6 name mlp.gate_proj
pruning layer 6 name mlp.down_proj
pruning layer 6 name mlp.up_proj
pruning layer 7 name self_attn.q_proj
pruning layer 7 name self_attn.k_proj
pruning layer 7 name self_attn.v_proj
pruning layer 7 name self_attn.o_proj
pruning layer 7 name mlp.gate_proj
pruning layer 7 name mlp.down_proj
pruning layer 7 name mlp.up_proj
pruning layer 8 name self_attn.q_proj
pruning layer 8 name self_attn.k_proj
pruning layer 8 name self_attn.v_proj
pruning layer 8 name self_attn.o_proj
pruning layer 8 name mlp.gate_proj
pruning layer 8 name mlp.down_proj
pruning layer 8 name mlp.up_proj
pruning layer 9 name self_attn.q_proj
pruning layer 9 name self_attn.k_proj
pruning layer 9 name self_attn.v_proj
pruning layer 9 name self_attn.o_proj
pruning layer 9 name mlp.gate_proj
pruning layer 9 name mlp.down_proj
pruning layer 9 name mlp.up_proj
pruning layer 10 name self_attn.q_proj
pruning layer 10 name self_attn.k_proj
pruning layer 10 name self_attn.v_proj
pruning layer 10 name self_attn.o_proj
pruning layer 10 name mlp.gate_proj
pruning layer 10 name mlp.down_proj
pruning layer 10 name mlp.up_proj
pruning layer 11 name self_attn.q_proj
pruning layer 11 name self_attn.k_proj
pruning layer 11 name self_attn.v_proj
pruning layer 11 name self_attn.o_proj
pruning layer 11 name mlp.gate_proj
pruning layer 11 name mlp.down_proj
pruning layer 11 name mlp.up_proj
pruning layer 12 name self_attn.q_proj
pruning layer 12 name self_attn.k_proj
pruning layer 12 name self_attn.v_proj
pruning layer 12 name self_attn.o_proj
pruning layer 12 name mlp.gate_proj
pruning layer 12 name mlp.down_proj
pruning layer 12 name mlp.up_proj
pruning layer 13 name self_attn.q_proj
pruning layer 13 name self_attn.k_proj
pruning layer 13 name self_attn.v_proj
pruning layer 13 name self_attn.o_proj
pruning layer 13 name mlp.gate_proj
pruning layer 13 name mlp.down_proj
pruning layer 13 name mlp.up_proj
pruning layer 14 name self_attn.q_proj
pruning layer 14 name self_attn.k_proj
pruning layer 14 name self_attn.v_proj
pruning layer 14 name self_attn.o_proj
pruning layer 14 name mlp.gate_proj
pruning layer 14 name mlp.down_proj
pruning layer 14 name mlp.up_proj
pruning layer 15 name self_attn.q_proj
pruning layer 15 name self_attn.k_proj
pruning layer 15 name self_attn.v_proj
pruning layer 15 name self_attn.o_proj
pruning layer 15 name mlp.gate_proj
pruning layer 15 name mlp.down_proj
pruning layer 15 name mlp.up_proj
pruning layer 16 name self_attn.q_proj
pruning layer 16 name self_attn.k_proj
pruning layer 16 name self_attn.v_proj
pruning layer 16 name self_attn.o_proj
pruning layer 16 name mlp.gate_proj
pruning layer 16 name mlp.down_proj
pruning layer 16 name mlp.up_proj
pruning layer 17 name self_attn.q_proj
pruning layer 17 name self_attn.k_proj
pruning layer 17 name self_attn.v_proj
pruning layer 17 name self_attn.o_proj
pruning layer 17 name mlp.gate_proj
pruning layer 17 name mlp.down_proj
pruning layer 17 name mlp.up_proj
pruning layer 18 name self_attn.q_proj
pruning layer 18 name self_attn.k_proj
pruning layer 18 name self_attn.v_proj
pruning layer 18 name self_attn.o_proj
pruning layer 18 name mlp.gate_proj
pruning layer 18 name mlp.down_proj
pruning layer 18 name mlp.up_proj
pruning layer 19 name self_attn.q_proj
pruning layer 19 name self_attn.k_proj
pruning layer 19 name self_attn.v_proj
pruning layer 19 name self_attn.o_proj
pruning layer 19 name mlp.gate_proj
pruning layer 19 name mlp.down_proj
pruning layer 19 name mlp.up_proj
pruning layer 20 name self_attn.q_proj
pruning layer 20 name self_attn.k_proj
pruning layer 20 name self_attn.v_proj
pruning layer 20 name self_attn.o_proj
pruning layer 20 name mlp.gate_proj
pruning layer 20 name mlp.down_proj
pruning layer 20 name mlp.up_proj
pruning layer 21 name self_attn.q_proj
pruning layer 21 name self_attn.k_proj
pruning layer 21 name self_attn.v_proj
pruning layer 21 name self_attn.o_proj
pruning layer 21 name mlp.gate_proj
pruning layer 21 name mlp.down_proj
pruning layer 21 name mlp.up_proj
pruning layer 22 name self_attn.q_proj
pruning layer 22 name self_attn.k_proj
pruning layer 22 name self_attn.v_proj
pruning layer 22 name self_attn.o_proj
pruning layer 22 name mlp.gate_proj
pruning layer 22 name mlp.down_proj
pruning layer 22 name mlp.up_proj
pruning layer 23 name self_attn.q_proj
pruning layer 23 name self_attn.k_proj
pruning layer 23 name self_attn.v_proj
pruning layer 23 name self_attn.o_proj
pruning layer 23 name mlp.gate_proj
pruning layer 23 name mlp.down_proj
pruning layer 23 name mlp.up_proj
pruning layer 24 name self_attn.q_proj
pruning layer 24 name self_attn.k_proj
pruning layer 24 name self_attn.v_proj
pruning layer 24 name self_attn.o_proj
pruning layer 24 name mlp.gate_proj
pruning layer 24 name mlp.down_proj
pruning layer 24 name mlp.up_proj
pruning layer 25 name self_attn.q_proj
pruning layer 25 name self_attn.k_proj
pruning layer 25 name self_attn.v_proj
pruning layer 25 name self_attn.o_proj
pruning layer 25 name mlp.gate_proj
pruning layer 25 name mlp.down_proj
pruning layer 25 name mlp.up_proj
pruning layer 26 name self_attn.q_proj
pruning layer 26 name self_attn.k_proj
pruning layer 26 name self_attn.v_proj
pruning layer 26 name self_attn.o_proj
pruning layer 26 name mlp.gate_proj
pruning layer 26 name mlp.down_proj
pruning layer 26 name mlp.up_proj
pruning layer 27 name self_attn.q_proj
pruning layer 27 name self_attn.k_proj
pruning layer 27 name self_attn.v_proj
pruning layer 27 name self_attn.o_proj
pruning layer 27 name mlp.gate_proj
pruning layer 27 name mlp.down_proj
pruning layer 27 name mlp.up_proj
pruning layer 28 name self_attn.q_proj
pruning layer 28 name self_attn.k_proj
pruning layer 28 name self_attn.v_proj
pruning layer 28 name self_attn.o_proj
pruning layer 28 name mlp.gate_proj
pruning layer 28 name mlp.down_proj
pruning layer 28 name mlp.up_proj
pruning layer 29 name self_attn.q_proj
pruning layer 29 name self_attn.k_proj
pruning layer 29 name self_attn.v_proj
pruning layer 29 name self_attn.o_proj
pruning layer 29 name mlp.gate_proj
pruning layer 29 name mlp.down_proj
pruning layer 29 name mlp.up_proj
pruning layer 30 name self_attn.q_proj
pruning layer 30 name self_attn.k_proj
pruning layer 30 name self_attn.v_proj
pruning layer 30 name self_attn.o_proj
pruning layer 30 name mlp.gate_proj
pruning layer 30 name mlp.down_proj
pruning layer 30 name mlp.up_proj
pruning layer 31 name self_attn.q_proj
pruning layer 31 name self_attn.k_proj
pruning layer 31 name self_attn.v_proj
pruning layer 31 name self_attn.o_proj
pruning layer 31 name mlp.gate_proj
pruning layer 31 name mlp.down_proj
pruning layer 31 name mlp.up_proj
******************************
layer 0 sparsity 0.655289
layer 1 sparsity 0.607703
layer 2 sparsity 0.651152
layer 3 sparsity 0.598888
layer 4 sparsity 0.649419
layer 5 sparsity 0.660928
layer 6 sparsity 0.640625
layer 7 sparsity 0.648728
layer 8 sparsity 0.662871
layer 9 sparsity 0.666046
layer 10 sparsity 0.666757
layer 11 sparsity 0.668971
layer 12 sparsity 0.671144
layer 13 sparsity 0.681671
layer 14 sparsity 0.687730
layer 15 sparsity 0.703626
layer 16 sparsity 0.714634
layer 17 sparsity 0.722886
layer 18 sparsity 0.729047
layer 19 sparsity 0.735397
layer 20 sparsity 0.739994
layer 21 sparsity 0.740014
layer 22 sparsity 0.742688
layer 23 sparsity 0.742919
layer 24 sparsity 0.746865
layer 25 sparsity 0.742458
layer 26 sparsity 0.749540
layer 27 sparsity 0.752945
layer 28 sparsity 0.753947
layer 29 sparsity 0.758814
layer 30 sparsity 0.746114
layer 31 sparsity 0.756601
sparsity sanity check 0.6999
******************************
evaluating on wikitext2
nsamples 166
sample 0
sample 50
sample 100
sample 150
begin calcualte ppl
[TIME] this run took 443.34 seconds (7.39 min)
[RESULT] final ppl on wikitext = 31.3617
===== 1|0.01|0.5|linear|0.019|0.4|True | 447s | exit=0 =====
/home/xiaokang/miniconda3/envs/prune_llm/lib/python3.9/site-packages/torch/torch_version.py:3: UserWarning: pkg_resources is deprecated as an API. See https://setuptools.pypa.io/en/latest/pkg_resources.html. The pkg_resources package is slated for removal as early as 2025-11-30. Refrain from using this package or pin to Setuptools<81.
  from pkg_resources import packaging  # type: ignore[attr-defined]
[DEBUG] running: /home/xiaokang/OWL/OWL-version2/risk-prune/main.py
[DEBUG] HF_ENDPOINT env: None
[DEBUG] HfApi endpoint: https://huggingface.co
# of gpus:  1
[DEBUG] Parsed args:
  nsamples               = 32
  risk_k                 = 1
  risk_probe             = 0.01
  risk_decay             = 0.5
  risk_decay_type        = linear
  risk_decay_beta        = 0.019
  risk_alpha             = 0.4
  consider_current_layer_in_risk = True
Loading checkpoint shards:   0%|          | 0/2 [00:00<?, ?it/s]Loading checkpoint shards:  50%|█████     | 1/2 [00:07<00:07,  7.96s/it]Loading checkpoint shards: 100%|██████████| 2/2 [00:09<00:00,  4.45s/it]Loading checkpoint shards: 100%|██████████| 2/2 [00:09<00:00,  4.98s/it]
use device  cuda:0
target sparsity 0.7
pruning starts
loading calibration data
dataset loading complete
after adjustment [0.34460053 0.39211708 0.34868488 0.4010474  0.3505438  0.33889568
 0.35936025 0.35109565 0.33700123 0.33381104 0.3331363  0.33090764
 0.32878065 0.31818336 0.31223246 0.29630792 0.285199   0.27709308
 0.27076158 0.26443937 0.25997806 0.25989074 0.25724328 0.25701874
 0.2529499  0.2574227  0.25030977 0.24696946 0.24588864 0.2410474
 0.2537394  0.24334332] mean 0.3 max 0.4010474 min 0.2410474
pruning layer 0 name self_attn.q_proj
pruning layer 0 name self_attn.k_proj
pruning layer 0 name self_attn.v_proj
pruning layer 0 name self_attn.o_proj
pruning layer 0 name mlp.gate_proj
pruning layer 0 name mlp.down_proj
pruning layer 0 name mlp.up_proj
pruning layer 1 name self_attn.q_proj
pruning layer 1 name self_attn.k_proj
pruning layer 1 name self_attn.v_proj
pruning layer 1 name self_attn.o_proj
pruning layer 1 name mlp.gate_proj
pruning layer 1 name mlp.down_proj
pruning layer 1 name mlp.up_proj
pruning layer 2 name self_attn.q_proj
pruning layer 2 name self_attn.k_proj
pruning layer 2 name self_attn.v_proj
pruning layer 2 name self_attn.o_proj
pruning layer 2 name mlp.gate_proj
pruning layer 2 name mlp.down_proj
pruning layer 2 name mlp.up_proj
pruning layer 3 name self_attn.q_proj
pruning layer 3 name self_attn.k_proj
pruning layer 3 name self_attn.v_proj
pruning layer 3 name self_attn.o_proj
pruning layer 3 name mlp.gate_proj
pruning layer 3 name mlp.down_proj
pruning layer 3 name mlp.up_proj
pruning layer 4 name self_attn.q_proj
pruning layer 4 name self_attn.k_proj
pruning layer 4 name self_attn.v_proj
pruning layer 4 name self_attn.o_proj
pruning layer 4 name mlp.gate_proj
pruning layer 4 name mlp.down_proj
pruning layer 4 name mlp.up_proj
pruning layer 5 name self_attn.q_proj
pruning layer 5 name self_attn.k_proj
pruning layer 5 name self_attn.v_proj
pruning layer 5 name self_attn.o_proj
pruning layer 5 name mlp.gate_proj
pruning layer 5 name mlp.down_proj
pruning layer 5 name mlp.up_proj
pruning layer 6 name self_attn.q_proj
pruning layer 6 name self_attn.k_proj
pruning layer 6 name self_attn.v_proj
pruning layer 6 name self_attn.o_proj
pruning layer 6 name mlp.gate_proj
pruning layer 6 name mlp.down_proj
pruning layer 6 name mlp.up_proj
pruning layer 7 name self_attn.q_proj
pruning layer 7 name self_attn.k_proj
pruning layer 7 name self_attn.v_proj
pruning layer 7 name self_attn.o_proj
pruning layer 7 name mlp.gate_proj
pruning layer 7 name mlp.down_proj
pruning layer 7 name mlp.up_proj
pruning layer 8 name self_attn.q_proj
pruning layer 8 name self_attn.k_proj
pruning layer 8 name self_attn.v_proj
pruning layer 8 name self_attn.o_proj
pruning layer 8 name mlp.gate_proj
pruning layer 8 name mlp.down_proj
pruning layer 8 name mlp.up_proj
pruning layer 9 name self_attn.q_proj
pruning layer 9 name self_attn.k_proj
pruning layer 9 name self_attn.v_proj
pruning layer 9 name self_attn.o_proj
pruning layer 9 name mlp.gate_proj
pruning layer 9 name mlp.down_proj
pruning layer 9 name mlp.up_proj
pruning layer 10 name self_attn.q_proj
pruning layer 10 name self_attn.k_proj
pruning layer 10 name self_attn.v_proj
pruning layer 10 name self_attn.o_proj
pruning layer 10 name mlp.gate_proj
pruning layer 10 name mlp.down_proj
pruning layer 10 name mlp.up_proj
pruning layer 11 name self_attn.q_proj
pruning layer 11 name self_attn.k_proj
pruning layer 11 name self_attn.v_proj
pruning layer 11 name self_attn.o_proj
pruning layer 11 name mlp.gate_proj
pruning layer 11 name mlp.down_proj
pruning layer 11 name mlp.up_proj
pruning layer 12 name self_attn.q_proj
pruning layer 12 name self_attn.k_proj
pruning layer 12 name self_attn.v_proj
pruning layer 12 name self_attn.o_proj
pruning layer 12 name mlp.gate_proj
pruning layer 12 name mlp.down_proj
pruning layer 12 name mlp.up_proj
pruning layer 13 name self_attn.q_proj
pruning layer 13 name self_attn.k_proj
pruning layer 13 name self_attn.v_proj
pruning layer 13 name self_attn.o_proj
pruning layer 13 name mlp.gate_proj
pruning layer 13 name mlp.down_proj
pruning layer 13 name mlp.up_proj
pruning layer 14 name self_attn.q_proj
pruning layer 14 name self_attn.k_proj
pruning layer 14 name self_attn.v_proj
pruning layer 14 name self_attn.o_proj
pruning layer 14 name mlp.gate_proj
pruning layer 14 name mlp.down_proj
pruning layer 14 name mlp.up_proj
pruning layer 15 name self_attn.q_proj
pruning layer 15 name self_attn.k_proj
pruning layer 15 name self_attn.v_proj
pruning layer 15 name self_attn.o_proj
pruning layer 15 name mlp.gate_proj
pruning layer 15 name mlp.down_proj
pruning layer 15 name mlp.up_proj
pruning layer 16 name self_attn.q_proj
pruning layer 16 name self_attn.k_proj
pruning layer 16 name self_attn.v_proj
pruning layer 16 name self_attn.o_proj
pruning layer 16 name mlp.gate_proj
pruning layer 16 name mlp.down_proj
pruning layer 16 name mlp.up_proj
pruning layer 17 name self_attn.q_proj
pruning layer 17 name self_attn.k_proj
pruning layer 17 name self_attn.v_proj
pruning layer 17 name self_attn.o_proj
pruning layer 17 name mlp.gate_proj
pruning layer 17 name mlp.down_proj
pruning layer 17 name mlp.up_proj
pruning layer 18 name self_attn.q_proj
pruning layer 18 name self_attn.k_proj
pruning layer 18 name self_attn.v_proj
pruning layer 18 name self_attn.o_proj
pruning layer 18 name mlp.gate_proj
pruning layer 18 name mlp.down_proj
pruning layer 18 name mlp.up_proj
pruning layer 19 name self_attn.q_proj
pruning layer 19 name self_attn.k_proj
pruning layer 19 name self_attn.v_proj
pruning layer 19 name self_attn.o_proj
pruning layer 19 name mlp.gate_proj
pruning layer 19 name mlp.down_proj
pruning layer 19 name mlp.up_proj
pruning layer 20 name self_attn.q_proj
pruning layer 20 name self_attn.k_proj
pruning layer 20 name self_attn.v_proj
pruning layer 20 name self_attn.o_proj
pruning layer 20 name mlp.gate_proj
pruning layer 20 name mlp.down_proj
pruning layer 20 name mlp.up_proj
pruning layer 21 name self_attn.q_proj
pruning layer 21 name self_attn.k_proj
pruning layer 21 name self_attn.v_proj
pruning layer 21 name self_attn.o_proj
pruning layer 21 name mlp.gate_proj
pruning layer 21 name mlp.down_proj
pruning layer 21 name mlp.up_proj
pruning layer 22 name self_attn.q_proj
pruning layer 22 name self_attn.k_proj
pruning layer 22 name self_attn.v_proj
pruning layer 22 name self_attn.o_proj
pruning layer 22 name mlp.gate_proj
pruning layer 22 name mlp.down_proj
pruning layer 22 name mlp.up_proj
pruning layer 23 name self_attn.q_proj
pruning layer 23 name self_attn.k_proj
pruning layer 23 name self_attn.v_proj
pruning layer 23 name self_attn.o_proj
pruning layer 23 name mlp.gate_proj
pruning layer 23 name mlp.down_proj
pruning layer 23 name mlp.up_proj
pruning layer 24 name self_attn.q_proj
pruning layer 24 name self_attn.k_proj
pruning layer 24 name self_attn.v_proj
pruning layer 24 name self_attn.o_proj
pruning layer 24 name mlp.gate_proj
pruning layer 24 name mlp.down_proj
pruning layer 24 name mlp.up_proj
pruning layer 25 name self_attn.q_proj
pruning layer 25 name self_attn.k_proj
pruning layer 25 name self_attn.v_proj
pruning layer 25 name self_attn.o_proj
pruning layer 25 name mlp.gate_proj
pruning layer 25 name mlp.down_proj
pruning layer 25 name mlp.up_proj
pruning layer 26 name self_attn.q_proj
pruning layer 26 name self_attn.k_proj
pruning layer 26 name self_attn.v_proj
pruning layer 26 name self_attn.o_proj
pruning layer 26 name mlp.gate_proj
pruning layer 26 name mlp.down_proj
pruning layer 26 name mlp.up_proj
pruning layer 27 name self_attn.q_proj
pruning layer 27 name self_attn.k_proj
pruning layer 27 name self_attn.v_proj
pruning layer 27 name self_attn.o_proj
pruning layer 27 name mlp.gate_proj
pruning layer 27 name mlp.down_proj
pruning layer 27 name mlp.up_proj
pruning layer 28 name self_attn.q_proj
pruning layer 28 name self_attn.k_proj
pruning layer 28 name self_attn.v_proj
pruning layer 28 name self_attn.o_proj
pruning layer 28 name mlp.gate_proj
pruning layer 28 name mlp.down_proj
pruning layer 28 name mlp.up_proj
pruning layer 29 name self_attn.q_proj
pruning layer 29 name self_attn.k_proj
pruning layer 29 name self_attn.v_proj
pruning layer 29 name self_attn.o_proj
pruning layer 29 name mlp.gate_proj
pruning layer 29 name mlp.down_proj
pruning layer 29 name mlp.up_proj
pruning layer 30 name self_attn.q_proj
pruning layer 30 name self_attn.k_proj
pruning layer 30 name self_attn.v_proj
pruning layer 30 name self_attn.o_proj
pruning layer 30 name mlp.gate_proj
pruning layer 30 name mlp.down_proj
pruning layer 30 name mlp.up_proj
pruning layer 31 name self_attn.q_proj
pruning layer 31 name self_attn.k_proj
pruning layer 31 name self_attn.v_proj
pruning layer 31 name self_attn.o_proj
pruning layer 31 name mlp.gate_proj
pruning layer 31 name mlp.down_proj
pruning layer 31 name mlp.up_proj
******************************
layer 0 sparsity 0.655289
layer 1 sparsity 0.607703
layer 2 sparsity 0.651152
layer 3 sparsity 0.598888
layer 4 sparsity 0.649419
layer 5 sparsity 0.660928
layer 6 sparsity 0.640625
layer 7 sparsity 0.648728
layer 8 sparsity 0.662871
layer 9 sparsity 0.666046
layer 10 sparsity 0.666757
layer 11 sparsity 0.668971
layer 12 sparsity 0.671144
layer 13 sparsity 0.681671
layer 14 sparsity 0.687730
layer 15 sparsity 0.703626
layer 16 sparsity 0.714634
layer 17 sparsity 0.722886
layer 18 sparsity 0.729047
layer 19 sparsity 0.735397
layer 20 sparsity 0.739994
layer 21 sparsity 0.740014
layer 22 sparsity 0.742688
layer 23 sparsity 0.742919
layer 24 sparsity 0.746865
layer 25 sparsity 0.742458
layer 26 sparsity 0.749540
layer 27 sparsity 0.752945
layer 28 sparsity 0.753947
layer 29 sparsity 0.758814
layer 30 sparsity 0.746114
layer 31 sparsity 0.756601
sparsity sanity check 0.6999
******************************
evaluating on wikitext2
nsamples 166
sample 0
sample 50
sample 100
sample 150
begin calcualte ppl
[TIME] this run took 444.61 seconds (7.41 min)
[RESULT] final ppl on wikitext = 31.3617
===== 1|0.01|0.5|linear|0.001|0.01|False | 448s | exit=0 =====
/home/xiaokang/miniconda3/envs/prune_llm/lib/python3.9/site-packages/torch/torch_version.py:3: UserWarning: pkg_resources is deprecated as an API. See https://setuptools.pypa.io/en/latest/pkg_resources.html. The pkg_resources package is slated for removal as early as 2025-11-30. Refrain from using this package or pin to Setuptools<81.
  from pkg_resources import packaging  # type: ignore[attr-defined]
[DEBUG] running: /home/xiaokang/OWL/OWL-version2/risk-prune/main.py
[DEBUG] HF_ENDPOINT env: None
[DEBUG] HfApi endpoint: https://huggingface.co
# of gpus:  1
[DEBUG] Parsed args:
  nsamples               = 32
  risk_k                 = 1
  risk_probe             = 0.01
  risk_decay             = 0.5
  risk_decay_type        = linear
  risk_decay_beta        = 0.001
  risk_alpha             = 0.01
  consider_current_layer_in_risk = True
Loading checkpoint shards:   0%|          | 0/2 [00:00<?, ?it/s]Loading checkpoint shards:  50%|█████     | 1/2 [00:06<00:06,  6.80s/it]Loading checkpoint shards: 100%|██████████| 2/2 [00:09<00:00,  4.20s/it]Loading checkpoint shards: 100%|██████████| 2/2 [00:09<00:00,  4.59s/it]
use device  cuda:0
target sparsity 0.7
pruning starts
loading calibration data
dataset loading complete
after adjustment [0.32154387 0.33052334 0.35553527 0.40382937 0.3556912  0.34425825
 0.36281928 0.35440147 0.34041196 0.33683133 0.33567408 0.3330906
 0.33067206 0.32056895 0.31427026 0.29846182 0.28695586 0.27979746
 0.27319846 0.26702517 0.2621449  0.26242876 0.25932163 0.2589753
 0.25523868 0.25864556 0.25183204 0.24919166 0.24809445 0.24382937
 0.24520025 0.25953785] mean 0.3 max 0.40382937 min 0.24382937
pruning layer 0 name self_attn.q_proj
pruning layer 0 name self_attn.k_proj
pruning layer 0 name self_attn.v_proj
pruning layer 0 name self_attn.o_proj
pruning layer 0 name mlp.gate_proj
pruning layer 0 name mlp.down_proj
pruning layer 0 name mlp.up_proj
pruning layer 1 name self_attn.q_proj
pruning layer 1 name self_attn.k_proj
pruning layer 1 name self_attn.v_proj
pruning layer 1 name self_attn.o_proj
pruning layer 1 name mlp.gate_proj
pruning layer 1 name mlp.down_proj
pruning layer 1 name mlp.up_proj
pruning layer 2 name self_attn.q_proj
pruning layer 2 name self_attn.k_proj
pruning layer 2 name self_attn.v_proj
pruning layer 2 name self_attn.o_proj
pruning layer 2 name mlp.gate_proj
pruning layer 2 name mlp.down_proj
pruning layer 2 name mlp.up_proj
pruning layer 3 name self_attn.q_proj
pruning layer 3 name self_attn.k_proj
pruning layer 3 name self_attn.v_proj
pruning layer 3 name self_attn.o_proj
pruning layer 3 name mlp.gate_proj
pruning layer 3 name mlp.down_proj
pruning layer 3 name mlp.up_proj
pruning layer 4 name self_attn.q_proj
pruning layer 4 name self_attn.k_proj
pruning layer 4 name self_attn.v_proj
pruning layer 4 name self_attn.o_proj
pruning layer 4 name mlp.gate_proj
pruning layer 4 name mlp.down_proj
pruning layer 4 name mlp.up_proj
pruning layer 5 name self_attn.q_proj
pruning layer 5 name self_attn.k_proj
pruning layer 5 name self_attn.v_proj
pruning layer 5 name self_attn.o_proj
pruning layer 5 name mlp.gate_proj
pruning layer 5 name mlp.down_proj
pruning layer 5 name mlp.up_proj
pruning layer 6 name self_attn.q_proj
pruning layer 6 name self_attn.k_proj
pruning layer 6 name self_attn.v_proj
pruning layer 6 name self_attn.o_proj
pruning layer 6 name mlp.gate_proj
pruning layer 6 name mlp.down_proj
pruning layer 6 name mlp.up_proj
pruning layer 7 name self_attn.q_proj
pruning layer 7 name self_attn.k_proj
pruning layer 7 name self_attn.v_proj
pruning layer 7 name self_attn.o_proj
pruning layer 7 name mlp.gate_proj
pruning layer 7 name mlp.down_proj
pruning layer 7 name mlp.up_proj
pruning layer 8 name self_attn.q_proj
pruning layer 8 name self_attn.k_proj
pruning layer 8 name self_attn.v_proj
pruning layer 8 name self_attn.o_proj
pruning layer 8 name mlp.gate_proj
pruning layer 8 name mlp.down_proj
pruning layer 8 name mlp.up_proj
pruning layer 9 name self_attn.q_proj
pruning layer 9 name self_attn.k_proj
pruning layer 9 name self_attn.v_proj
pruning layer 9 name self_attn.o_proj
pruning layer 9 name mlp.gate_proj
pruning layer 9 name mlp.down_proj
pruning layer 9 name mlp.up_proj
pruning layer 10 name self_attn.q_proj
pruning layer 10 name self_attn.k_proj
pruning layer 10 name self_attn.v_proj
pruning layer 10 name self_attn.o_proj
pruning layer 10 name mlp.gate_proj
pruning layer 10 name mlp.down_proj
pruning layer 10 name mlp.up_proj
pruning layer 11 name self_attn.q_proj
pruning layer 11 name self_attn.k_proj
pruning layer 11 name self_attn.v_proj
pruning layer 11 name self_attn.o_proj
pruning layer 11 name mlp.gate_proj
pruning layer 11 name mlp.down_proj
pruning layer 11 name mlp.up_proj
pruning layer 12 name self_attn.q_proj
pruning layer 12 name self_attn.k_proj
pruning layer 12 name self_attn.v_proj
pruning layer 12 name self_attn.o_proj
pruning layer 12 name mlp.gate_proj
pruning layer 12 name mlp.down_proj
pruning layer 12 name mlp.up_proj
pruning layer 13 name self_attn.q_proj
pruning layer 13 name self_attn.k_proj
pruning layer 13 name self_attn.v_proj
pruning layer 13 name self_attn.o_proj
pruning layer 13 name mlp.gate_proj
pruning layer 13 name mlp.down_proj
pruning layer 13 name mlp.up_proj
pruning layer 14 name self_attn.q_proj
pruning layer 14 name self_attn.k_proj
pruning layer 14 name self_attn.v_proj
pruning layer 14 name self_attn.o_proj
pruning layer 14 name mlp.gate_proj
pruning layer 14 name mlp.down_proj
pruning layer 14 name mlp.up_proj
pruning layer 15 name self_attn.q_proj
pruning layer 15 name self_attn.k_proj
pruning layer 15 name self_attn.v_proj
pruning layer 15 name self_attn.o_proj
pruning layer 15 name mlp.gate_proj
pruning layer 15 name mlp.down_proj
pruning layer 15 name mlp.up_proj
pruning layer 16 name self_attn.q_proj
pruning layer 16 name self_attn.k_proj
pruning layer 16 name self_attn.v_proj
pruning layer 16 name self_attn.o_proj
pruning layer 16 name mlp.gate_proj
pruning layer 16 name mlp.down_proj
pruning layer 16 name mlp.up_proj
pruning layer 17 name self_attn.q_proj
pruning layer 17 name self_attn.k_proj
pruning layer 17 name self_attn.v_proj
pruning layer 17 name self_attn.o_proj
pruning layer 17 name mlp.gate_proj
pruning layer 17 name mlp.down_proj
pruning layer 17 name mlp.up_proj
pruning layer 18 name self_attn.q_proj
pruning layer 18 name self_attn.k_proj
pruning layer 18 name self_attn.v_proj
pruning layer 18 name self_attn.o_proj
pruning layer 18 name mlp.gate_proj
pruning layer 18 name mlp.down_proj
pruning layer 18 name mlp.up_proj
pruning layer 19 name self_attn.q_proj
pruning layer 19 name self_attn.k_proj
pruning layer 19 name self_attn.v_proj
pruning layer 19 name self_attn.o_proj
pruning layer 19 name mlp.gate_proj
pruning layer 19 name mlp.down_proj
pruning layer 19 name mlp.up_proj
pruning layer 20 name self_attn.q_proj
pruning layer 20 name self_attn.k_proj
pruning layer 20 name self_attn.v_proj
pruning layer 20 name self_attn.o_proj
pruning layer 20 name mlp.gate_proj
pruning layer 20 name mlp.down_proj
pruning layer 20 name mlp.up_proj
pruning layer 21 name self_attn.q_proj
pruning layer 21 name self_attn.k_proj
pruning layer 21 name self_attn.v_proj
pruning layer 21 name self_attn.o_proj
pruning layer 21 name mlp.gate_proj
pruning layer 21 name mlp.down_proj
pruning layer 21 name mlp.up_proj
pruning layer 22 name self_attn.q_proj
pruning layer 22 name self_attn.k_proj
pruning layer 22 name self_attn.v_proj
pruning layer 22 name self_attn.o_proj
pruning layer 22 name mlp.gate_proj
pruning layer 22 name mlp.down_proj
pruning layer 22 name mlp.up_proj
pruning layer 23 name self_attn.q_proj
pruning layer 23 name self_attn.k_proj
pruning layer 23 name self_attn.v_proj
pruning layer 23 name self_attn.o_proj
pruning layer 23 name mlp.gate_proj
pruning layer 23 name mlp.down_proj
pruning layer 23 name mlp.up_proj
pruning layer 24 name self_attn.q_proj
pruning layer 24 name self_attn.k_proj
pruning layer 24 name self_attn.v_proj
pruning layer 24 name self_attn.o_proj
pruning layer 24 name mlp.gate_proj
pruning layer 24 name mlp.down_proj
pruning layer 24 name mlp.up_proj
pruning layer 25 name self_attn.q_proj
pruning layer 25 name self_attn.k_proj
pruning layer 25 name self_attn.v_proj
pruning layer 25 name self_attn.o_proj
pruning layer 25 name mlp.gate_proj
pruning layer 25 name mlp.down_proj
pruning layer 25 name mlp.up_proj
pruning layer 26 name self_attn.q_proj
pruning layer 26 name self_attn.k_proj
pruning layer 26 name self_attn.v_proj
pruning layer 26 name self_attn.o_proj
pruning layer 26 name mlp.gate_proj
pruning layer 26 name mlp.down_proj
pruning layer 26 name mlp.up_proj
pruning layer 27 name self_attn.q_proj
pruning layer 27 name self_attn.k_proj
pruning layer 27 name self_attn.v_proj
pruning layer 27 name self_attn.o_proj
pruning layer 27 name mlp.gate_proj
pruning layer 27 name mlp.down_proj
pruning layer 27 name mlp.up_proj
pruning layer 28 name self_attn.q_proj
pruning layer 28 name self_attn.k_proj
pruning layer 28 name self_attn.v_proj
pruning layer 28 name self_attn.o_proj
pruning layer 28 name mlp.gate_proj
pruning layer 28 name mlp.down_proj
pruning layer 28 name mlp.up_proj
pruning layer 29 name self_attn.q_proj
pruning layer 29 name self_attn.k_proj
pruning layer 29 name self_attn.v_proj
pruning layer 29 name self_attn.o_proj
pruning layer 29 name mlp.gate_proj
pruning layer 29 name mlp.down_proj
pruning layer 29 name mlp.up_proj
pruning layer 30 name self_attn.q_proj
pruning layer 30 name self_attn.k_proj
pruning layer 30 name self_attn.v_proj
pruning layer 30 name self_attn.o_proj
pruning layer 30 name mlp.gate_proj
pruning layer 30 name mlp.down_proj
pruning layer 30 name mlp.up_proj
pruning layer 31 name self_attn.q_proj
pruning layer 31 name self_attn.k_proj
pruning layer 31 name self_attn.v_proj
pruning layer 31 name self_attn.o_proj
pruning layer 31 name mlp.gate_proj
pruning layer 31 name mlp.down_proj
pruning layer 31 name mlp.up_proj
******************************
layer 0 sparsity 0.678266
layer 1 sparsity 0.669431
layer 2 sparsity 0.644321
layer 3 sparsity 0.595984
layer 4 sparsity 0.644281
layer 5 sparsity 0.655559
layer 6 sparsity 0.637010
layer 7 sparsity 0.645513
layer 8 sparsity 0.659445
layer 9 sparsity 0.663101
layer 10 sparsity 0.664293
layer 11 sparsity 0.666777
layer 12 sparsity 0.669201
layer 13 sparsity 0.679247
layer 14 sparsity 0.685577
layer 15 sparsity 0.701432
layer 16 sparsity 0.712921
layer 17 sparsity 0.720002
layer 18 sparsity 0.726603
layer 19 sparsity 0.732913
layer 20 sparsity 0.737801
layer 21 sparsity 0.737550
layer 22 sparsity 0.740515
layer 23 sparsity 0.740976
layer 24 sparsity 0.744652
layer 25 sparsity 0.741226
layer 26 sparsity 0.748057
layer 27 sparsity 0.750731
layer 28 sparsity 0.751733
layer 29 sparsity 0.756100
layer 30 sparsity 0.754658
layer 31 sparsity 0.740285
sparsity sanity check 0.6999
******************************
evaluating on wikitext2
nsamples 166
sample 0
sample 50
sample 100
sample 150
begin calcualte ppl
[TIME] this run took 444.19 seconds (7.40 min)
[RESULT] final ppl on wikitext = 30.6834
===== 1|0.01|0.5|linear|0.001|0.01|True | 445s | exit=0 =====
/home/xiaokang/miniconda3/envs/prune_llm/lib/python3.9/site-packages/torch/torch_version.py:3: UserWarning: pkg_resources is deprecated as an API. See https://setuptools.pypa.io/en/latest/pkg_resources.html. The pkg_resources package is slated for removal as early as 2025-11-30. Refrain from using this package or pin to Setuptools<81.
  from pkg_resources import packaging  # type: ignore[attr-defined]
[DEBUG] running: /home/xiaokang/OWL/OWL-version2/risk-prune/main.py
[DEBUG] HF_ENDPOINT env: None
[DEBUG] HfApi endpoint: https://huggingface.co
# of gpus:  1
[DEBUG] Parsed args:
  nsamples               = 32
  risk_k                 = 1
  risk_probe             = 0.01
  risk_decay             = 0.5
  risk_decay_type        = linear
  risk_decay_beta        = 0.001
  risk_alpha             = 0.01
  consider_current_layer_in_risk = True
Loading checkpoint shards:   0%|          | 0/2 [00:00<?, ?it/s]Loading checkpoint shards:  50%|█████     | 1/2 [00:05<00:05,  5.62s/it]Loading checkpoint shards: 100%|██████████| 2/2 [00:08<00:00,  3.75s/it]Loading checkpoint shards: 100%|██████████| 2/2 [00:08<00:00,  4.03s/it]
use device  cuda:0
target sparsity 0.7
pruning starts
loading calibration data
dataset loading complete
after adjustment [0.32154387 0.33052334 0.35553527 0.40382937 0.3556912  0.34425825
 0.36281928 0.35440147 0.34041196 0.33683133 0.33567408 0.3330906
 0.33067206 0.32056895 0.31427026 0.29846182 0.28695586 0.27979746
 0.27319846 0.26702517 0.2621449  0.26242876 0.25932163 0.2589753
 0.25523868 0.25864556 0.25183204 0.24919166 0.24809445 0.24382937
 0.24520025 0.25953785] mean 0.3 max 0.40382937 min 0.24382937
pruning layer 0 name self_attn.q_proj
pruning layer 0 name self_attn.k_proj
pruning layer 0 name self_attn.v_proj
pruning layer 0 name self_attn.o_proj
pruning layer 0 name mlp.gate_proj
pruning layer 0 name mlp.down_proj
pruning layer 0 name mlp.up_proj
pruning layer 1 name self_attn.q_proj
pruning layer 1 name self_attn.k_proj
pruning layer 1 name self_attn.v_proj
pruning layer 1 name self_attn.o_proj
pruning layer 1 name mlp.gate_proj
pruning layer 1 name mlp.down_proj
pruning layer 1 name mlp.up_proj
pruning layer 2 name self_attn.q_proj
pruning layer 2 name self_attn.k_proj
pruning layer 2 name self_attn.v_proj
pruning layer 2 name self_attn.o_proj
pruning layer 2 name mlp.gate_proj
pruning layer 2 name mlp.down_proj
pruning layer 2 name mlp.up_proj
pruning layer 3 name self_attn.q_proj
pruning layer 3 name self_attn.k_proj
pruning layer 3 name self_attn.v_proj
pruning layer 3 name self_attn.o_proj
pruning layer 3 name mlp.gate_proj
pruning layer 3 name mlp.down_proj
pruning layer 3 name mlp.up_proj
pruning layer 4 name self_attn.q_proj
pruning layer 4 name self_attn.k_proj
pruning layer 4 name self_attn.v_proj
pruning layer 4 name self_attn.o_proj
pruning layer 4 name mlp.gate_proj
pruning layer 4 name mlp.down_proj
pruning layer 4 name mlp.up_proj
pruning layer 5 name self_attn.q_proj
pruning layer 5 name self_attn.k_proj
pruning layer 5 name self_attn.v_proj
pruning layer 5 name self_attn.o_proj
pruning layer 5 name mlp.gate_proj
pruning layer 5 name mlp.down_proj
pruning layer 5 name mlp.up_proj
pruning layer 6 name self_attn.q_proj
pruning layer 6 name self_attn.k_proj
pruning layer 6 name self_attn.v_proj
pruning layer 6 name self_attn.o_proj
pruning layer 6 name mlp.gate_proj
pruning layer 6 name mlp.down_proj
pruning layer 6 name mlp.up_proj
pruning layer 7 name self_attn.q_proj
pruning layer 7 name self_attn.k_proj
pruning layer 7 name self_attn.v_proj
pruning layer 7 name self_attn.o_proj
pruning layer 7 name mlp.gate_proj
pruning layer 7 name mlp.down_proj
pruning layer 7 name mlp.up_proj
pruning layer 8 name self_attn.q_proj
pruning layer 8 name self_attn.k_proj
pruning layer 8 name self_attn.v_proj
pruning layer 8 name self_attn.o_proj
pruning layer 8 name mlp.gate_proj
pruning layer 8 name mlp.down_proj
pruning layer 8 name mlp.up_proj
pruning layer 9 name self_attn.q_proj
pruning layer 9 name self_attn.k_proj
pruning layer 9 name self_attn.v_proj
pruning layer 9 name self_attn.o_proj
pruning layer 9 name mlp.gate_proj
pruning layer 9 name mlp.down_proj
pruning layer 9 name mlp.up_proj
pruning layer 10 name self_attn.q_proj
pruning layer 10 name self_attn.k_proj
pruning layer 10 name self_attn.v_proj
pruning layer 10 name self_attn.o_proj
pruning layer 10 name mlp.gate_proj
pruning layer 10 name mlp.down_proj
pruning layer 10 name mlp.up_proj
pruning layer 11 name self_attn.q_proj
pruning layer 11 name self_attn.k_proj
pruning layer 11 name self_attn.v_proj
pruning layer 11 name self_attn.o_proj
pruning layer 11 name mlp.gate_proj
pruning layer 11 name mlp.down_proj
pruning layer 11 name mlp.up_proj
pruning layer 12 name self_attn.q_proj
pruning layer 12 name self_attn.k_proj
pruning layer 12 name self_attn.v_proj
pruning layer 12 name self_attn.o_proj
pruning layer 12 name mlp.gate_proj
pruning layer 12 name mlp.down_proj
pruning layer 12 name mlp.up_proj
pruning layer 13 name self_attn.q_proj
pruning layer 13 name self_attn.k_proj
pruning layer 13 name self_attn.v_proj
pruning layer 13 name self_attn.o_proj
pruning layer 13 name mlp.gate_proj
pruning layer 13 name mlp.down_proj
pruning layer 13 name mlp.up_proj
pruning layer 14 name self_attn.q_proj
pruning layer 14 name self_attn.k_proj
pruning layer 14 name self_attn.v_proj
pruning layer 14 name self_attn.o_proj
pruning layer 14 name mlp.gate_proj
pruning layer 14 name mlp.down_proj
pruning layer 14 name mlp.up_proj
pruning layer 15 name self_attn.q_proj
pruning layer 15 name self_attn.k_proj
pruning layer 15 name self_attn.v_proj
pruning layer 15 name self_attn.o_proj
pruning layer 15 name mlp.gate_proj
pruning layer 15 name mlp.down_proj
pruning layer 15 name mlp.up_proj
pruning layer 16 name self_attn.q_proj
pruning layer 16 name self_attn.k_proj
pruning layer 16 name self_attn.v_proj
pruning layer 16 name self_attn.o_proj
pruning layer 16 name mlp.gate_proj
pruning layer 16 name mlp.down_proj
pruning layer 16 name mlp.up_proj
pruning layer 17 name self_attn.q_proj
pruning layer 17 name self_attn.k_proj
pruning layer 17 name self_attn.v_proj
pruning layer 17 name self_attn.o_proj
pruning layer 17 name mlp.gate_proj
pruning layer 17 name mlp.down_proj
pruning layer 17 name mlp.up_proj
pruning layer 18 name self_attn.q_proj
pruning layer 18 name self_attn.k_proj
pruning layer 18 name self_attn.v_proj
pruning layer 18 name self_attn.o_proj
pruning layer 18 name mlp.gate_proj
pruning layer 18 name mlp.down_proj
pruning layer 18 name mlp.up_proj
pruning layer 19 name self_attn.q_proj
pruning layer 19 name self_attn.k_proj
pruning layer 19 name self_attn.v_proj
pruning layer 19 name self_attn.o_proj
pruning layer 19 name mlp.gate_proj
pruning layer 19 name mlp.down_proj
pruning layer 19 name mlp.up_proj
pruning layer 20 name self_attn.q_proj
pruning layer 20 name self_attn.k_proj
pruning layer 20 name self_attn.v_proj
pruning layer 20 name self_attn.o_proj
pruning layer 20 name mlp.gate_proj
pruning layer 20 name mlp.down_proj
pruning layer 20 name mlp.up_proj
pruning layer 21 name self_attn.q_proj
pruning layer 21 name self_attn.k_proj
pruning layer 21 name self_attn.v_proj
pruning layer 21 name self_attn.o_proj
pruning layer 21 name mlp.gate_proj
pruning layer 21 name mlp.down_proj
pruning layer 21 name mlp.up_proj
pruning layer 22 name self_attn.q_proj
pruning layer 22 name self_attn.k_proj
pruning layer 22 name self_attn.v_proj
pruning layer 22 name self_attn.o_proj
pruning layer 22 name mlp.gate_proj
pruning layer 22 name mlp.down_proj
pruning layer 22 name mlp.up_proj
pruning layer 23 name self_attn.q_proj
pruning layer 23 name self_attn.k_proj
pruning layer 23 name self_attn.v_proj
pruning layer 23 name self_attn.o_proj
pruning layer 23 name mlp.gate_proj
pruning layer 23 name mlp.down_proj
pruning layer 23 name mlp.up_proj
pruning layer 24 name self_attn.q_proj
pruning layer 24 name self_attn.k_proj
pruning layer 24 name self_attn.v_proj
pruning layer 24 name self_attn.o_proj
pruning layer 24 name mlp.gate_proj
pruning layer 24 name mlp.down_proj
pruning layer 24 name mlp.up_proj
pruning layer 25 name self_attn.q_proj
pruning layer 25 name self_attn.k_proj
pruning layer 25 name self_attn.v_proj
pruning layer 25 name self_attn.o_proj
pruning layer 25 name mlp.gate_proj
pruning layer 25 name mlp.down_proj
pruning layer 25 name mlp.up_proj
pruning layer 26 name self_attn.q_proj
pruning layer 26 name self_attn.k_proj
pruning layer 26 name self_attn.v_proj
pruning layer 26 name self_attn.o_proj
pruning layer 26 name mlp.gate_proj
pruning layer 26 name mlp.down_proj
pruning layer 26 name mlp.up_proj
pruning layer 27 name self_attn.q_proj
pruning layer 27 name self_attn.k_proj
pruning layer 27 name self_attn.v_proj
pruning layer 27 name self_attn.o_proj
pruning layer 27 name mlp.gate_proj
pruning layer 27 name mlp.down_proj
pruning layer 27 name mlp.up_proj
pruning layer 28 name self_attn.q_proj
pruning layer 28 name self_attn.k_proj
pruning layer 28 name self_attn.v_proj
pruning layer 28 name self_attn.o_proj
pruning layer 28 name mlp.gate_proj
pruning layer 28 name mlp.down_proj
pruning layer 28 name mlp.up_proj
pruning layer 29 name self_attn.q_proj
pruning layer 29 name self_attn.k_proj
pruning layer 29 name self_attn.v_proj
pruning layer 29 name self_attn.o_proj
pruning layer 29 name mlp.gate_proj
pruning layer 29 name mlp.down_proj
pruning layer 29 name mlp.up_proj
pruning layer 30 name self_attn.q_proj
pruning layer 30 name self_attn.k_proj
pruning layer 30 name self_attn.v_proj
pruning layer 30 name self_attn.o_proj
pruning layer 30 name mlp.gate_proj
pruning layer 30 name mlp.down_proj
pruning layer 30 name mlp.up_proj
pruning layer 31 name self_attn.q_proj
pruning layer 31 name self_attn.k_proj
pruning layer 31 name self_attn.v_proj
pruning layer 31 name self_attn.o_proj
pruning layer 31 name mlp.gate_proj
pruning layer 31 name mlp.down_proj
pruning layer 31 name mlp.up_proj
******************************
layer 0 sparsity 0.678266
layer 1 sparsity 0.669431
layer 2 sparsity 0.644321
layer 3 sparsity 0.595984
layer 4 sparsity 0.644281
layer 5 sparsity 0.655559
layer 6 sparsity 0.637010
layer 7 sparsity 0.645513
layer 8 sparsity 0.659445
layer 9 sparsity 0.663101
layer 10 sparsity 0.664293
layer 11 sparsity 0.666777
layer 12 sparsity 0.669201
layer 13 sparsity 0.679247
layer 14 sparsity 0.685577
layer 15 sparsity 0.701432
layer 16 sparsity 0.712921
layer 17 sparsity 0.720002
layer 18 sparsity 0.726603
layer 19 sparsity 0.732913
layer 20 sparsity 0.737801
layer 21 sparsity 0.737550
layer 22 sparsity 0.740515
layer 23 sparsity 0.740976
layer 24 sparsity 0.744652
layer 25 sparsity 0.741226
layer 26 sparsity 0.748057
layer 27 sparsity 0.750731
layer 28 sparsity 0.751733
layer 29 sparsity 0.756100
layer 30 sparsity 0.754658
layer 31 sparsity 0.740285
sparsity sanity check 0.6999
******************************
evaluating on wikitext2
nsamples 166
sample 0
sample 50
sample 100
sample 150
begin calcualte ppl
[TIME] this run took 442.44 seconds (7.37 min)
[RESULT] final ppl on wikitext = 30.6834
===== 1|0.01|0.5|linear|0.001|0.05|False | 443s | exit=0 =====
/home/xiaokang/miniconda3/envs/prune_llm/lib/python3.9/site-packages/torch/torch_version.py:3: UserWarning: pkg_resources is deprecated as an API. See https://setuptools.pypa.io/en/latest/pkg_resources.html. The pkg_resources package is slated for removal as early as 2025-11-30. Refrain from using this package or pin to Setuptools<81.
  from pkg_resources import packaging  # type: ignore[attr-defined]
[DEBUG] running: /home/xiaokang/OWL/OWL-version2/risk-prune/main.py
[DEBUG] HF_ENDPOINT env: None
[DEBUG] HfApi endpoint: https://huggingface.co
# of gpus:  1
[DEBUG] Parsed args:
  nsamples               = 32
  risk_k                 = 1
  risk_probe             = 0.01
  risk_decay             = 0.5
  risk_decay_type        = linear
  risk_decay_beta        = 0.001
  risk_alpha             = 0.05
  consider_current_layer_in_risk = True
Loading checkpoint shards:   0%|          | 0/2 [00:00<?, ?it/s]Loading checkpoint shards:  50%|█████     | 1/2 [00:03<00:03,  3.85s/it]Loading checkpoint shards: 100%|██████████| 2/2 [00:05<00:00,  2.39s/it]Loading checkpoint shards: 100%|██████████| 2/2 [00:05<00:00,  2.61s/it]
use device  cuda:0
target sparsity 0.7
pruning starts
loading calibration data
dataset loading complete
after adjustment [0.3229406  0.33425453 0.3551203  0.40366083 0.35537934 0.34393337
 0.3626097  0.3542012  0.34020534 0.33664834 0.33552033 0.33295837
 0.33055747 0.32042444 0.31414682 0.29833135 0.28684944 0.27963364
 0.27305084 0.26686853 0.2620136  0.26227504 0.25919572 0.25885677
 0.2551     0.2585715  0.25173983 0.24905704 0.24796084 0.24366084
 0.24571753 0.2585568 ] mean 0.3 max 0.40366083 min 0.24366084
pruning layer 0 name self_attn.q_proj
pruning layer 0 name self_attn.k_proj
pruning layer 0 name self_attn.v_proj
pruning layer 0 name self_attn.o_proj
pruning layer 0 name mlp.gate_proj
pruning layer 0 name mlp.down_proj
pruning layer 0 name mlp.up_proj
pruning layer 1 name self_attn.q_proj
pruning layer 1 name self_attn.k_proj
pruning layer 1 name self_attn.v_proj
pruning layer 1 name self_attn.o_proj
pruning layer 1 name mlp.gate_proj
pruning layer 1 name mlp.down_proj
pruning layer 1 name mlp.up_proj
pruning layer 2 name self_attn.q_proj
pruning layer 2 name self_attn.k_proj
pruning layer 2 name self_attn.v_proj
pruning layer 2 name self_attn.o_proj
pruning layer 2 name mlp.gate_proj
pruning layer 2 name mlp.down_proj
pruning layer 2 name mlp.up_proj
pruning layer 3 name self_attn.q_proj
pruning layer 3 name self_attn.k_proj
pruning layer 3 name self_attn.v_proj
pruning layer 3 name self_attn.o_proj
pruning layer 3 name mlp.gate_proj
pruning layer 3 name mlp.down_proj
pruning layer 3 name mlp.up_proj
pruning layer 4 name self_attn.q_proj
pruning layer 4 name self_attn.k_proj
pruning layer 4 name self_attn.v_proj
pruning layer 4 name self_attn.o_proj
pruning layer 4 name mlp.gate_proj
pruning layer 4 name mlp.down_proj
pruning layer 4 name mlp.up_proj
pruning layer 5 name self_attn.q_proj
pruning layer 5 name self_attn.k_proj
pruning layer 5 name self_attn.v_proj
pruning layer 5 name self_attn.o_proj
pruning layer 5 name mlp.gate_proj
pruning layer 5 name mlp.down_proj
pruning layer 5 name mlp.up_proj
pruning layer 6 name self_attn.q_proj
pruning layer 6 name self_attn.k_proj
pruning layer 6 name self_attn.v_proj
pruning layer 6 name self_attn.o_proj
pruning layer 6 name mlp.gate_proj
pruning layer 6 name mlp.down_proj
pruning layer 6 name mlp.up_proj
pruning layer 7 name self_attn.q_proj
pruning layer 7 name self_attn.k_proj
pruning layer 7 name self_attn.v_proj
pruning layer 7 name self_attn.o_proj
pruning layer 7 name mlp.gate_proj
pruning layer 7 name mlp.down_proj
pruning layer 7 name mlp.up_proj
pruning layer 8 name self_attn.q_proj
pruning layer 8 name self_attn.k_proj
pruning layer 8 name self_attn.v_proj
pruning layer 8 name self_attn.o_proj
pruning layer 8 name mlp.gate_proj
pruning layer 8 name mlp.down_proj
pruning layer 8 name mlp.up_proj
pruning layer 9 name self_attn.q_proj
pruning layer 9 name self_attn.k_proj
pruning layer 9 name self_attn.v_proj
pruning layer 9 name self_attn.o_proj
pruning layer 9 name mlp.gate_proj
pruning layer 9 name mlp.down_proj
pruning layer 9 name mlp.up_proj
pruning layer 10 name self_attn.q_proj
pruning layer 10 name self_attn.k_proj
pruning layer 10 name self_attn.v_proj
pruning layer 10 name self_attn.o_proj
pruning layer 10 name mlp.gate_proj
pruning layer 10 name mlp.down_proj
pruning layer 10 name mlp.up_proj
pruning layer 11 name self_attn.q_proj
pruning layer 11 name self_attn.k_proj
pruning layer 11 name self_attn.v_proj
pruning layer 11 name self_attn.o_proj
pruning layer 11 name mlp.gate_proj
pruning layer 11 name mlp.down_proj
pruning layer 11 name mlp.up_proj
pruning layer 12 name self_attn.q_proj
pruning layer 12 name self_attn.k_proj
pruning layer 12 name self_attn.v_proj
pruning layer 12 name self_attn.o_proj
pruning layer 12 name mlp.gate_proj
pruning layer 12 name mlp.down_proj
pruning layer 12 name mlp.up_proj
pruning layer 13 name self_attn.q_proj
pruning layer 13 name self_attn.k_proj
pruning layer 13 name self_attn.v_proj
pruning layer 13 name self_attn.o_proj
pruning layer 13 name mlp.gate_proj
pruning layer 13 name mlp.down_proj
pruning layer 13 name mlp.up_proj
pruning layer 14 name self_attn.q_proj
pruning layer 14 name self_attn.k_proj
pruning layer 14 name self_attn.v_proj
pruning layer 14 name self_attn.o_proj
pruning layer 14 name mlp.gate_proj
pruning layer 14 name mlp.down_proj
pruning layer 14 name mlp.up_proj
pruning layer 15 name self_attn.q_proj
pruning layer 15 name self_attn.k_proj
pruning layer 15 name self_attn.v_proj
pruning layer 15 name self_attn.o_proj
pruning layer 15 name mlp.gate_proj
pruning layer 15 name mlp.down_proj
pruning layer 15 name mlp.up_proj
pruning layer 16 name self_attn.q_proj
pruning layer 16 name self_attn.k_proj
pruning layer 16 name self_attn.v_proj
pruning layer 16 name self_attn.o_proj
pruning layer 16 name mlp.gate_proj
pruning layer 16 name mlp.down_proj
pruning layer 16 name mlp.up_proj
pruning layer 17 name self_attn.q_proj
pruning layer 17 name self_attn.k_proj
pruning layer 17 name self_attn.v_proj
pruning layer 17 name self_attn.o_proj
pruning layer 17 name mlp.gate_proj
pruning layer 17 name mlp.down_proj
pruning layer 17 name mlp.up_proj
pruning layer 18 name self_attn.q_proj
pruning layer 18 name self_attn.k_proj
pruning layer 18 name self_attn.v_proj
pruning layer 18 name self_attn.o_proj
pruning layer 18 name mlp.gate_proj
pruning layer 18 name mlp.down_proj
pruning layer 18 name mlp.up_proj
pruning layer 19 name self_attn.q_proj
pruning layer 19 name self_attn.k_proj
pruning layer 19 name self_attn.v_proj
pruning layer 19 name self_attn.o_proj
pruning layer 19 name mlp.gate_proj
pruning layer 19 name mlp.down_proj
pruning layer 19 name mlp.up_proj
pruning layer 20 name self_attn.q_proj
pruning layer 20 name self_attn.k_proj
pruning layer 20 name self_attn.v_proj
pruning layer 20 name self_attn.o_proj
pruning layer 20 name mlp.gate_proj
pruning layer 20 name mlp.down_proj
pruning layer 20 name mlp.up_proj
pruning layer 21 name self_attn.q_proj
pruning layer 21 name self_attn.k_proj
pruning layer 21 name self_attn.v_proj
pruning layer 21 name self_attn.o_proj
pruning layer 21 name mlp.gate_proj
pruning layer 21 name mlp.down_proj
pruning layer 21 name mlp.up_proj
pruning layer 22 name self_attn.q_proj
pruning layer 22 name self_attn.k_proj
pruning layer 22 name self_attn.v_proj
pruning layer 22 name self_attn.o_proj
pruning layer 22 name mlp.gate_proj
pruning layer 22 name mlp.down_proj
pruning layer 22 name mlp.up_proj
pruning layer 23 name self_attn.q_proj
pruning layer 23 name self_attn.k_proj
pruning layer 23 name self_attn.v_proj
pruning layer 23 name self_attn.o_proj
pruning layer 23 name mlp.gate_proj
pruning layer 23 name mlp.down_proj
pruning layer 23 name mlp.up_proj
pruning layer 24 name self_attn.q_proj
pruning layer 24 name self_attn.k_proj
pruning layer 24 name self_attn.v_proj
pruning layer 24 name self_attn.o_proj
pruning layer 24 name mlp.gate_proj
pruning layer 24 name mlp.down_proj
pruning layer 24 name mlp.up_proj
pruning layer 25 name self_attn.q_proj
pruning layer 25 name self_attn.k_proj
pruning layer 25 name self_attn.v_proj
pruning layer 25 name self_attn.o_proj
pruning layer 25 name mlp.gate_proj
pruning layer 25 name mlp.down_proj
pruning layer 25 name mlp.up_proj
pruning layer 26 name self_attn.q_proj
pruning layer 26 name self_attn.k_proj
pruning layer 26 name self_attn.v_proj
pruning layer 26 name self_attn.o_proj
pruning layer 26 name mlp.gate_proj
pruning layer 26 name mlp.down_proj
pruning layer 26 name mlp.up_proj
pruning layer 27 name self_attn.q_proj
pruning layer 27 name self_attn.k_proj
pruning layer 27 name self_attn.v_proj
pruning layer 27 name self_attn.o_proj
pruning layer 27 name mlp.gate_proj
pruning layer 27 name mlp.down_proj
pruning layer 27 name mlp.up_proj
pruning layer 28 name self_attn.q_proj
pruning layer 28 name self_attn.k_proj
pruning layer 28 name self_attn.v_proj
pruning layer 28 name self_attn.o_proj
pruning layer 28 name mlp.gate_proj
pruning layer 28 name mlp.down_proj
pruning layer 28 name mlp.up_proj
pruning layer 29 name self_attn.q_proj
pruning layer 29 name self_attn.k_proj
pruning layer 29 name self_attn.v_proj
pruning layer 29 name self_attn.o_proj
pruning layer 29 name mlp.gate_proj
pruning layer 29 name mlp.down_proj
pruning layer 29 name mlp.up_proj
pruning layer 30 name self_attn.q_proj
pruning layer 30 name self_attn.k_proj
pruning layer 30 name self_attn.v_proj
pruning layer 30 name self_attn.o_proj
pruning layer 30 name mlp.gate_proj
pruning layer 30 name mlp.down_proj
pruning layer 30 name mlp.up_proj
pruning layer 31 name self_attn.q_proj
pruning layer 31 name self_attn.k_proj
pruning layer 31 name self_attn.v_proj
pruning layer 31 name self_attn.o_proj
pruning layer 31 name mlp.gate_proj
pruning layer 31 name mlp.down_proj
pruning layer 31 name mlp.up_proj
******************************
layer 0 sparsity 0.677013
layer 1 sparsity 0.665565
layer 2 sparsity 0.644782
layer 3 sparsity 0.596214
layer 4 sparsity 0.644531
layer 5 sparsity 0.656000
layer 6 sparsity 0.637240
layer 7 sparsity 0.645743
layer 8 sparsity 0.659696
layer 9 sparsity 0.663331
layer 10 sparsity 0.664333
layer 11 sparsity 0.666987
layer 12 sparsity 0.669431
layer 13 sparsity 0.679457
layer 14 sparsity 0.685787
layer 15 sparsity 0.701642
layer 16 sparsity 0.713131
layer 17 sparsity 0.720233
layer 18 sparsity 0.726833
layer 19 sparsity 0.732953
layer 20 sparsity 0.737821
layer 21 sparsity 0.737570
layer 22 sparsity 0.740725
layer 23 sparsity 0.740996
layer 24 sparsity 0.744862
layer 25 sparsity 0.741246
layer 26 sparsity 0.748077
layer 27 sparsity 0.750772
layer 28 sparsity 0.751963
layer 29 sparsity 0.756140
layer 30 sparsity 0.754177
layer 31 sparsity 0.741246
sparsity sanity check 0.6999
******************************
evaluating on wikitext2
nsamples 166
sample 0
sample 50
sample 100
sample 150
begin calcualte ppl
[TIME] this run took 440.44 seconds (7.34 min)
[RESULT] final ppl on wikitext = 30.2518
===== 1|0.01|0.5|linear|0.001|0.05|True | 467s | exit=0 =====
/home/xiaokang/miniconda3/envs/prune_llm/lib/python3.9/site-packages/torch/torch_version.py:3: UserWarning: pkg_resources is deprecated as an API. See https://setuptools.pypa.io/en/latest/pkg_resources.html. The pkg_resources package is slated for removal as early as 2025-11-30. Refrain from using this package or pin to Setuptools<81.
  from pkg_resources import packaging  # type: ignore[attr-defined]
[DEBUG] running: /home/xiaokang/OWL/OWL-version2/risk-prune/main.py
[DEBUG] HF_ENDPOINT env: None
[DEBUG] HfApi endpoint: https://huggingface.co
# of gpus:  1
[DEBUG] Parsed args:
  nsamples               = 32
  risk_k                 = 1
  risk_probe             = 0.01
  risk_decay             = 0.5
  risk_decay_type        = linear
  risk_decay_beta        = 0.001
  risk_alpha             = 0.05
  consider_current_layer_in_risk = True
Loading checkpoint shards:   0%|          | 0/2 [00:00<?, ?it/s]Loading checkpoint shards:  50%|█████     | 1/2 [00:03<00:03,  3.74s/it]Loading checkpoint shards: 100%|██████████| 2/2 [00:05<00:00,  2.38s/it]Loading checkpoint shards: 100%|██████████| 2/2 [00:05<00:00,  2.58s/it]
use device  cuda:0
target sparsity 0.7
pruning starts
loading calibration data
dataset loading complete
after adjustment [0.3229406  0.33425453 0.3551203  0.40366083 0.35537934 0.34393337
 0.3626097  0.3542012  0.34020534 0.33664834 0.33552033 0.33295837
 0.33055747 0.32042444 0.31414682 0.29833135 0.28684944 0.27963364
 0.27305084 0.26686853 0.2620136  0.26227504 0.25919572 0.25885677
 0.2551     0.2585715  0.25173983 0.24905704 0.24796084 0.24366084
 0.24571753 0.2585568 ] mean 0.3 max 0.40366083 min 0.24366084
pruning layer 0 name self_attn.q_proj
pruning layer 0 name self_attn.k_proj
pruning layer 0 name self_attn.v_proj
pruning layer 0 name self_attn.o_proj
pruning layer 0 name mlp.gate_proj
pruning layer 0 name mlp.down_proj
pruning layer 0 name mlp.up_proj
pruning layer 1 name self_attn.q_proj
pruning layer 1 name self_attn.k_proj
pruning layer 1 name self_attn.v_proj
pruning layer 1 name self_attn.o_proj
pruning layer 1 name mlp.gate_proj
pruning layer 1 name mlp.down_proj
pruning layer 1 name mlp.up_proj
pruning layer 2 name self_attn.q_proj
pruning layer 2 name self_attn.k_proj
pruning layer 2 name self_attn.v_proj
pruning layer 2 name self_attn.o_proj
pruning layer 2 name mlp.gate_proj
pruning layer 2 name mlp.down_proj
pruning layer 2 name mlp.up_proj
pruning layer 3 name self_attn.q_proj
pruning layer 3 name self_attn.k_proj
pruning layer 3 name self_attn.v_proj
pruning layer 3 name self_attn.o_proj
pruning layer 3 name mlp.gate_proj
pruning layer 3 name mlp.down_proj
pruning layer 3 name mlp.up_proj
pruning layer 4 name self_attn.q_proj
pruning layer 4 name self_attn.k_proj
pruning layer 4 name self_attn.v_proj
pruning layer 4 name self_attn.o_proj
pruning layer 4 name mlp.gate_proj
pruning layer 4 name mlp.down_proj
pruning layer 4 name mlp.up_proj
pruning layer 5 name self_attn.q_proj
pruning layer 5 name self_attn.k_proj
pruning layer 5 name self_attn.v_proj
pruning layer 5 name self_attn.o_proj
pruning layer 5 name mlp.gate_proj
pruning layer 5 name mlp.down_proj
pruning layer 5 name mlp.up_proj
pruning layer 6 name self_attn.q_proj
pruning layer 6 name self_attn.k_proj
pruning layer 6 name self_attn.v_proj
pruning layer 6 name self_attn.o_proj
pruning layer 6 name mlp.gate_proj
pruning layer 6 name mlp.down_proj
pruning layer 6 name mlp.up_proj
pruning layer 7 name self_attn.q_proj
pruning layer 7 name self_attn.k_proj
pruning layer 7 name self_attn.v_proj
pruning layer 7 name self_attn.o_proj
pruning layer 7 name mlp.gate_proj
pruning layer 7 name mlp.down_proj
pruning layer 7 name mlp.up_proj
pruning layer 8 name self_attn.q_proj
pruning layer 8 name self_attn.k_proj
pruning layer 8 name self_attn.v_proj
pruning layer 8 name self_attn.o_proj
pruning layer 8 name mlp.gate_proj
pruning layer 8 name mlp.down_proj
pruning layer 8 name mlp.up_proj
pruning layer 9 name self_attn.q_proj
pruning layer 9 name self_attn.k_proj
pruning layer 9 name self_attn.v_proj
pruning layer 9 name self_attn.o_proj
pruning layer 9 name mlp.gate_proj
pruning layer 9 name mlp.down_proj
pruning layer 9 name mlp.up_proj
pruning layer 10 name self_attn.q_proj
pruning layer 10 name self_attn.k_proj
pruning layer 10 name self_attn.v_proj
pruning layer 10 name self_attn.o_proj
pruning layer 10 name mlp.gate_proj
pruning layer 10 name mlp.down_proj
pruning layer 10 name mlp.up_proj
pruning layer 11 name self_attn.q_proj
pruning layer 11 name self_attn.k_proj
pruning layer 11 name self_attn.v_proj
pruning layer 11 name self_attn.o_proj
pruning layer 11 name mlp.gate_proj
pruning layer 11 name mlp.down_proj
pruning layer 11 name mlp.up_proj
pruning layer 12 name self_attn.q_proj
pruning layer 12 name self_attn.k_proj
pruning layer 12 name self_attn.v_proj
pruning layer 12 name self_attn.o_proj
pruning layer 12 name mlp.gate_proj
pruning layer 12 name mlp.down_proj
pruning layer 12 name mlp.up_proj
pruning layer 13 name self_attn.q_proj
pruning layer 13 name self_attn.k_proj
pruning layer 13 name self_attn.v_proj
pruning layer 13 name self_attn.o_proj
pruning layer 13 name mlp.gate_proj
pruning layer 13 name mlp.down_proj
pruning layer 13 name mlp.up_proj
pruning layer 14 name self_attn.q_proj
pruning layer 14 name self_attn.k_proj
pruning layer 14 name self_attn.v_proj
pruning layer 14 name self_attn.o_proj
pruning layer 14 name mlp.gate_proj
pruning layer 14 name mlp.down_proj
pruning layer 14 name mlp.up_proj
pruning layer 15 name self_attn.q_proj
pruning layer 15 name self_attn.k_proj
pruning layer 15 name self_attn.v_proj
pruning layer 15 name self_attn.o_proj
pruning layer 15 name mlp.gate_proj
pruning layer 15 name mlp.down_proj
pruning layer 15 name mlp.up_proj
pruning layer 16 name self_attn.q_proj
pruning layer 16 name self_attn.k_proj
pruning layer 16 name self_attn.v_proj
pruning layer 16 name self_attn.o_proj
pruning layer 16 name mlp.gate_proj
pruning layer 16 name mlp.down_proj
pruning layer 16 name mlp.up_proj
pruning layer 17 name self_attn.q_proj
pruning layer 17 name self_attn.k_proj
pruning layer 17 name self_attn.v_proj
pruning layer 17 name self_attn.o_proj
pruning layer 17 name mlp.gate_proj
pruning layer 17 name mlp.down_proj
pruning layer 17 name mlp.up_proj
pruning layer 18 name self_attn.q_proj
pruning layer 18 name self_attn.k_proj
pruning layer 18 name self_attn.v_proj
pruning layer 18 name self_attn.o_proj
pruning layer 18 name mlp.gate_proj
pruning layer 18 name mlp.down_proj
pruning layer 18 name mlp.up_proj
pruning layer 19 name self_attn.q_proj
pruning layer 19 name self_attn.k_proj
pruning layer 19 name self_attn.v_proj
pruning layer 19 name self_attn.o_proj
pruning layer 19 name mlp.gate_proj
pruning layer 19 name mlp.down_proj
pruning layer 19 name mlp.up_proj
pruning layer 20 name self_attn.q_proj
pruning layer 20 name self_attn.k_proj
pruning layer 20 name self_attn.v_proj
pruning layer 20 name self_attn.o_proj
pruning layer 20 name mlp.gate_proj
pruning layer 20 name mlp.down_proj
pruning layer 20 name mlp.up_proj
pruning layer 21 name self_attn.q_proj
pruning layer 21 name self_attn.k_proj
pruning layer 21 name self_attn.v_proj
pruning layer 21 name self_attn.o_proj
pruning layer 21 name mlp.gate_proj
pruning layer 21 name mlp.down_proj
pruning layer 21 name mlp.up_proj
pruning layer 22 name self_attn.q_proj
pruning layer 22 name self_attn.k_proj
pruning layer 22 name self_attn.v_proj
pruning layer 22 name self_attn.o_proj
pruning layer 22 name mlp.gate_proj
pruning layer 22 name mlp.down_proj
pruning layer 22 name mlp.up_proj
pruning layer 23 name self_attn.q_proj
pruning layer 23 name self_attn.k_proj
pruning layer 23 name self_attn.v_proj
pruning layer 23 name self_attn.o_proj
pruning layer 23 name mlp.gate_proj
pruning layer 23 name mlp.down_proj
pruning layer 23 name mlp.up_proj
pruning layer 24 name self_attn.q_proj
pruning layer 24 name self_attn.k_proj
pruning layer 24 name self_attn.v_proj
pruning layer 24 name self_attn.o_proj
pruning layer 24 name mlp.gate_proj
pruning layer 24 name mlp.down_proj
pruning layer 24 name mlp.up_proj
pruning layer 25 name self_attn.q_proj
pruning layer 25 name self_attn.k_proj
pruning layer 25 name self_attn.v_proj
pruning layer 25 name self_attn.o_proj
pruning layer 25 name mlp.gate_proj
pruning layer 25 name mlp.down_proj
pruning layer 25 name mlp.up_proj
pruning layer 26 name self_attn.q_proj
pruning layer 26 name self_attn.k_proj
pruning layer 26 name self_attn.v_proj
pruning layer 26 name self_attn.o_proj
pruning layer 26 name mlp.gate_proj
pruning layer 26 name mlp.down_proj
pruning layer 26 name mlp.up_proj
pruning layer 27 name self_attn.q_proj
pruning layer 27 name self_attn.k_proj
pruning layer 27 name self_attn.v_proj
pruning layer 27 name self_attn.o_proj
pruning layer 27 name mlp.gate_proj
pruning layer 27 name mlp.down_proj
pruning layer 27 name mlp.up_proj
pruning layer 28 name self_attn.q_proj
pruning layer 28 name self_attn.k_proj
pruning layer 28 name self_attn.v_proj
pruning layer 28 name self_attn.o_proj
pruning layer 28 name mlp.gate_proj
pruning layer 28 name mlp.down_proj
pruning layer 28 name mlp.up_proj
pruning layer 29 name self_attn.q_proj
pruning layer 29 name self_attn.k_proj
pruning layer 29 name self_attn.v_proj
pruning layer 29 name self_attn.o_proj
pruning layer 29 name mlp.gate_proj
pruning layer 29 name mlp.down_proj
pruning layer 29 name mlp.up_proj
pruning layer 30 name self_attn.q_proj
pruning layer 30 name self_attn.k_proj
pruning layer 30 name self_attn.v_proj
pruning layer 30 name self_attn.o_proj
pruning layer 30 name mlp.gate_proj
pruning layer 30 name mlp.down_proj
pruning layer 30 name mlp.up_proj
pruning layer 31 name self_attn.q_proj
pruning layer 31 name self_attn.k_proj
pruning layer 31 name self_attn.v_proj
pruning layer 31 name self_attn.o_proj
pruning layer 31 name mlp.gate_proj
pruning layer 31 name mlp.down_proj
pruning layer 31 name mlp.up_proj
******************************
layer 0 sparsity 0.677013
layer 1 sparsity 0.665565
layer 2 sparsity 0.644782
layer 3 sparsity 0.596214
layer 4 sparsity 0.644531
layer 5 sparsity 0.656000
layer 6 sparsity 0.637240
layer 7 sparsity 0.645743
layer 8 sparsity 0.659696
layer 9 sparsity 0.663331
layer 10 sparsity 0.664333
layer 11 sparsity 0.666987
layer 12 sparsity 0.669431
layer 13 sparsity 0.679457
layer 14 sparsity 0.685787
layer 15 sparsity 0.701642
layer 16 sparsity 0.713131
layer 17 sparsity 0.720233
layer 18 sparsity 0.726833
layer 19 sparsity 0.732953
layer 20 sparsity 0.737821
layer 21 sparsity 0.737570
layer 22 sparsity 0.740725
layer 23 sparsity 0.740996
layer 24 sparsity 0.744862
layer 25 sparsity 0.741246
layer 26 sparsity 0.748077
layer 27 sparsity 0.750772
layer 28 sparsity 0.751963
layer 29 sparsity 0.756140
layer 30 sparsity 0.754177
layer 31 sparsity 0.741246
sparsity sanity check 0.6999
******************************
evaluating on wikitext2
nsamples 166
sample 0
sample 50
sample 100
sample 150
begin calcualte ppl
[TIME] this run took 463.20 seconds (7.72 min)
[RESULT] final ppl on wikitext = 30.2518
===== 1|0.01|0.5|linear|0.001|0.1|False | 465s | exit=0 =====
/home/xiaokang/miniconda3/envs/prune_llm/lib/python3.9/site-packages/torch/torch_version.py:3: UserWarning: pkg_resources is deprecated as an API. See https://setuptools.pypa.io/en/latest/pkg_resources.html. The pkg_resources package is slated for removal as early as 2025-11-30. Refrain from using this package or pin to Setuptools<81.
  from pkg_resources import packaging  # type: ignore[attr-defined]
[DEBUG] running: /home/xiaokang/OWL/OWL-version2/risk-prune/main.py
[DEBUG] HF_ENDPOINT env: None
[DEBUG] HfApi endpoint: https://huggingface.co
# of gpus:  1
[DEBUG] Parsed args:
  nsamples               = 32
  risk_k                 = 1
  risk_probe             = 0.01
  risk_decay             = 0.5
  risk_decay_type        = linear
  risk_decay_beta        = 0.001
  risk_alpha             = 0.1
  consider_current_layer_in_risk = True
Loading checkpoint shards:   0%|          | 0/2 [00:00<?, ?it/s]Loading checkpoint shards:  50%|█████     | 1/2 [00:10<00:10, 10.58s/it]Loading checkpoint shards: 100%|██████████| 2/2 [00:14<00:00,  6.37s/it]Loading checkpoint shards: 100%|██████████| 2/2 [00:14<00:00,  7.00s/it]
use device  cuda:0
target sparsity 0.7
pruning starts
loading calibration data
dataset loading complete
after adjustment [0.3248817  0.33944002 0.35454357 0.40342665 0.35494602 0.3434819
 0.3623185  0.3539229  0.3399182  0.33639407 0.3353067  0.33277458
 0.33039823 0.3202236  0.31397527 0.29815    0.28670153 0.27940598
 0.2728457  0.26665083 0.26183122 0.26206136 0.25902075 0.25869206
 0.25490734 0.25846854 0.25161168 0.24886997 0.24777514 0.24342664
 0.24643643 0.25719342] mean 0.3 max 0.40342665 min 0.24342664
pruning layer 0 name self_attn.q_proj
pruning layer 0 name self_attn.k_proj
pruning layer 0 name self_attn.v_proj
pruning layer 0 name self_attn.o_proj
pruning layer 0 name mlp.gate_proj
pruning layer 0 name mlp.down_proj
pruning layer 0 name mlp.up_proj
pruning layer 1 name self_attn.q_proj
pruning layer 1 name self_attn.k_proj
pruning layer 1 name self_attn.v_proj
pruning layer 1 name self_attn.o_proj
pruning layer 1 name mlp.gate_proj
pruning layer 1 name mlp.down_proj
pruning layer 1 name mlp.up_proj
pruning layer 2 name self_attn.q_proj
pruning layer 2 name self_attn.k_proj
pruning layer 2 name self_attn.v_proj
pruning layer 2 name self_attn.o_proj
pruning layer 2 name mlp.gate_proj
pruning layer 2 name mlp.down_proj
pruning layer 2 name mlp.up_proj
pruning layer 3 name self_attn.q_proj
pruning layer 3 name self_attn.k_proj
pruning layer 3 name self_attn.v_proj
pruning layer 3 name self_attn.o_proj
pruning layer 3 name mlp.gate_proj
pruning layer 3 name mlp.down_proj
pruning layer 3 name mlp.up_proj
pruning layer 4 name self_attn.q_proj
pruning layer 4 name self_attn.k_proj
pruning layer 4 name self_attn.v_proj
pruning layer 4 name self_attn.o_proj
pruning layer 4 name mlp.gate_proj
pruning layer 4 name mlp.down_proj
pruning layer 4 name mlp.up_proj
pruning layer 5 name self_attn.q_proj
pruning layer 5 name self_attn.k_proj
pruning layer 5 name self_attn.v_proj
pruning layer 5 name self_attn.o_proj
pruning layer 5 name mlp.gate_proj
pruning layer 5 name mlp.down_proj
pruning layer 5 name mlp.up_proj
pruning layer 6 name self_attn.q_proj
pruning layer 6 name self_attn.k_proj
pruning layer 6 name self_attn.v_proj
pruning layer 6 name self_attn.o_proj
pruning layer 6 name mlp.gate_proj
pruning layer 6 name mlp.down_proj
pruning layer 6 name mlp.up_proj
pruning layer 7 name self_attn.q_proj
pruning layer 7 name self_attn.k_proj
pruning layer 7 name self_attn.v_proj
pruning layer 7 name self_attn.o_proj
pruning layer 7 name mlp.gate_proj
pruning layer 7 name mlp.down_proj
pruning layer 7 name mlp.up_proj
pruning layer 8 name self_attn.q_proj
pruning layer 8 name self_attn.k_proj
pruning layer 8 name self_attn.v_proj
pruning layer 8 name self_attn.o_proj
pruning layer 8 name mlp.gate_proj
pruning layer 8 name mlp.down_proj
pruning layer 8 name mlp.up_proj
pruning layer 9 name self_attn.q_proj
pruning layer 9 name self_attn.k_proj
pruning layer 9 name self_attn.v_proj
pruning layer 9 name self_attn.o_proj
pruning layer 9 name mlp.gate_proj
pruning layer 9 name mlp.down_proj
pruning layer 9 name mlp.up_proj
pruning layer 10 name self_attn.q_proj
pruning layer 10 name self_attn.k_proj
pruning layer 10 name self_attn.v_proj
pruning layer 10 name self_attn.o_proj
pruning layer 10 name mlp.gate_proj
pruning layer 10 name mlp.down_proj
pruning layer 10 name mlp.up_proj
pruning layer 11 name self_attn.q_proj
pruning layer 11 name self_attn.k_proj
pruning layer 11 name self_attn.v_proj
pruning layer 11 name self_attn.o_proj
pruning layer 11 name mlp.gate_proj
pruning layer 11 name mlp.down_proj
pruning layer 11 name mlp.up_proj
pruning layer 12 name self_attn.q_proj
pruning layer 12 name self_attn.k_proj
pruning layer 12 name self_attn.v_proj
pruning layer 12 name self_attn.o_proj
pruning layer 12 name mlp.gate_proj
pruning layer 12 name mlp.down_proj
pruning layer 12 name mlp.up_proj
pruning layer 13 name self_attn.q_proj
pruning layer 13 name self_attn.k_proj
pruning layer 13 name self_attn.v_proj
pruning layer 13 name self_attn.o_proj
pruning layer 13 name mlp.gate_proj
pruning layer 13 name mlp.down_proj
pruning layer 13 name mlp.up_proj
pruning layer 14 name self_attn.q_proj
pruning layer 14 name self_attn.k_proj
pruning layer 14 name self_attn.v_proj
pruning layer 14 name self_attn.o_proj
pruning layer 14 name mlp.gate_proj
pruning layer 14 name mlp.down_proj
pruning layer 14 name mlp.up_proj
pruning layer 15 name self_attn.q_proj
pruning layer 15 name self_attn.k_proj
pruning layer 15 name self_attn.v_proj
pruning layer 15 name self_attn.o_proj
pruning layer 15 name mlp.gate_proj
pruning layer 15 name mlp.down_proj
pruning layer 15 name mlp.up_proj
pruning layer 16 name self_attn.q_proj
pruning layer 16 name self_attn.k_proj
pruning layer 16 name self_attn.v_proj
pruning layer 16 name self_attn.o_proj
pruning layer 16 name mlp.gate_proj
pruning layer 16 name mlp.down_proj
pruning layer 16 name mlp.up_proj
pruning layer 17 name self_attn.q_proj
pruning layer 17 name self_attn.k_proj
pruning layer 17 name self_attn.v_proj
pruning layer 17 name self_attn.o_proj
pruning layer 17 name mlp.gate_proj
pruning layer 17 name mlp.down_proj
pruning layer 17 name mlp.up_proj
pruning layer 18 name self_attn.q_proj
pruning layer 18 name self_attn.k_proj
pruning layer 18 name self_attn.v_proj
pruning layer 18 name self_attn.o_proj
pruning layer 18 name mlp.gate_proj
pruning layer 18 name mlp.down_proj
pruning layer 18 name mlp.up_proj
pruning layer 19 name self_attn.q_proj
pruning layer 19 name self_attn.k_proj
pruning layer 19 name self_attn.v_proj
pruning layer 19 name self_attn.o_proj
pruning layer 19 name mlp.gate_proj
pruning layer 19 name mlp.down_proj
pruning layer 19 name mlp.up_proj
pruning layer 20 name self_attn.q_proj
pruning layer 20 name self_attn.k_proj
pruning layer 20 name self_attn.v_proj
pruning layer 20 name self_attn.o_proj
pruning layer 20 name mlp.gate_proj
pruning layer 20 name mlp.down_proj
pruning layer 20 name mlp.up_proj
pruning layer 21 name self_attn.q_proj
pruning layer 21 name self_attn.k_proj
pruning layer 21 name self_attn.v_proj
pruning layer 21 name self_attn.o_proj
pruning layer 21 name mlp.gate_proj
pruning layer 21 name mlp.down_proj
pruning layer 21 name mlp.up_proj
pruning layer 22 name self_attn.q_proj
pruning layer 22 name self_attn.k_proj
pruning layer 22 name self_attn.v_proj
pruning layer 22 name self_attn.o_proj
pruning layer 22 name mlp.gate_proj
pruning layer 22 name mlp.down_proj
pruning layer 22 name mlp.up_proj
pruning layer 23 name self_attn.q_proj
pruning layer 23 name self_attn.k_proj
pruning layer 23 name self_attn.v_proj
pruning layer 23 name self_attn.o_proj
pruning layer 23 name mlp.gate_proj
pruning layer 23 name mlp.down_proj
pruning layer 23 name mlp.up_proj
pruning layer 24 name self_attn.q_proj
pruning layer 24 name self_attn.k_proj
pruning layer 24 name self_attn.v_proj
pruning layer 24 name self_attn.o_proj
pruning layer 24 name mlp.gate_proj
pruning layer 24 name mlp.down_proj
pruning layer 24 name mlp.up_proj
pruning layer 25 name self_attn.q_proj
pruning layer 25 name self_attn.k_proj
pruning layer 25 name self_attn.v_proj
pruning layer 25 name self_attn.o_proj
pruning layer 25 name mlp.gate_proj
pruning layer 25 name mlp.down_proj
pruning layer 25 name mlp.up_proj
pruning layer 26 name self_attn.q_proj
pruning layer 26 name self_attn.k_proj
pruning layer 26 name self_attn.v_proj
pruning layer 26 name self_attn.o_proj
pruning layer 26 name mlp.gate_proj
pruning layer 26 name mlp.down_proj
pruning layer 26 name mlp.up_proj
pruning layer 27 name self_attn.q_proj
pruning layer 27 name self_attn.k_proj
pruning layer 27 name self_attn.v_proj
pruning layer 27 name self_attn.o_proj
pruning layer 27 name mlp.gate_proj
pruning layer 27 name mlp.down_proj
pruning layer 27 name mlp.up_proj
pruning layer 28 name self_attn.q_proj
pruning layer 28 name self_attn.k_proj
pruning layer 28 name self_attn.v_proj
pruning layer 28 name self_attn.o_proj
pruning layer 28 name mlp.gate_proj
pruning layer 28 name mlp.down_proj
pruning layer 28 name mlp.up_proj
pruning layer 29 name self_attn.q_proj
pruning layer 29 name self_attn.k_proj
pruning layer 29 name self_attn.v_proj
pruning layer 29 name self_attn.o_proj
pruning layer 29 name mlp.gate_proj
pruning layer 29 name mlp.down_proj
pruning layer 29 name mlp.up_proj
pruning layer 30 name self_attn.q_proj
pruning layer 30 name self_attn.k_proj
pruning layer 30 name self_attn.v_proj
pruning layer 30 name self_attn.o_proj
pruning layer 30 name mlp.gate_proj
pruning layer 30 name mlp.down_proj
pruning layer 30 name mlp.up_proj
pruning layer 31 name self_attn.q_proj
pruning layer 31 name self_attn.k_proj
pruning layer 31 name self_attn.v_proj
pruning layer 31 name self_attn.o_proj
pruning layer 31 name mlp.gate_proj
pruning layer 31 name mlp.down_proj
pruning layer 31 name mlp.up_proj
******************************
layer 0 sparsity 0.675050
layer 1 sparsity 0.660427
layer 2 sparsity 0.645303
layer 3 sparsity 0.596465
layer 4 sparsity 0.645012
layer 5 sparsity 0.656480
layer 6 sparsity 0.637490
layer 7 sparsity 0.646014
layer 8 sparsity 0.659946
layer 9 sparsity 0.663562
layer 10 sparsity 0.664563
layer 11 sparsity 0.667028
layer 12 sparsity 0.669451
layer 13 sparsity 0.679688
layer 14 sparsity 0.685828
layer 15 sparsity 0.701683
layer 16 sparsity 0.713151
layer 17 sparsity 0.720483
layer 18 sparsity 0.727063
layer 19 sparsity 0.733183
layer 20 sparsity 0.738051
layer 21 sparsity 0.737821
layer 22 sparsity 0.740955
layer 23 sparsity 0.741226
layer 24 sparsity 0.744902
layer 25 sparsity 0.741456
layer 26 sparsity 0.748307
layer 27 sparsity 0.751002
layer 28 sparsity 0.752193
layer 29 sparsity 0.756391
layer 30 sparsity 0.753446
layer 31 sparsity 0.742688
sparsity sanity check 0.6999
******************************
evaluating on wikitext2
nsamples 166
sample 0
sample 50
sample 100
sample 150
begin calcualte ppl
[TIME] this run took 460.10 seconds (7.67 min)
[RESULT] final ppl on wikitext = 30.4264
===== 1|0.01|0.5|linear|0.001|0.1|True | 453s | exit=0 =====
/home/xiaokang/miniconda3/envs/prune_llm/lib/python3.9/site-packages/torch/torch_version.py:3: UserWarning: pkg_resources is deprecated as an API. See https://setuptools.pypa.io/en/latest/pkg_resources.html. The pkg_resources package is slated for removal as early as 2025-11-30. Refrain from using this package or pin to Setuptools<81.
  from pkg_resources import packaging  # type: ignore[attr-defined]
[DEBUG] running: /home/xiaokang/OWL/OWL-version2/risk-prune/main.py
[DEBUG] HF_ENDPOINT env: None
[DEBUG] HfApi endpoint: https://huggingface.co
# of gpus:  1
[DEBUG] Parsed args:
  nsamples               = 32
  risk_k                 = 1
  risk_probe             = 0.01
  risk_decay             = 0.5
  risk_decay_type        = linear
  risk_decay_beta        = 0.001
  risk_alpha             = 0.1
  consider_current_layer_in_risk = True
Loading checkpoint shards:   0%|          | 0/2 [00:00<?, ?it/s]Loading checkpoint shards:  50%|█████     | 1/2 [00:03<00:03,  3.69s/it]Loading checkpoint shards: 100%|██████████| 2/2 [00:05<00:00,  2.35s/it]Loading checkpoint shards: 100%|██████████| 2/2 [00:05<00:00,  2.55s/it]
use device  cuda:0
target sparsity 0.7
pruning starts
loading calibration data
dataset loading complete
after adjustment [0.3248817  0.33944002 0.35454357 0.40342665 0.35494602 0.3434819
 0.3623185  0.3539229  0.3399182  0.33639407 0.3353067  0.33277458
 0.33039823 0.3202236  0.31397527 0.29815    0.28670153 0.27940598
 0.2728457  0.26665083 0.26183122 0.26206136 0.25902075 0.25869206
 0.25490734 0.25846854 0.25161168 0.24886997 0.24777514 0.24342664
 0.24643643 0.25719342] mean 0.3 max 0.40342665 min 0.24342664
pruning layer 0 name self_attn.q_proj
pruning layer 0 name self_attn.k_proj
pruning layer 0 name self_attn.v_proj
pruning layer 0 name self_attn.o_proj
pruning layer 0 name mlp.gate_proj
pruning layer 0 name mlp.down_proj
pruning layer 0 name mlp.up_proj
pruning layer 1 name self_attn.q_proj
pruning layer 1 name self_attn.k_proj
pruning layer 1 name self_attn.v_proj
pruning layer 1 name self_attn.o_proj
pruning layer 1 name mlp.gate_proj
pruning layer 1 name mlp.down_proj
pruning layer 1 name mlp.up_proj
pruning layer 2 name self_attn.q_proj
pruning layer 2 name self_attn.k_proj
pruning layer 2 name self_attn.v_proj
pruning layer 2 name self_attn.o_proj
pruning layer 2 name mlp.gate_proj
pruning layer 2 name mlp.down_proj
pruning layer 2 name mlp.up_proj
pruning layer 3 name self_attn.q_proj
pruning layer 3 name self_attn.k_proj
pruning layer 3 name self_attn.v_proj
pruning layer 3 name self_attn.o_proj
pruning layer 3 name mlp.gate_proj
pruning layer 3 name mlp.down_proj
pruning layer 3 name mlp.up_proj
pruning layer 4 name self_attn.q_proj
pruning layer 4 name self_attn.k_proj
pruning layer 4 name self_attn.v_proj
pruning layer 4 name self_attn.o_proj
pruning layer 4 name mlp.gate_proj
pruning layer 4 name mlp.down_proj
pruning layer 4 name mlp.up_proj
pruning layer 5 name self_attn.q_proj
pruning layer 5 name self_attn.k_proj
pruning layer 5 name self_attn.v_proj
pruning layer 5 name self_attn.o_proj
pruning layer 5 name mlp.gate_proj
pruning layer 5 name mlp.down_proj
pruning layer 5 name mlp.up_proj
pruning layer 6 name self_attn.q_proj
pruning layer 6 name self_attn.k_proj
pruning layer 6 name self_attn.v_proj
pruning layer 6 name self_attn.o_proj
pruning layer 6 name mlp.gate_proj
pruning layer 6 name mlp.down_proj
pruning layer 6 name mlp.up_proj
pruning layer 7 name self_attn.q_proj
pruning layer 7 name self_attn.k_proj
pruning layer 7 name self_attn.v_proj
pruning layer 7 name self_attn.o_proj
pruning layer 7 name mlp.gate_proj
pruning layer 7 name mlp.down_proj
pruning layer 7 name mlp.up_proj
pruning layer 8 name self_attn.q_proj
pruning layer 8 name self_attn.k_proj
pruning layer 8 name self_attn.v_proj
pruning layer 8 name self_attn.o_proj
pruning layer 8 name mlp.gate_proj
pruning layer 8 name mlp.down_proj
pruning layer 8 name mlp.up_proj
pruning layer 9 name self_attn.q_proj
pruning layer 9 name self_attn.k_proj
pruning layer 9 name self_attn.v_proj
pruning layer 9 name self_attn.o_proj
pruning layer 9 name mlp.gate_proj
pruning layer 9 name mlp.down_proj
pruning layer 9 name mlp.up_proj
pruning layer 10 name self_attn.q_proj
pruning layer 10 name self_attn.k_proj
pruning layer 10 name self_attn.v_proj
pruning layer 10 name self_attn.o_proj
pruning layer 10 name mlp.gate_proj
pruning layer 10 name mlp.down_proj
pruning layer 10 name mlp.up_proj
pruning layer 11 name self_attn.q_proj
pruning layer 11 name self_attn.k_proj
pruning layer 11 name self_attn.v_proj
pruning layer 11 name self_attn.o_proj
pruning layer 11 name mlp.gate_proj
pruning layer 11 name mlp.down_proj
pruning layer 11 name mlp.up_proj
pruning layer 12 name self_attn.q_proj
pruning layer 12 name self_attn.k_proj
pruning layer 12 name self_attn.v_proj
pruning layer 12 name self_attn.o_proj
pruning layer 12 name mlp.gate_proj
pruning layer 12 name mlp.down_proj
pruning layer 12 name mlp.up_proj
pruning layer 13 name self_attn.q_proj
pruning layer 13 name self_attn.k_proj
pruning layer 13 name self_attn.v_proj
pruning layer 13 name self_attn.o_proj
pruning layer 13 name mlp.gate_proj
pruning layer 13 name mlp.down_proj
pruning layer 13 name mlp.up_proj
pruning layer 14 name self_attn.q_proj
pruning layer 14 name self_attn.k_proj
pruning layer 14 name self_attn.v_proj
pruning layer 14 name self_attn.o_proj
pruning layer 14 name mlp.gate_proj
pruning layer 14 name mlp.down_proj
pruning layer 14 name mlp.up_proj
pruning layer 15 name self_attn.q_proj
pruning layer 15 name self_attn.k_proj
pruning layer 15 name self_attn.v_proj
pruning layer 15 name self_attn.o_proj
pruning layer 15 name mlp.gate_proj
pruning layer 15 name mlp.down_proj
pruning layer 15 name mlp.up_proj
pruning layer 16 name self_attn.q_proj
pruning layer 16 name self_attn.k_proj
pruning layer 16 name self_attn.v_proj
pruning layer 16 name self_attn.o_proj
pruning layer 16 name mlp.gate_proj
pruning layer 16 name mlp.down_proj
pruning layer 16 name mlp.up_proj
pruning layer 17 name self_attn.q_proj
pruning layer 17 name self_attn.k_proj
pruning layer 17 name self_attn.v_proj
pruning layer 17 name self_attn.o_proj
pruning layer 17 name mlp.gate_proj
pruning layer 17 name mlp.down_proj
pruning layer 17 name mlp.up_proj
pruning layer 18 name self_attn.q_proj
pruning layer 18 name self_attn.k_proj
pruning layer 18 name self_attn.v_proj
pruning layer 18 name self_attn.o_proj
pruning layer 18 name mlp.gate_proj
pruning layer 18 name mlp.down_proj
pruning layer 18 name mlp.up_proj
pruning layer 19 name self_attn.q_proj
pruning layer 19 name self_attn.k_proj
pruning layer 19 name self_attn.v_proj
pruning layer 19 name self_attn.o_proj
pruning layer 19 name mlp.gate_proj
pruning layer 19 name mlp.down_proj
pruning layer 19 name mlp.up_proj
pruning layer 20 name self_attn.q_proj
pruning layer 20 name self_attn.k_proj
pruning layer 20 name self_attn.v_proj
pruning layer 20 name self_attn.o_proj
pruning layer 20 name mlp.gate_proj
pruning layer 20 name mlp.down_proj
pruning layer 20 name mlp.up_proj
pruning layer 21 name self_attn.q_proj
pruning layer 21 name self_attn.k_proj
pruning layer 21 name self_attn.v_proj
pruning layer 21 name self_attn.o_proj
pruning layer 21 name mlp.gate_proj
pruning layer 21 name mlp.down_proj
pruning layer 21 name mlp.up_proj
pruning layer 22 name self_attn.q_proj
pruning layer 22 name self_attn.k_proj
pruning layer 22 name self_attn.v_proj
pruning layer 22 name self_attn.o_proj
pruning layer 22 name mlp.gate_proj
pruning layer 22 name mlp.down_proj
pruning layer 22 name mlp.up_proj
pruning layer 23 name self_attn.q_proj
pruning layer 23 name self_attn.k_proj
pruning layer 23 name self_attn.v_proj
pruning layer 23 name self_attn.o_proj
pruning layer 23 name mlp.gate_proj
pruning layer 23 name mlp.down_proj
pruning layer 23 name mlp.up_proj
pruning layer 24 name self_attn.q_proj
pruning layer 24 name self_attn.k_proj
pruning layer 24 name self_attn.v_proj
pruning layer 24 name self_attn.o_proj
pruning layer 24 name mlp.gate_proj
pruning layer 24 name mlp.down_proj
pruning layer 24 name mlp.up_proj
pruning layer 25 name self_attn.q_proj
pruning layer 25 name self_attn.k_proj
pruning layer 25 name self_attn.v_proj
pruning layer 25 name self_attn.o_proj
pruning layer 25 name mlp.gate_proj
pruning layer 25 name mlp.down_proj
pruning layer 25 name mlp.up_proj
pruning layer 26 name self_attn.q_proj
pruning layer 26 name self_attn.k_proj
pruning layer 26 name self_attn.v_proj
pruning layer 26 name self_attn.o_proj
pruning layer 26 name mlp.gate_proj
pruning layer 26 name mlp.down_proj
pruning layer 26 name mlp.up_proj
pruning layer 27 name self_attn.q_proj
pruning layer 27 name self_attn.k_proj
pruning layer 27 name self_attn.v_proj
pruning layer 27 name self_attn.o_proj
pruning layer 27 name mlp.gate_proj
pruning layer 27 name mlp.down_proj
pruning layer 27 name mlp.up_proj
pruning layer 28 name self_attn.q_proj
pruning layer 28 name self_attn.k_proj
pruning layer 28 name self_attn.v_proj
pruning layer 28 name self_attn.o_proj
pruning layer 28 name mlp.gate_proj
pruning layer 28 name mlp.down_proj
pruning layer 28 name mlp.up_proj
pruning layer 29 name self_attn.q_proj
pruning layer 29 name self_attn.k_proj
pruning layer 29 name self_attn.v_proj
pruning layer 29 name self_attn.o_proj
pruning layer 29 name mlp.gate_proj
pruning layer 29 name mlp.down_proj
pruning layer 29 name mlp.up_proj
pruning layer 30 name self_attn.q_proj
pruning layer 30 name self_attn.k_proj
pruning layer 30 name self_attn.v_proj
pruning layer 30 name self_attn.o_proj
pruning layer 30 name mlp.gate_proj
pruning layer 30 name mlp.down_proj
pruning layer 30 name mlp.up_proj
pruning layer 31 name self_attn.q_proj
pruning layer 31 name self_attn.k_proj
pruning layer 31 name self_attn.v_proj
pruning layer 31 name self_attn.o_proj
pruning layer 31 name mlp.gate_proj
pruning layer 31 name mlp.down_proj
pruning layer 31 name mlp.up_proj
******************************
layer 0 sparsity 0.675050
layer 1 sparsity 0.660427
layer 2 sparsity 0.645303
layer 3 sparsity 0.596465
layer 4 sparsity 0.645012
layer 5 sparsity 0.656480
layer 6 sparsity 0.637490
layer 7 sparsity 0.646014
layer 8 sparsity 0.659946
layer 9 sparsity 0.663562
layer 10 sparsity 0.664563
layer 11 sparsity 0.667028
layer 12 sparsity 0.669451
layer 13 sparsity 0.679688
layer 14 sparsity 0.685828
layer 15 sparsity 0.701683
layer 16 sparsity 0.713151
layer 17 sparsity 0.720483
layer 18 sparsity 0.727063
layer 19 sparsity 0.733183
layer 20 sparsity 0.738051
layer 21 sparsity 0.737821
layer 22 sparsity 0.740955
layer 23 sparsity 0.741226
layer 24 sparsity 0.744902
layer 25 sparsity 0.741456
layer 26 sparsity 0.748307
layer 27 sparsity 0.751002
layer 28 sparsity 0.752193
layer 29 sparsity 0.756391
layer 30 sparsity 0.753446
layer 31 sparsity 0.742688
sparsity sanity check 0.6999
******************************
evaluating on wikitext2
nsamples 166
sample 0
sample 50
sample 100
sample 150
begin calcualte ppl
[TIME] this run took 449.70 seconds (7.49 min)
[RESULT] final ppl on wikitext = 30.4264
===== 1|0.01|0.5|linear|0.001|0.15|False | 474s | exit=0 =====
/home/xiaokang/miniconda3/envs/prune_llm/lib/python3.9/site-packages/torch/torch_version.py:3: UserWarning: pkg_resources is deprecated as an API. See https://setuptools.pypa.io/en/latest/pkg_resources.html. The pkg_resources package is slated for removal as early as 2025-11-30. Refrain from using this package or pin to Setuptools<81.
  from pkg_resources import packaging  # type: ignore[attr-defined]
[DEBUG] running: /home/xiaokang/OWL/OWL-version2/risk-prune/main.py
[DEBUG] HF_ENDPOINT env: None
[DEBUG] HfApi endpoint: https://huggingface.co
# of gpus:  1
[DEBUG] Parsed args:
  nsamples               = 32
  risk_k                 = 1
  risk_probe             = 0.01
  risk_decay             = 0.5
  risk_decay_type        = linear
  risk_decay_beta        = 0.001
  risk_alpha             = 0.15
  consider_current_layer_in_risk = True
Loading checkpoint shards:   0%|          | 0/2 [00:00<?, ?it/s]Loading checkpoint shards:  50%|█████     | 1/2 [00:08<00:08,  8.48s/it]Loading checkpoint shards: 100%|██████████| 2/2 [00:10<00:00,  4.78s/it]Loading checkpoint shards: 100%|██████████| 2/2 [00:10<00:00,  5.34s/it]
use device  cuda:0
target sparsity 0.7
pruning starts
loading calibration data
dataset loading complete
after adjustment [0.32707992 0.34531233 0.35389048 0.4031614  0.35445523 0.34297064
 0.36198872 0.3536077  0.339593   0.33610612 0.3350647  0.33256647
 0.3302179  0.31999615 0.31378096 0.29794466 0.286534   0.27914813
 0.27261335 0.2664043  0.26162463 0.26181936 0.2588226  0.2585055
 0.25468913 0.25835195 0.25146654 0.24865809 0.24756482 0.2431614
 0.24725054 0.25564945] mean 0.3 max 0.4031614 min 0.2431614
pruning layer 0 name self_attn.q_proj
pruning layer 0 name self_attn.k_proj
pruning layer 0 name self_attn.v_proj
pruning layer 0 name self_attn.o_proj
pruning layer 0 name mlp.gate_proj
pruning layer 0 name mlp.down_proj
pruning layer 0 name mlp.up_proj
pruning layer 1 name self_attn.q_proj
pruning layer 1 name self_attn.k_proj
pruning layer 1 name self_attn.v_proj
pruning layer 1 name self_attn.o_proj
pruning layer 1 name mlp.gate_proj
pruning layer 1 name mlp.down_proj
pruning layer 1 name mlp.up_proj
pruning layer 2 name self_attn.q_proj
pruning layer 2 name self_attn.k_proj
pruning layer 2 name self_attn.v_proj
pruning layer 2 name self_attn.o_proj
pruning layer 2 name mlp.gate_proj
pruning layer 2 name mlp.down_proj
pruning layer 2 name mlp.up_proj
pruning layer 3 name self_attn.q_proj
pruning layer 3 name self_attn.k_proj
pruning layer 3 name self_attn.v_proj
pruning layer 3 name self_attn.o_proj
pruning layer 3 name mlp.gate_proj
pruning layer 3 name mlp.down_proj
pruning layer 3 name mlp.up_proj
pruning layer 4 name self_attn.q_proj
pruning layer 4 name self_attn.k_proj
pruning layer 4 name self_attn.v_proj
pruning layer 4 name self_attn.o_proj
pruning layer 4 name mlp.gate_proj
pruning layer 4 name mlp.down_proj
pruning layer 4 name mlp.up_proj
pruning layer 5 name self_attn.q_proj
pruning layer 5 name self_attn.k_proj
pruning layer 5 name self_attn.v_proj
pruning layer 5 name self_attn.o_proj
pruning layer 5 name mlp.gate_proj
pruning layer 5 name mlp.down_proj
pruning layer 5 name mlp.up_proj
pruning layer 6 name self_attn.q_proj
pruning layer 6 name self_attn.k_proj
pruning layer 6 name self_attn.v_proj
pruning layer 6 name self_attn.o_proj
pruning layer 6 name mlp.gate_proj
pruning layer 6 name mlp.down_proj
pruning layer 6 name mlp.up_proj
pruning layer 7 name self_attn.q_proj
pruning layer 7 name self_attn.k_proj
pruning layer 7 name self_attn.v_proj
pruning layer 7 name self_attn.o_proj
pruning layer 7 name mlp.gate_proj
pruning layer 7 name mlp.down_proj
pruning layer 7 name mlp.up_proj
pruning layer 8 name self_attn.q_proj
pruning layer 8 name self_attn.k_proj
pruning layer 8 name self_attn.v_proj
pruning layer 8 name self_attn.o_proj
pruning layer 8 name mlp.gate_proj
pruning layer 8 name mlp.down_proj
pruning layer 8 name mlp.up_proj
pruning layer 9 name self_attn.q_proj
pruning layer 9 name self_attn.k_proj
pruning layer 9 name self_attn.v_proj
pruning layer 9 name self_attn.o_proj
pruning layer 9 name mlp.gate_proj
pruning layer 9 name mlp.down_proj
pruning layer 9 name mlp.up_proj
pruning layer 10 name self_attn.q_proj
pruning layer 10 name self_attn.k_proj
pruning layer 10 name self_attn.v_proj
pruning layer 10 name self_attn.o_proj
pruning layer 10 name mlp.gate_proj
pruning layer 10 name mlp.down_proj
pruning layer 10 name mlp.up_proj
pruning layer 11 name self_attn.q_proj
pruning layer 11 name self_attn.k_proj
pruning layer 11 name self_attn.v_proj
pruning layer 11 name self_attn.o_proj
pruning layer 11 name mlp.gate_proj
pruning layer 11 name mlp.down_proj
pruning layer 11 name mlp.up_proj
pruning layer 12 name self_attn.q_proj
pruning layer 12 name self_attn.k_proj
pruning layer 12 name self_attn.v_proj
pruning layer 12 name self_attn.o_proj
pruning layer 12 name mlp.gate_proj
pruning layer 12 name mlp.down_proj
pruning layer 12 name mlp.up_proj
pruning layer 13 name self_attn.q_proj
pruning layer 13 name self_attn.k_proj
pruning layer 13 name self_attn.v_proj
pruning layer 13 name self_attn.o_proj
pruning layer 13 name mlp.gate_proj
pruning layer 13 name mlp.down_proj
pruning layer 13 name mlp.up_proj
pruning layer 14 name self_attn.q_proj
pruning layer 14 name self_attn.k_proj
pruning layer 14 name self_attn.v_proj
pruning layer 14 name self_attn.o_proj
pruning layer 14 name mlp.gate_proj
pruning layer 14 name mlp.down_proj
pruning layer 14 name mlp.up_proj
pruning layer 15 name self_attn.q_proj
pruning layer 15 name self_attn.k_proj
pruning layer 15 name self_attn.v_proj
pruning layer 15 name self_attn.o_proj
pruning layer 15 name mlp.gate_proj
pruning layer 15 name mlp.down_proj
pruning layer 15 name mlp.up_proj
pruning layer 16 name self_attn.q_proj
pruning layer 16 name self_attn.k_proj
pruning layer 16 name self_attn.v_proj
pruning layer 16 name self_attn.o_proj
pruning layer 16 name mlp.gate_proj
pruning layer 16 name mlp.down_proj
pruning layer 16 name mlp.up_proj
pruning layer 17 name self_attn.q_proj
pruning layer 17 name self_attn.k_proj
pruning layer 17 name self_attn.v_proj
pruning layer 17 name self_attn.o_proj
pruning layer 17 name mlp.gate_proj
pruning layer 17 name mlp.down_proj
pruning layer 17 name mlp.up_proj
pruning layer 18 name self_attn.q_proj
pruning layer 18 name self_attn.k_proj
pruning layer 18 name self_attn.v_proj
pruning layer 18 name self_attn.o_proj
pruning layer 18 name mlp.gate_proj
pruning layer 18 name mlp.down_proj
pruning layer 18 name mlp.up_proj
pruning layer 19 name self_attn.q_proj
pruning layer 19 name self_attn.k_proj
pruning layer 19 name self_attn.v_proj
pruning layer 19 name self_attn.o_proj
pruning layer 19 name mlp.gate_proj
pruning layer 19 name mlp.down_proj
pruning layer 19 name mlp.up_proj
pruning layer 20 name self_attn.q_proj
pruning layer 20 name self_attn.k_proj
pruning layer 20 name self_attn.v_proj
pruning layer 20 name self_attn.o_proj
pruning layer 20 name mlp.gate_proj
pruning layer 20 name mlp.down_proj
pruning layer 20 name mlp.up_proj
pruning layer 21 name self_attn.q_proj
pruning layer 21 name self_attn.k_proj
pruning layer 21 name self_attn.v_proj
pruning layer 21 name self_attn.o_proj
pruning layer 21 name mlp.gate_proj
pruning layer 21 name mlp.down_proj
pruning layer 21 name mlp.up_proj
pruning layer 22 name self_attn.q_proj
pruning layer 22 name self_attn.k_proj
pruning layer 22 name self_attn.v_proj
pruning layer 22 name self_attn.o_proj
pruning layer 22 name mlp.gate_proj
pruning layer 22 name mlp.down_proj
pruning layer 22 name mlp.up_proj
pruning layer 23 name self_attn.q_proj
pruning layer 23 name self_attn.k_proj
pruning layer 23 name self_attn.v_proj
pruning layer 23 name self_attn.o_proj
pruning layer 23 name mlp.gate_proj
pruning layer 23 name mlp.down_proj
pruning layer 23 name mlp.up_proj
pruning layer 24 name self_attn.q_proj
pruning layer 24 name self_attn.k_proj
pruning layer 24 name self_attn.v_proj
pruning layer 24 name self_attn.o_proj
pruning layer 24 name mlp.gate_proj
pruning layer 24 name mlp.down_proj
pruning layer 24 name mlp.up_proj
pruning layer 25 name self_attn.q_proj
pruning layer 25 name self_attn.k_proj
pruning layer 25 name self_attn.v_proj
pruning layer 25 name self_attn.o_proj
pruning layer 25 name mlp.gate_proj
pruning layer 25 name mlp.down_proj
pruning layer 25 name mlp.up_proj
pruning layer 26 name self_attn.q_proj
pruning layer 26 name self_attn.k_proj
pruning layer 26 name self_attn.v_proj
pruning layer 26 name self_attn.o_proj
pruning layer 26 name mlp.gate_proj
pruning layer 26 name mlp.down_proj
pruning layer 26 name mlp.up_proj
pruning layer 27 name self_attn.q_proj
pruning layer 27 name self_attn.k_proj
pruning layer 27 name self_attn.v_proj
pruning layer 27 name self_attn.o_proj
pruning layer 27 name mlp.gate_proj
pruning layer 27 name mlp.down_proj
pruning layer 27 name mlp.up_proj
pruning layer 28 name self_attn.q_proj
pruning layer 28 name self_attn.k_proj
pruning layer 28 name self_attn.v_proj
pruning layer 28 name self_attn.o_proj
pruning layer 28 name mlp.gate_proj
pruning layer 28 name mlp.down_proj
pruning layer 28 name mlp.up_proj
pruning layer 29 name self_attn.q_proj
pruning layer 29 name self_attn.k_proj
pruning layer 29 name self_attn.v_proj
pruning layer 29 name self_attn.o_proj
pruning layer 29 name mlp.gate_proj
pruning layer 29 name mlp.down_proj
pruning layer 29 name mlp.up_proj
pruning layer 30 name self_attn.q_proj
pruning layer 30 name self_attn.k_proj
pruning layer 30 name self_attn.v_proj
pruning layer 30 name self_attn.o_proj
pruning layer 30 name mlp.gate_proj
pruning layer 30 name mlp.down_proj
pruning layer 30 name mlp.up_proj
pruning layer 31 name self_attn.q_proj
pruning layer 31 name self_attn.k_proj
pruning layer 31 name self_attn.v_proj
pruning layer 31 name self_attn.o_proj
pruning layer 31 name mlp.gate_proj
pruning layer 31 name mlp.down_proj
pruning layer 31 name mlp.up_proj
******************************
layer 0 sparsity 0.672857
layer 1 sparsity 0.654557
layer 2 sparsity 0.646014
layer 3 sparsity 0.596695
layer 4 sparsity 0.645513
layer 5 sparsity 0.656981
layer 6 sparsity 0.637951
layer 7 sparsity 0.646264
layer 8 sparsity 0.660386
layer 9 sparsity 0.663832
layer 10 sparsity 0.664814
layer 11 sparsity 0.667278
layer 12 sparsity 0.669682
layer 13 sparsity 0.679938
layer 14 sparsity 0.686058
layer 15 sparsity 0.701933
layer 16 sparsity 0.713381
layer 17 sparsity 0.720733
layer 18 sparsity 0.727314
layer 19 sparsity 0.733434
layer 20 sparsity 0.738301
layer 21 sparsity 0.738051
layer 22 sparsity 0.740996
layer 23 sparsity 0.741456
layer 24 sparsity 0.745153
layer 25 sparsity 0.741497
layer 26 sparsity 0.748328
layer 27 sparsity 0.751232
layer 28 sparsity 0.752234
layer 29 sparsity 0.756831
layer 30 sparsity 0.752694
layer 31 sparsity 0.744171
sparsity sanity check 0.6999
******************************
evaluating on wikitext2
nsamples 166
sample 0
sample 50
sample 100
sample 150
begin calcualte ppl
[TIME] this run took 470.83 seconds (7.85 min)
[RESULT] final ppl on wikitext = 30.6250
===== 1|0.01|0.5|linear|0.001|0.15|True | 445s | exit=0 =====
/home/xiaokang/miniconda3/envs/prune_llm/lib/python3.9/site-packages/torch/torch_version.py:3: UserWarning: pkg_resources is deprecated as an API. See https://setuptools.pypa.io/en/latest/pkg_resources.html. The pkg_resources package is slated for removal as early as 2025-11-30. Refrain from using this package or pin to Setuptools<81.
  from pkg_resources import packaging  # type: ignore[attr-defined]
[DEBUG] running: /home/xiaokang/OWL/OWL-version2/risk-prune/main.py
[DEBUG] HF_ENDPOINT env: None
[DEBUG] HfApi endpoint: https://huggingface.co
# of gpus:  1
[DEBUG] Parsed args:
  nsamples               = 32
  risk_k                 = 1
  risk_probe             = 0.01
  risk_decay             = 0.5
  risk_decay_type        = linear
  risk_decay_beta        = 0.001
  risk_alpha             = 0.15
  consider_current_layer_in_risk = True
Loading checkpoint shards:   0%|          | 0/2 [00:00<?, ?it/s]Loading checkpoint shards:  50%|█████     | 1/2 [00:03<00:03,  3.96s/it]Loading checkpoint shards: 100%|██████████| 2/2 [00:05<00:00,  2.46s/it]Loading checkpoint shards: 100%|██████████| 2/2 [00:05<00:00,  2.68s/it]
use device  cuda:0
target sparsity 0.7
pruning starts
loading calibration data
dataset loading complete
after adjustment [0.32707992 0.34531233 0.35389048 0.4031614  0.35445523 0.34297064
 0.36198872 0.3536077  0.339593   0.33610612 0.3350647  0.33256647
 0.3302179  0.31999615 0.31378096 0.29794466 0.286534   0.27914813
 0.27261335 0.2664043  0.26162463 0.26181936 0.2588226  0.2585055
 0.25468913 0.25835195 0.25146654 0.24865809 0.24756482 0.2431614
 0.24725054 0.25564945] mean 0.3 max 0.4031614 min 0.2431614
pruning layer 0 name self_attn.q_proj
pruning layer 0 name self_attn.k_proj
pruning layer 0 name self_attn.v_proj
pruning layer 0 name self_attn.o_proj
pruning layer 0 name mlp.gate_proj
pruning layer 0 name mlp.down_proj
pruning layer 0 name mlp.up_proj
pruning layer 1 name self_attn.q_proj
pruning layer 1 name self_attn.k_proj
pruning layer 1 name self_attn.v_proj
pruning layer 1 name self_attn.o_proj
pruning layer 1 name mlp.gate_proj
pruning layer 1 name mlp.down_proj
pruning layer 1 name mlp.up_proj
pruning layer 2 name self_attn.q_proj
pruning layer 2 name self_attn.k_proj
pruning layer 2 name self_attn.v_proj
pruning layer 2 name self_attn.o_proj
pruning layer 2 name mlp.gate_proj
pruning layer 2 name mlp.down_proj
pruning layer 2 name mlp.up_proj
pruning layer 3 name self_attn.q_proj
pruning layer 3 name self_attn.k_proj
pruning layer 3 name self_attn.v_proj
pruning layer 3 name self_attn.o_proj
pruning layer 3 name mlp.gate_proj
pruning layer 3 name mlp.down_proj
pruning layer 3 name mlp.up_proj
pruning layer 4 name self_attn.q_proj
pruning layer 4 name self_attn.k_proj
pruning layer 4 name self_attn.v_proj
pruning layer 4 name self_attn.o_proj
pruning layer 4 name mlp.gate_proj
pruning layer 4 name mlp.down_proj
pruning layer 4 name mlp.up_proj
pruning layer 5 name self_attn.q_proj
pruning layer 5 name self_attn.k_proj
pruning layer 5 name self_attn.v_proj
pruning layer 5 name self_attn.o_proj
pruning layer 5 name mlp.gate_proj
pruning layer 5 name mlp.down_proj
pruning layer 5 name mlp.up_proj
pruning layer 6 name self_attn.q_proj
pruning layer 6 name self_attn.k_proj
pruning layer 6 name self_attn.v_proj
pruning layer 6 name self_attn.o_proj
pruning layer 6 name mlp.gate_proj
pruning layer 6 name mlp.down_proj
pruning layer 6 name mlp.up_proj
pruning layer 7 name self_attn.q_proj
pruning layer 7 name self_attn.k_proj
pruning layer 7 name self_attn.v_proj
pruning layer 7 name self_attn.o_proj
pruning layer 7 name mlp.gate_proj
pruning layer 7 name mlp.down_proj
pruning layer 7 name mlp.up_proj
pruning layer 8 name self_attn.q_proj
pruning layer 8 name self_attn.k_proj
pruning layer 8 name self_attn.v_proj
pruning layer 8 name self_attn.o_proj
pruning layer 8 name mlp.gate_proj
pruning layer 8 name mlp.down_proj
pruning layer 8 name mlp.up_proj
pruning layer 9 name self_attn.q_proj
pruning layer 9 name self_attn.k_proj
pruning layer 9 name self_attn.v_proj
pruning layer 9 name self_attn.o_proj
pruning layer 9 name mlp.gate_proj
pruning layer 9 name mlp.down_proj
pruning layer 9 name mlp.up_proj
pruning layer 10 name self_attn.q_proj
pruning layer 10 name self_attn.k_proj
pruning layer 10 name self_attn.v_proj
pruning layer 10 name self_attn.o_proj
pruning layer 10 name mlp.gate_proj
pruning layer 10 name mlp.down_proj
pruning layer 10 name mlp.up_proj
pruning layer 11 name self_attn.q_proj
pruning layer 11 name self_attn.k_proj
pruning layer 11 name self_attn.v_proj
pruning layer 11 name self_attn.o_proj
pruning layer 11 name mlp.gate_proj
pruning layer 11 name mlp.down_proj
pruning layer 11 name mlp.up_proj
pruning layer 12 name self_attn.q_proj
pruning layer 12 name self_attn.k_proj
pruning layer 12 name self_attn.v_proj
pruning layer 12 name self_attn.o_proj
pruning layer 12 name mlp.gate_proj
pruning layer 12 name mlp.down_proj
pruning layer 12 name mlp.up_proj
pruning layer 13 name self_attn.q_proj
pruning layer 13 name self_attn.k_proj
pruning layer 13 name self_attn.v_proj
pruning layer 13 name self_attn.o_proj
pruning layer 13 name mlp.gate_proj
pruning layer 13 name mlp.down_proj
pruning layer 13 name mlp.up_proj
pruning layer 14 name self_attn.q_proj
pruning layer 14 name self_attn.k_proj
pruning layer 14 name self_attn.v_proj
pruning layer 14 name self_attn.o_proj
pruning layer 14 name mlp.gate_proj
pruning layer 14 name mlp.down_proj
pruning layer 14 name mlp.up_proj
pruning layer 15 name self_attn.q_proj
pruning layer 15 name self_attn.k_proj
pruning layer 15 name self_attn.v_proj
pruning layer 15 name self_attn.o_proj
pruning layer 15 name mlp.gate_proj
pruning layer 15 name mlp.down_proj
pruning layer 15 name mlp.up_proj
pruning layer 16 name self_attn.q_proj
pruning layer 16 name self_attn.k_proj
pruning layer 16 name self_attn.v_proj
pruning layer 16 name self_attn.o_proj
pruning layer 16 name mlp.gate_proj
pruning layer 16 name mlp.down_proj
pruning layer 16 name mlp.up_proj
pruning layer 17 name self_attn.q_proj
pruning layer 17 name self_attn.k_proj
pruning layer 17 name self_attn.v_proj
pruning layer 17 name self_attn.o_proj
pruning layer 17 name mlp.gate_proj
pruning layer 17 name mlp.down_proj
pruning layer 17 name mlp.up_proj
pruning layer 18 name self_attn.q_proj
pruning layer 18 name self_attn.k_proj
pruning layer 18 name self_attn.v_proj
pruning layer 18 name self_attn.o_proj
pruning layer 18 name mlp.gate_proj
pruning layer 18 name mlp.down_proj
pruning layer 18 name mlp.up_proj
pruning layer 19 name self_attn.q_proj
pruning layer 19 name self_attn.k_proj
pruning layer 19 name self_attn.v_proj
pruning layer 19 name self_attn.o_proj
pruning layer 19 name mlp.gate_proj
pruning layer 19 name mlp.down_proj
pruning layer 19 name mlp.up_proj
pruning layer 20 name self_attn.q_proj
pruning layer 20 name self_attn.k_proj
pruning layer 20 name self_attn.v_proj
pruning layer 20 name self_attn.o_proj
pruning layer 20 name mlp.gate_proj
pruning layer 20 name mlp.down_proj
pruning layer 20 name mlp.up_proj
pruning layer 21 name self_attn.q_proj
pruning layer 21 name self_attn.k_proj
pruning layer 21 name self_attn.v_proj
pruning layer 21 name self_attn.o_proj
pruning layer 21 name mlp.gate_proj
pruning layer 21 name mlp.down_proj
pruning layer 21 name mlp.up_proj
pruning layer 22 name self_attn.q_proj
pruning layer 22 name self_attn.k_proj
pruning layer 22 name self_attn.v_proj
pruning layer 22 name self_attn.o_proj
pruning layer 22 name mlp.gate_proj
pruning layer 22 name mlp.down_proj
pruning layer 22 name mlp.up_proj
pruning layer 23 name self_attn.q_proj
pruning layer 23 name self_attn.k_proj
pruning layer 23 name self_attn.v_proj
pruning layer 23 name self_attn.o_proj
pruning layer 23 name mlp.gate_proj
pruning layer 23 name mlp.down_proj
pruning layer 23 name mlp.up_proj
pruning layer 24 name self_attn.q_proj
pruning layer 24 name self_attn.k_proj
pruning layer 24 name self_attn.v_proj
pruning layer 24 name self_attn.o_proj
pruning layer 24 name mlp.gate_proj
pruning layer 24 name mlp.down_proj
pruning layer 24 name mlp.up_proj
pruning layer 25 name self_attn.q_proj
pruning layer 25 name self_attn.k_proj
pruning layer 25 name self_attn.v_proj
pruning layer 25 name self_attn.o_proj
pruning layer 25 name mlp.gate_proj
pruning layer 25 name mlp.down_proj
pruning layer 25 name mlp.up_proj
pruning layer 26 name self_attn.q_proj
pruning layer 26 name self_attn.k_proj
pruning layer 26 name self_attn.v_proj
pruning layer 26 name self_attn.o_proj
pruning layer 26 name mlp.gate_proj
pruning layer 26 name mlp.down_proj
pruning layer 26 name mlp.up_proj
pruning layer 27 name self_attn.q_proj
pruning layer 27 name self_attn.k_proj
pruning layer 27 name self_attn.v_proj
pruning layer 27 name self_attn.o_proj
pruning layer 27 name mlp.gate_proj
pruning layer 27 name mlp.down_proj
pruning layer 27 name mlp.up_proj
pruning layer 28 name self_attn.q_proj
pruning layer 28 name self_attn.k_proj
pruning layer 28 name self_attn.v_proj
pruning layer 28 name self_attn.o_proj
pruning layer 28 name mlp.gate_proj
pruning layer 28 name mlp.down_proj
pruning layer 28 name mlp.up_proj
pruning layer 29 name self_attn.q_proj
pruning layer 29 name self_attn.k_proj
pruning layer 29 name self_attn.v_proj
pruning layer 29 name self_attn.o_proj
pruning layer 29 name mlp.gate_proj
pruning layer 29 name mlp.down_proj
pruning layer 29 name mlp.up_proj
pruning layer 30 name self_attn.q_proj
pruning layer 30 name self_attn.k_proj
pruning layer 30 name self_attn.v_proj
pruning layer 30 name self_attn.o_proj
pruning layer 30 name mlp.gate_proj
pruning layer 30 name mlp.down_proj
pruning layer 30 name mlp.up_proj
pruning layer 31 name self_attn.q_proj
pruning layer 31 name self_attn.k_proj
pruning layer 31 name self_attn.v_proj
pruning layer 31 name self_attn.o_proj
pruning layer 31 name mlp.gate_proj
pruning layer 31 name mlp.down_proj
pruning layer 31 name mlp.up_proj
******************************
layer 0 sparsity 0.672857
layer 1 sparsity 0.654557
layer 2 sparsity 0.646014
layer 3 sparsity 0.596695
layer 4 sparsity 0.645513
layer 5 sparsity 0.656981
layer 6 sparsity 0.637951
layer 7 sparsity 0.646264
layer 8 sparsity 0.660386
layer 9 sparsity 0.663832
layer 10 sparsity 0.664814
layer 11 sparsity 0.667278
layer 12 sparsity 0.669682
layer 13 sparsity 0.679938
layer 14 sparsity 0.686058
layer 15 sparsity 0.701933
layer 16 sparsity 0.713381
layer 17 sparsity 0.720733
layer 18 sparsity 0.727314
layer 19 sparsity 0.733434
layer 20 sparsity 0.738301
layer 21 sparsity 0.738051
layer 22 sparsity 0.740996
layer 23 sparsity 0.741456
layer 24 sparsity 0.745153
layer 25 sparsity 0.741497
layer 26 sparsity 0.748328
layer 27 sparsity 0.751232
layer 28 sparsity 0.752234
layer 29 sparsity 0.756831
layer 30 sparsity 0.752694
layer 31 sparsity 0.744171
sparsity sanity check 0.6999
******************************
evaluating on wikitext2
nsamples 166
sample 0
sample 50
sample 100
sample 150
begin calcualte ppl
[TIME] this run took 442.28 seconds (7.37 min)
[RESULT] final ppl on wikitext = 30.6250
===== 1|0.01|0.5|linear|0.001|0.2|False | 443s | exit=0 =====
/home/xiaokang/miniconda3/envs/prune_llm/lib/python3.9/site-packages/torch/torch_version.py:3: UserWarning: pkg_resources is deprecated as an API. See https://setuptools.pypa.io/en/latest/pkg_resources.html. The pkg_resources package is slated for removal as early as 2025-11-30. Refrain from using this package or pin to Setuptools<81.
  from pkg_resources import packaging  # type: ignore[attr-defined]
[DEBUG] running: /home/xiaokang/OWL/OWL-version2/risk-prune/main.py
[DEBUG] HF_ENDPOINT env: None
[DEBUG] HfApi endpoint: https://huggingface.co
# of gpus:  1
[DEBUG] Parsed args:
  nsamples               = 32
  risk_k                 = 1
  risk_probe             = 0.01
  risk_decay             = 0.5
  risk_decay_type        = linear
  risk_decay_beta        = 0.001
  risk_alpha             = 0.2
  consider_current_layer_in_risk = True
Loading checkpoint shards:   0%|          | 0/2 [00:00<?, ?it/s]Loading checkpoint shards:  50%|█████     | 1/2 [00:03<00:03,  3.63s/it]Loading checkpoint shards: 100%|██████████| 2/2 [00:05<00:00,  2.31s/it]Loading checkpoint shards: 100%|██████████| 2/2 [00:05<00:00,  2.51s/it]
use device  cuda:0
target sparsity 0.7
pruning starts
loading calibration data
dataset loading complete
after adjustment [0.32958993 0.35201764 0.3531447  0.40285856 0.35389492 0.34238687
 0.3616122  0.35324785 0.33922172 0.33577734 0.33478847 0.33232886
 0.33001202 0.31973645 0.31355914 0.29771018 0.28634277 0.27885374
 0.27234805 0.26612282 0.26138875 0.2615431  0.25859636 0.2582925
 0.25443995 0.25821882 0.2513008  0.24841619 0.2473247  0.24285854
 0.24818015 0.25388646] mean 0.3 max 0.40285856 min 0.24285854
pruning layer 0 name self_attn.q_proj
pruning layer 0 name self_attn.k_proj
pruning layer 0 name self_attn.v_proj
pruning layer 0 name self_attn.o_proj
pruning layer 0 name mlp.gate_proj
pruning layer 0 name mlp.down_proj
pruning layer 0 name mlp.up_proj
pruning layer 1 name self_attn.q_proj
pruning layer 1 name self_attn.k_proj
pruning layer 1 name self_attn.v_proj
pruning layer 1 name self_attn.o_proj
pruning layer 1 name mlp.gate_proj
pruning layer 1 name mlp.down_proj
pruning layer 1 name mlp.up_proj
pruning layer 2 name self_attn.q_proj
pruning layer 2 name self_attn.k_proj
pruning layer 2 name self_attn.v_proj
pruning layer 2 name self_attn.o_proj
pruning layer 2 name mlp.gate_proj
pruning layer 2 name mlp.down_proj
pruning layer 2 name mlp.up_proj
pruning layer 3 name self_attn.q_proj
pruning layer 3 name self_attn.k_proj
pruning layer 3 name self_attn.v_proj
pruning layer 3 name self_attn.o_proj
pruning layer 3 name mlp.gate_proj
pruning layer 3 name mlp.down_proj
pruning layer 3 name mlp.up_proj
pruning layer 4 name self_attn.q_proj
pruning layer 4 name self_attn.k_proj
pruning layer 4 name self_attn.v_proj
pruning layer 4 name self_attn.o_proj
pruning layer 4 name mlp.gate_proj
pruning layer 4 name mlp.down_proj
pruning layer 4 name mlp.up_proj
pruning layer 5 name self_attn.q_proj
pruning layer 5 name self_attn.k_proj
pruning layer 5 name self_attn.v_proj
pruning layer 5 name self_attn.o_proj
pruning layer 5 name mlp.gate_proj
pruning layer 5 name mlp.down_proj
pruning layer 5 name mlp.up_proj
pruning layer 6 name self_attn.q_proj
pruning layer 6 name self_attn.k_proj
pruning layer 6 name self_attn.v_proj
pruning layer 6 name self_attn.o_proj
pruning layer 6 name mlp.gate_proj
pruning layer 6 name mlp.down_proj
pruning layer 6 name mlp.up_proj
pruning layer 7 name self_attn.q_proj
pruning layer 7 name self_attn.k_proj
pruning layer 7 name self_attn.v_proj
pruning layer 7 name self_attn.o_proj
pruning layer 7 name mlp.gate_proj
pruning layer 7 name mlp.down_proj
pruning layer 7 name mlp.up_proj
pruning layer 8 name self_attn.q_proj
pruning layer 8 name self_attn.k_proj
pruning layer 8 name self_attn.v_proj
pruning layer 8 name self_attn.o_proj
pruning layer 8 name mlp.gate_proj
pruning layer 8 name mlp.down_proj
pruning layer 8 name mlp.up_proj
pruning layer 9 name self_attn.q_proj
pruning layer 9 name self_attn.k_proj
pruning layer 9 name self_attn.v_proj
pruning layer 9 name self_attn.o_proj
pruning layer 9 name mlp.gate_proj
pruning layer 9 name mlp.down_proj
pruning layer 9 name mlp.up_proj
pruning layer 10 name self_attn.q_proj
pruning layer 10 name self_attn.k_proj
pruning layer 10 name self_attn.v_proj
pruning layer 10 name self_attn.o_proj
pruning layer 10 name mlp.gate_proj
pruning layer 10 name mlp.down_proj
pruning layer 10 name mlp.up_proj
pruning layer 11 name self_attn.q_proj
pruning layer 11 name self_attn.k_proj
pruning layer 11 name self_attn.v_proj
pruning layer 11 name self_attn.o_proj
pruning layer 11 name mlp.gate_proj
pruning layer 11 name mlp.down_proj
pruning layer 11 name mlp.up_proj
pruning layer 12 name self_attn.q_proj
pruning layer 12 name self_attn.k_proj
pruning layer 12 name self_attn.v_proj
pruning layer 12 name self_attn.o_proj
pruning layer 12 name mlp.gate_proj
pruning layer 12 name mlp.down_proj
pruning layer 12 name mlp.up_proj
pruning layer 13 name self_attn.q_proj
pruning layer 13 name self_attn.k_proj
pruning layer 13 name self_attn.v_proj
pruning layer 13 name self_attn.o_proj
pruning layer 13 name mlp.gate_proj
pruning layer 13 name mlp.down_proj
pruning layer 13 name mlp.up_proj
pruning layer 14 name self_attn.q_proj
pruning layer 14 name self_attn.k_proj
pruning layer 14 name self_attn.v_proj
pruning layer 14 name self_attn.o_proj
pruning layer 14 name mlp.gate_proj
pruning layer 14 name mlp.down_proj
pruning layer 14 name mlp.up_proj
pruning layer 15 name self_attn.q_proj
pruning layer 15 name self_attn.k_proj
pruning layer 15 name self_attn.v_proj
pruning layer 15 name self_attn.o_proj
pruning layer 15 name mlp.gate_proj
pruning layer 15 name mlp.down_proj
pruning layer 15 name mlp.up_proj
pruning layer 16 name self_attn.q_proj
pruning layer 16 name self_attn.k_proj
pruning layer 16 name self_attn.v_proj
pruning layer 16 name self_attn.o_proj
pruning layer 16 name mlp.gate_proj
pruning layer 16 name mlp.down_proj
pruning layer 16 name mlp.up_proj
pruning layer 17 name self_attn.q_proj
pruning layer 17 name self_attn.k_proj
pruning layer 17 name self_attn.v_proj
pruning layer 17 name self_attn.o_proj
pruning layer 17 name mlp.gate_proj
pruning layer 17 name mlp.down_proj
pruning layer 17 name mlp.up_proj
pruning layer 18 name self_attn.q_proj
pruning layer 18 name self_attn.k_proj
pruning layer 18 name self_attn.v_proj
pruning layer 18 name self_attn.o_proj
pruning layer 18 name mlp.gate_proj
pruning layer 18 name mlp.down_proj
pruning layer 18 name mlp.up_proj
pruning layer 19 name self_attn.q_proj
pruning layer 19 name self_attn.k_proj
pruning layer 19 name self_attn.v_proj
pruning layer 19 name self_attn.o_proj
pruning layer 19 name mlp.gate_proj
pruning layer 19 name mlp.down_proj
pruning layer 19 name mlp.up_proj
pruning layer 20 name self_attn.q_proj
pruning layer 20 name self_attn.k_proj
pruning layer 20 name self_attn.v_proj
pruning layer 20 name self_attn.o_proj
pruning layer 20 name mlp.gate_proj
pruning layer 20 name mlp.down_proj
pruning layer 20 name mlp.up_proj
pruning layer 21 name self_attn.q_proj
pruning layer 21 name self_attn.k_proj
pruning layer 21 name self_attn.v_proj
pruning layer 21 name self_attn.o_proj
pruning layer 21 name mlp.gate_proj
pruning layer 21 name mlp.down_proj
pruning layer 21 name mlp.up_proj
pruning layer 22 name self_attn.q_proj
pruning layer 22 name self_attn.k_proj
pruning layer 22 name self_attn.v_proj
pruning layer 22 name self_attn.o_proj
pruning layer 22 name mlp.gate_proj
pruning layer 22 name mlp.down_proj
pruning layer 22 name mlp.up_proj
pruning layer 23 name self_attn.q_proj
pruning layer 23 name self_attn.k_proj
pruning layer 23 name self_attn.v_proj
pruning layer 23 name self_attn.o_proj
pruning layer 23 name mlp.gate_proj
pruning layer 23 name mlp.down_proj
pruning layer 23 name mlp.up_proj
pruning layer 24 name self_attn.q_proj
pruning layer 24 name self_attn.k_proj
pruning layer 24 name self_attn.v_proj
pruning layer 24 name self_attn.o_proj
pruning layer 24 name mlp.gate_proj
pruning layer 24 name mlp.down_proj
pruning layer 24 name mlp.up_proj
pruning layer 25 name self_attn.q_proj
pruning layer 25 name self_attn.k_proj
pruning layer 25 name self_attn.v_proj
pruning layer 25 name self_attn.o_proj
pruning layer 25 name mlp.gate_proj
pruning layer 25 name mlp.down_proj
pruning layer 25 name mlp.up_proj
pruning layer 26 name self_attn.q_proj
pruning layer 26 name self_attn.k_proj
pruning layer 26 name self_attn.v_proj
pruning layer 26 name self_attn.o_proj
pruning layer 26 name mlp.gate_proj
pruning layer 26 name mlp.down_proj
pruning layer 26 name mlp.up_proj
pruning layer 27 name self_attn.q_proj
pruning layer 27 name self_attn.k_proj
pruning layer 27 name self_attn.v_proj
pruning layer 27 name self_attn.o_proj
pruning layer 27 name mlp.gate_proj
pruning layer 27 name mlp.down_proj
pruning layer 27 name mlp.up_proj
pruning layer 28 name self_attn.q_proj
pruning layer 28 name self_attn.k_proj
pruning layer 28 name self_attn.v_proj
pruning layer 28 name self_attn.o_proj
pruning layer 28 name mlp.gate_proj
pruning layer 28 name mlp.down_proj
pruning layer 28 name mlp.up_proj
pruning layer 29 name self_attn.q_proj
pruning layer 29 name self_attn.k_proj
pruning layer 29 name self_attn.v_proj
pruning layer 29 name self_attn.o_proj
pruning layer 29 name mlp.gate_proj
pruning layer 29 name mlp.down_proj
pruning layer 29 name mlp.up_proj
pruning layer 30 name self_attn.q_proj
pruning layer 30 name self_attn.k_proj
pruning layer 30 name self_attn.v_proj
pruning layer 30 name self_attn.o_proj
pruning layer 30 name mlp.gate_proj
pruning layer 30 name mlp.down_proj
pruning layer 30 name mlp.up_proj
pruning layer 31 name self_attn.q_proj
pruning layer 31 name self_attn.k_proj
pruning layer 31 name self_attn.v_proj
pruning layer 31 name self_attn.o_proj
pruning layer 31 name mlp.gate_proj
pruning layer 31 name mlp.down_proj
pruning layer 31 name mlp.up_proj
******************************
layer 0 sparsity 0.670203
layer 1 sparsity 0.647937
layer 2 sparsity 0.646745
layer 3 sparsity 0.596966
layer 4 sparsity 0.646014
layer 5 sparsity 0.657502
layer 6 sparsity 0.638222
layer 7 sparsity 0.646725
layer 8 sparsity 0.660657
layer 9 sparsity 0.664083
layer 10 sparsity 0.665064
layer 11 sparsity 0.667508
layer 12 sparsity 0.669932
layer 13 sparsity 0.680188
layer 14 sparsity 0.686308
layer 15 sparsity 0.702164
layer 16 sparsity 0.713612
layer 17 sparsity 0.720984
layer 18 sparsity 0.727544
layer 19 sparsity 0.733684
layer 20 sparsity 0.738532
layer 21 sparsity 0.738301
layer 22 sparsity 0.741246
layer 23 sparsity 0.741687
layer 24 sparsity 0.745403
layer 25 sparsity 0.741707
layer 26 sparsity 0.748558
layer 27 sparsity 0.751483
layer 28 sparsity 0.752484
layer 29 sparsity 0.757081
layer 30 sparsity 0.751733
layer 31 sparsity 0.746094
sparsity sanity check 0.6999
******************************
evaluating on wikitext2
nsamples 166
sample 0
sample 50
sample 100
sample 150
begin calcualte ppl
[TIME] this run took 440.34 seconds (7.34 min)
[RESULT] final ppl on wikitext = 30.4131
===== 1|0.01|0.5|linear|0.001|0.2|True | 456s | exit=0 =====
/home/xiaokang/miniconda3/envs/prune_llm/lib/python3.9/site-packages/torch/torch_version.py:3: UserWarning: pkg_resources is deprecated as an API. See https://setuptools.pypa.io/en/latest/pkg_resources.html. The pkg_resources package is slated for removal as early as 2025-11-30. Refrain from using this package or pin to Setuptools<81.
  from pkg_resources import packaging  # type: ignore[attr-defined]
[DEBUG] running: /home/xiaokang/OWL/OWL-version2/risk-prune/main.py
[DEBUG] HF_ENDPOINT env: None
[DEBUG] HfApi endpoint: https://huggingface.co
# of gpus:  1
[DEBUG] Parsed args:
  nsamples               = 32
  risk_k                 = 1
  risk_probe             = 0.01
  risk_decay             = 0.5
  risk_decay_type        = linear
  risk_decay_beta        = 0.001
  risk_alpha             = 0.2
  consider_current_layer_in_risk = True
Loading checkpoint shards:   0%|          | 0/2 [00:00<?, ?it/s]Loading checkpoint shards:  50%|█████     | 1/2 [00:03<00:03,  3.59s/it]Loading checkpoint shards: 100%|██████████| 2/2 [00:04<00:00,  2.29s/it]Loading checkpoint shards: 100%|██████████| 2/2 [00:04<00:00,  2.48s/it]
use device  cuda:0
target sparsity 0.7
pruning starts
loading calibration data
dataset loading complete
after adjustment [0.32958993 0.35201764 0.3531447  0.40285856 0.35389492 0.34238687
 0.3616122  0.35324785 0.33922172 0.33577734 0.33478847 0.33232886
 0.33001202 0.31973645 0.31355914 0.29771018 0.28634277 0.27885374
 0.27234805 0.26612282 0.26138875 0.2615431  0.25859636 0.2582925
 0.25443995 0.25821882 0.2513008  0.24841619 0.2473247  0.24285854
 0.24818015 0.25388646] mean 0.3 max 0.40285856 min 0.24285854
pruning layer 0 name self_attn.q_proj
pruning layer 0 name self_attn.k_proj
pruning layer 0 name self_attn.v_proj
pruning layer 0 name self_attn.o_proj
pruning layer 0 name mlp.gate_proj
pruning layer 0 name mlp.down_proj
pruning layer 0 name mlp.up_proj
pruning layer 1 name self_attn.q_proj
pruning layer 1 name self_attn.k_proj
pruning layer 1 name self_attn.v_proj
pruning layer 1 name self_attn.o_proj
pruning layer 1 name mlp.gate_proj
pruning layer 1 name mlp.down_proj
pruning layer 1 name mlp.up_proj
pruning layer 2 name self_attn.q_proj
pruning layer 2 name self_attn.k_proj
pruning layer 2 name self_attn.v_proj
pruning layer 2 name self_attn.o_proj
pruning layer 2 name mlp.gate_proj
pruning layer 2 name mlp.down_proj
pruning layer 2 name mlp.up_proj
pruning layer 3 name self_attn.q_proj
pruning layer 3 name self_attn.k_proj
pruning layer 3 name self_attn.v_proj
pruning layer 3 name self_attn.o_proj
pruning layer 3 name mlp.gate_proj
pruning layer 3 name mlp.down_proj
pruning layer 3 name mlp.up_proj
pruning layer 4 name self_attn.q_proj
pruning layer 4 name self_attn.k_proj
pruning layer 4 name self_attn.v_proj
pruning layer 4 name self_attn.o_proj
pruning layer 4 name mlp.gate_proj
pruning layer 4 name mlp.down_proj
pruning layer 4 name mlp.up_proj
pruning layer 5 name self_attn.q_proj
pruning layer 5 name self_attn.k_proj
pruning layer 5 name self_attn.v_proj
pruning layer 5 name self_attn.o_proj
pruning layer 5 name mlp.gate_proj
pruning layer 5 name mlp.down_proj
pruning layer 5 name mlp.up_proj
pruning layer 6 name self_attn.q_proj
pruning layer 6 name self_attn.k_proj
pruning layer 6 name self_attn.v_proj
pruning layer 6 name self_attn.o_proj
pruning layer 6 name mlp.gate_proj
pruning layer 6 name mlp.down_proj
pruning layer 6 name mlp.up_proj
pruning layer 7 name self_attn.q_proj
pruning layer 7 name self_attn.k_proj
pruning layer 7 name self_attn.v_proj
pruning layer 7 name self_attn.o_proj
pruning layer 7 name mlp.gate_proj
pruning layer 7 name mlp.down_proj
pruning layer 7 name mlp.up_proj
pruning layer 8 name self_attn.q_proj
pruning layer 8 name self_attn.k_proj
pruning layer 8 name self_attn.v_proj
pruning layer 8 name self_attn.o_proj
pruning layer 8 name mlp.gate_proj
pruning layer 8 name mlp.down_proj
pruning layer 8 name mlp.up_proj
pruning layer 9 name self_attn.q_proj
pruning layer 9 name self_attn.k_proj
pruning layer 9 name self_attn.v_proj
pruning layer 9 name self_attn.o_proj
pruning layer 9 name mlp.gate_proj
pruning layer 9 name mlp.down_proj
pruning layer 9 name mlp.up_proj
pruning layer 10 name self_attn.q_proj
pruning layer 10 name self_attn.k_proj
pruning layer 10 name self_attn.v_proj
pruning layer 10 name self_attn.o_proj
pruning layer 10 name mlp.gate_proj
pruning layer 10 name mlp.down_proj
pruning layer 10 name mlp.up_proj
pruning layer 11 name self_attn.q_proj
pruning layer 11 name self_attn.k_proj
pruning layer 11 name self_attn.v_proj
pruning layer 11 name self_attn.o_proj
pruning layer 11 name mlp.gate_proj
pruning layer 11 name mlp.down_proj
pruning layer 11 name mlp.up_proj
pruning layer 12 name self_attn.q_proj
pruning layer 12 name self_attn.k_proj
pruning layer 12 name self_attn.v_proj
pruning layer 12 name self_attn.o_proj
pruning layer 12 name mlp.gate_proj
pruning layer 12 name mlp.down_proj
pruning layer 12 name mlp.up_proj
pruning layer 13 name self_attn.q_proj
pruning layer 13 name self_attn.k_proj
pruning layer 13 name self_attn.v_proj
pruning layer 13 name self_attn.o_proj
pruning layer 13 name mlp.gate_proj
pruning layer 13 name mlp.down_proj
pruning layer 13 name mlp.up_proj
pruning layer 14 name self_attn.q_proj
pruning layer 14 name self_attn.k_proj
pruning layer 14 name self_attn.v_proj
pruning layer 14 name self_attn.o_proj
pruning layer 14 name mlp.gate_proj
pruning layer 14 name mlp.down_proj
pruning layer 14 name mlp.up_proj
pruning layer 15 name self_attn.q_proj
pruning layer 15 name self_attn.k_proj
pruning layer 15 name self_attn.v_proj
pruning layer 15 name self_attn.o_proj
pruning layer 15 name mlp.gate_proj
pruning layer 15 name mlp.down_proj
pruning layer 15 name mlp.up_proj
pruning layer 16 name self_attn.q_proj
pruning layer 16 name self_attn.k_proj
pruning layer 16 name self_attn.v_proj
pruning layer 16 name self_attn.o_proj
pruning layer 16 name mlp.gate_proj
pruning layer 16 name mlp.down_proj
pruning layer 16 name mlp.up_proj
pruning layer 17 name self_attn.q_proj
pruning layer 17 name self_attn.k_proj
pruning layer 17 name self_attn.v_proj
pruning layer 17 name self_attn.o_proj
pruning layer 17 name mlp.gate_proj
pruning layer 17 name mlp.down_proj
pruning layer 17 name mlp.up_proj
pruning layer 18 name self_attn.q_proj
pruning layer 18 name self_attn.k_proj
pruning layer 18 name self_attn.v_proj
pruning layer 18 name self_attn.o_proj
pruning layer 18 name mlp.gate_proj
pruning layer 18 name mlp.down_proj
pruning layer 18 name mlp.up_proj
pruning layer 19 name self_attn.q_proj
pruning layer 19 name self_attn.k_proj
pruning layer 19 name self_attn.v_proj
pruning layer 19 name self_attn.o_proj
pruning layer 19 name mlp.gate_proj
pruning layer 19 name mlp.down_proj
pruning layer 19 name mlp.up_proj
pruning layer 20 name self_attn.q_proj
pruning layer 20 name self_attn.k_proj
pruning layer 20 name self_attn.v_proj
pruning layer 20 name self_attn.o_proj
pruning layer 20 name mlp.gate_proj
pruning layer 20 name mlp.down_proj
pruning layer 20 name mlp.up_proj
pruning layer 21 name self_attn.q_proj
pruning layer 21 name self_attn.k_proj
pruning layer 21 name self_attn.v_proj
pruning layer 21 name self_attn.o_proj
pruning layer 21 name mlp.gate_proj
pruning layer 21 name mlp.down_proj
pruning layer 21 name mlp.up_proj
pruning layer 22 name self_attn.q_proj
pruning layer 22 name self_attn.k_proj
pruning layer 22 name self_attn.v_proj
pruning layer 22 name self_attn.o_proj
pruning layer 22 name mlp.gate_proj
pruning layer 22 name mlp.down_proj
pruning layer 22 name mlp.up_proj
pruning layer 23 name self_attn.q_proj
pruning layer 23 name self_attn.k_proj
pruning layer 23 name self_attn.v_proj
pruning layer 23 name self_attn.o_proj
pruning layer 23 name mlp.gate_proj
pruning layer 23 name mlp.down_proj
pruning layer 23 name mlp.up_proj
pruning layer 24 name self_attn.q_proj
pruning layer 24 name self_attn.k_proj
pruning layer 24 name self_attn.v_proj
pruning layer 24 name self_attn.o_proj
pruning layer 24 name mlp.gate_proj
pruning layer 24 name mlp.down_proj
pruning layer 24 name mlp.up_proj
pruning layer 25 name self_attn.q_proj
pruning layer 25 name self_attn.k_proj
pruning layer 25 name self_attn.v_proj
pruning layer 25 name self_attn.o_proj
pruning layer 25 name mlp.gate_proj
pruning layer 25 name mlp.down_proj
pruning layer 25 name mlp.up_proj
pruning layer 26 name self_attn.q_proj
pruning layer 26 name self_attn.k_proj
pruning layer 26 name self_attn.v_proj
pruning layer 26 name self_attn.o_proj
pruning layer 26 name mlp.gate_proj
pruning layer 26 name mlp.down_proj
pruning layer 26 name mlp.up_proj
pruning layer 27 name self_attn.q_proj
pruning layer 27 name self_attn.k_proj
pruning layer 27 name self_attn.v_proj
pruning layer 27 name self_attn.o_proj
pruning layer 27 name mlp.gate_proj
pruning layer 27 name mlp.down_proj
pruning layer 27 name mlp.up_proj
pruning layer 28 name self_attn.q_proj
pruning layer 28 name self_attn.k_proj
pruning layer 28 name self_attn.v_proj
pruning layer 28 name self_attn.o_proj
pruning layer 28 name mlp.gate_proj
pruning layer 28 name mlp.down_proj
pruning layer 28 name mlp.up_proj
pruning layer 29 name self_attn.q_proj
pruning layer 29 name self_attn.k_proj
pruning layer 29 name self_attn.v_proj
pruning layer 29 name self_attn.o_proj
pruning layer 29 name mlp.gate_proj
pruning layer 29 name mlp.down_proj
pruning layer 29 name mlp.up_proj
pruning layer 30 name self_attn.q_proj
pruning layer 30 name self_attn.k_proj
pruning layer 30 name self_attn.v_proj
pruning layer 30 name self_attn.o_proj
pruning layer 30 name mlp.gate_proj
pruning layer 30 name mlp.down_proj
pruning layer 30 name mlp.up_proj
pruning layer 31 name self_attn.q_proj
pruning layer 31 name self_attn.k_proj
pruning layer 31 name self_attn.v_proj
pruning layer 31 name self_attn.o_proj
pruning layer 31 name mlp.gate_proj
pruning layer 31 name mlp.down_proj
pruning layer 31 name mlp.up_proj
******************************
layer 0 sparsity 0.670203
layer 1 sparsity 0.647937
layer 2 sparsity 0.646745
layer 3 sparsity 0.596966
layer 4 sparsity 0.646014
layer 5 sparsity 0.657502
layer 6 sparsity 0.638222
layer 7 sparsity 0.646725
layer 8 sparsity 0.660657
layer 9 sparsity 0.664083
layer 10 sparsity 0.665064
layer 11 sparsity 0.667508
layer 12 sparsity 0.669932
layer 13 sparsity 0.680188
layer 14 sparsity 0.686308
layer 15 sparsity 0.702164
layer 16 sparsity 0.713612
layer 17 sparsity 0.720984
layer 18 sparsity 0.727544
layer 19 sparsity 0.733684
layer 20 sparsity 0.738532
layer 21 sparsity 0.738301
layer 22 sparsity 0.741246
layer 23 sparsity 0.741687
layer 24 sparsity 0.745403
layer 25 sparsity 0.741707
layer 26 sparsity 0.748558
layer 27 sparsity 0.751483
layer 28 sparsity 0.752484
layer 29 sparsity 0.757081
layer 30 sparsity 0.751733
layer 31 sparsity 0.746094
sparsity sanity check 0.6999
******************************
evaluating on wikitext2
nsamples 166
sample 0
sample 50
sample 100
sample 150
begin calcualte ppl
[TIME] this run took 452.77 seconds (7.55 min)
[RESULT] final ppl on wikitext = 30.4131
===== 1|0.01|0.5|linear|0.001|0.25|False | 449s | exit=0 =====
/home/xiaokang/miniconda3/envs/prune_llm/lib/python3.9/site-packages/torch/torch_version.py:3: UserWarning: pkg_resources is deprecated as an API. See https://setuptools.pypa.io/en/latest/pkg_resources.html. The pkg_resources package is slated for removal as early as 2025-11-30. Refrain from using this package or pin to Setuptools<81.
  from pkg_resources import packaging  # type: ignore[attr-defined]
[DEBUG] running: /home/xiaokang/OWL/OWL-version2/risk-prune/main.py
[DEBUG] HF_ENDPOINT env: None
[DEBUG] HfApi endpoint: https://huggingface.co
# of gpus:  1
[DEBUG] Parsed args:
  nsamples               = 32
  risk_k                 = 1
  risk_probe             = 0.01
  risk_decay             = 0.5
  risk_decay_type        = linear
  risk_decay_beta        = 0.001
  risk_alpha             = 0.25
  consider_current_layer_in_risk = True
Loading checkpoint shards:   0%|          | 0/2 [00:00<?, ?it/s]Loading checkpoint shards:  50%|█████     | 1/2 [00:03<00:03,  3.60s/it]Loading checkpoint shards: 100%|██████████| 2/2 [00:05<00:00,  2.31s/it]Loading checkpoint shards: 100%|██████████| 2/2 [00:05<00:00,  2.51s/it]
use device  cuda:0
target sparsity 0.7
pruning starts
loading calibration data
dataset loading complete
after adjustment [0.33248317 0.35974663 0.35228512 0.40250945 0.353249   0.34171396
 0.36117813 0.35283303 0.33879372 0.33539835 0.33447    0.3320549
 0.32977468 0.3194371  0.31330344 0.2974399  0.2861223  0.2785144
 0.27204227 0.26579833 0.26111683 0.2612246  0.25833556 0.25804698
 0.25415277 0.25806537 0.25110978 0.24813733 0.2470479  0.24250945
 0.24925166 0.2518543 ] mean 0.3 max 0.40250945 min 0.24250945
pruning layer 0 name self_attn.q_proj
pruning layer 0 name self_attn.k_proj
pruning layer 0 name self_attn.v_proj
pruning layer 0 name self_attn.o_proj
pruning layer 0 name mlp.gate_proj
pruning layer 0 name mlp.down_proj
pruning layer 0 name mlp.up_proj
pruning layer 1 name self_attn.q_proj
pruning layer 1 name self_attn.k_proj
pruning layer 1 name self_attn.v_proj
pruning layer 1 name self_attn.o_proj
pruning layer 1 name mlp.gate_proj
pruning layer 1 name mlp.down_proj
pruning layer 1 name mlp.up_proj
pruning layer 2 name self_attn.q_proj
pruning layer 2 name self_attn.k_proj
pruning layer 2 name self_attn.v_proj
pruning layer 2 name self_attn.o_proj
pruning layer 2 name mlp.gate_proj
pruning layer 2 name mlp.down_proj
pruning layer 2 name mlp.up_proj
pruning layer 3 name self_attn.q_proj
pruning layer 3 name self_attn.k_proj
pruning layer 3 name self_attn.v_proj
pruning layer 3 name self_attn.o_proj
pruning layer 3 name mlp.gate_proj
pruning layer 3 name mlp.down_proj
pruning layer 3 name mlp.up_proj
pruning layer 4 name self_attn.q_proj
pruning layer 4 name self_attn.k_proj
pruning layer 4 name self_attn.v_proj
pruning layer 4 name self_attn.o_proj
pruning layer 4 name mlp.gate_proj
pruning layer 4 name mlp.down_proj
pruning layer 4 name mlp.up_proj
pruning layer 5 name self_attn.q_proj
pruning layer 5 name self_attn.k_proj
pruning layer 5 name self_attn.v_proj
pruning layer 5 name self_attn.o_proj
pruning layer 5 name mlp.gate_proj
pruning layer 5 name mlp.down_proj
pruning layer 5 name mlp.up_proj
pruning layer 6 name self_attn.q_proj
pruning layer 6 name self_attn.k_proj
pruning layer 6 name self_attn.v_proj
pruning layer 6 name self_attn.o_proj
pruning layer 6 name mlp.gate_proj
pruning layer 6 name mlp.down_proj
pruning layer 6 name mlp.up_proj
pruning layer 7 name self_attn.q_proj
pruning layer 7 name self_attn.k_proj
pruning layer 7 name self_attn.v_proj
pruning layer 7 name self_attn.o_proj
pruning layer 7 name mlp.gate_proj
pruning layer 7 name mlp.down_proj
pruning layer 7 name mlp.up_proj
pruning layer 8 name self_attn.q_proj
pruning layer 8 name self_attn.k_proj
pruning layer 8 name self_attn.v_proj
pruning layer 8 name self_attn.o_proj
pruning layer 8 name mlp.gate_proj
pruning layer 8 name mlp.down_proj
pruning layer 8 name mlp.up_proj
pruning layer 9 name self_attn.q_proj
pruning layer 9 name self_attn.k_proj
pruning layer 9 name self_attn.v_proj
pruning layer 9 name self_attn.o_proj
pruning layer 9 name mlp.gate_proj
pruning layer 9 name mlp.down_proj
pruning layer 9 name mlp.up_proj
pruning layer 10 name self_attn.q_proj
pruning layer 10 name self_attn.k_proj
pruning layer 10 name self_attn.v_proj
pruning layer 10 name self_attn.o_proj
pruning layer 10 name mlp.gate_proj
pruning layer 10 name mlp.down_proj
pruning layer 10 name mlp.up_proj
pruning layer 11 name self_attn.q_proj
pruning layer 11 name self_attn.k_proj
pruning layer 11 name self_attn.v_proj
pruning layer 11 name self_attn.o_proj
pruning layer 11 name mlp.gate_proj
pruning layer 11 name mlp.down_proj
pruning layer 11 name mlp.up_proj
pruning layer 12 name self_attn.q_proj
pruning layer 12 name self_attn.k_proj
pruning layer 12 name self_attn.v_proj
pruning layer 12 name self_attn.o_proj
pruning layer 12 name mlp.gate_proj
pruning layer 12 name mlp.down_proj
pruning layer 12 name mlp.up_proj
pruning layer 13 name self_attn.q_proj
pruning layer 13 name self_attn.k_proj
pruning layer 13 name self_attn.v_proj
pruning layer 13 name self_attn.o_proj
pruning layer 13 name mlp.gate_proj
pruning layer 13 name mlp.down_proj
pruning layer 13 name mlp.up_proj
pruning layer 14 name self_attn.q_proj
pruning layer 14 name self_attn.k_proj
pruning layer 14 name self_attn.v_proj
pruning layer 14 name self_attn.o_proj
pruning layer 14 name mlp.gate_proj
pruning layer 14 name mlp.down_proj
pruning layer 14 name mlp.up_proj
pruning layer 15 name self_attn.q_proj
pruning layer 15 name self_attn.k_proj
pruning layer 15 name self_attn.v_proj
pruning layer 15 name self_attn.o_proj
pruning layer 15 name mlp.gate_proj
pruning layer 15 name mlp.down_proj
pruning layer 15 name mlp.up_proj
pruning layer 16 name self_attn.q_proj
pruning layer 16 name self_attn.k_proj
pruning layer 16 name self_attn.v_proj
pruning layer 16 name self_attn.o_proj
pruning layer 16 name mlp.gate_proj
pruning layer 16 name mlp.down_proj
pruning layer 16 name mlp.up_proj
pruning layer 17 name self_attn.q_proj
pruning layer 17 name self_attn.k_proj
pruning layer 17 name self_attn.v_proj
pruning layer 17 name self_attn.o_proj
pruning layer 17 name mlp.gate_proj
pruning layer 17 name mlp.down_proj
pruning layer 17 name mlp.up_proj
pruning layer 18 name self_attn.q_proj
pruning layer 18 name self_attn.k_proj
pruning layer 18 name self_attn.v_proj
pruning layer 18 name self_attn.o_proj
pruning layer 18 name mlp.gate_proj
pruning layer 18 name mlp.down_proj
pruning layer 18 name mlp.up_proj
pruning layer 19 name self_attn.q_proj
pruning layer 19 name self_attn.k_proj
pruning layer 19 name self_attn.v_proj
pruning layer 19 name self_attn.o_proj
pruning layer 19 name mlp.gate_proj
pruning layer 19 name mlp.down_proj
pruning layer 19 name mlp.up_proj
pruning layer 20 name self_attn.q_proj
pruning layer 20 name self_attn.k_proj
pruning layer 20 name self_attn.v_proj
pruning layer 20 name self_attn.o_proj
pruning layer 20 name mlp.gate_proj
pruning layer 20 name mlp.down_proj
pruning layer 20 name mlp.up_proj
pruning layer 21 name self_attn.q_proj
pruning layer 21 name self_attn.k_proj
pruning layer 21 name self_attn.v_proj
pruning layer 21 name self_attn.o_proj
pruning layer 21 name mlp.gate_proj
pruning layer 21 name mlp.down_proj
pruning layer 21 name mlp.up_proj
pruning layer 22 name self_attn.q_proj
pruning layer 22 name self_attn.k_proj
pruning layer 22 name self_attn.v_proj
pruning layer 22 name self_attn.o_proj
pruning layer 22 name mlp.gate_proj
pruning layer 22 name mlp.down_proj
pruning layer 22 name mlp.up_proj
pruning layer 23 name self_attn.q_proj
pruning layer 23 name self_attn.k_proj
pruning layer 23 name self_attn.v_proj
pruning layer 23 name self_attn.o_proj
pruning layer 23 name mlp.gate_proj
pruning layer 23 name mlp.down_proj
pruning layer 23 name mlp.up_proj
pruning layer 24 name self_attn.q_proj
pruning layer 24 name self_attn.k_proj
pruning layer 24 name self_attn.v_proj
pruning layer 24 name self_attn.o_proj
pruning layer 24 name mlp.gate_proj
pruning layer 24 name mlp.down_proj
pruning layer 24 name mlp.up_proj
pruning layer 25 name self_attn.q_proj
pruning layer 25 name self_attn.k_proj
pruning layer 25 name self_attn.v_proj
pruning layer 25 name self_attn.o_proj
pruning layer 25 name mlp.gate_proj
pruning layer 25 name mlp.down_proj
pruning layer 25 name mlp.up_proj
pruning layer 26 name self_attn.q_proj
pruning layer 26 name self_attn.k_proj
pruning layer 26 name self_attn.v_proj
pruning layer 26 name self_attn.o_proj
pruning layer 26 name mlp.gate_proj
pruning layer 26 name mlp.down_proj
pruning layer 26 name mlp.up_proj
pruning layer 27 name self_attn.q_proj
pruning layer 27 name self_attn.k_proj
pruning layer 27 name self_attn.v_proj
pruning layer 27 name self_attn.o_proj
pruning layer 27 name mlp.gate_proj
pruning layer 27 name mlp.down_proj
pruning layer 27 name mlp.up_proj
pruning layer 28 name self_attn.q_proj
pruning layer 28 name self_attn.k_proj
pruning layer 28 name self_attn.v_proj
pruning layer 28 name self_attn.o_proj
pruning layer 28 name mlp.gate_proj
pruning layer 28 name mlp.down_proj
pruning layer 28 name mlp.up_proj
pruning layer 29 name self_attn.q_proj
pruning layer 29 name self_attn.k_proj
pruning layer 29 name self_attn.v_proj
pruning layer 29 name self_attn.o_proj
pruning layer 29 name mlp.gate_proj
pruning layer 29 name mlp.down_proj
pruning layer 29 name mlp.up_proj
pruning layer 30 name self_attn.q_proj
pruning layer 30 name self_attn.k_proj
pruning layer 30 name self_attn.v_proj
pruning layer 30 name self_attn.o_proj
pruning layer 30 name mlp.gate_proj
pruning layer 30 name mlp.down_proj
pruning layer 30 name mlp.up_proj
pruning layer 31 name self_attn.q_proj
pruning layer 31 name self_attn.k_proj
pruning layer 31 name self_attn.v_proj
pruning layer 31 name self_attn.o_proj
pruning layer 31 name mlp.gate_proj
pruning layer 31 name mlp.down_proj
pruning layer 31 name mlp.up_proj
******************************
layer 0 sparsity 0.667488
layer 1 sparsity 0.640144
layer 2 sparsity 0.647706
layer 3 sparsity 0.597426
layer 4 sparsity 0.646725
layer 5 sparsity 0.658213
layer 6 sparsity 0.638702
layer 7 sparsity 0.647016
layer 8 sparsity 0.661138
layer 9 sparsity 0.664543
layer 10 sparsity 0.665525
layer 11 sparsity 0.667759
layer 12 sparsity 0.670162
layer 13 sparsity 0.680439
layer 14 sparsity 0.686559
layer 15 sparsity 0.702414
layer 16 sparsity 0.713862
layer 17 sparsity 0.721444
layer 18 sparsity 0.727815
layer 19 sparsity 0.734145
layer 20 sparsity 0.738782
layer 21 sparsity 0.738762
layer 22 sparsity 0.741497
layer 23 sparsity 0.741937
layer 24 sparsity 0.745654
layer 25 sparsity 0.741747
layer 26 sparsity 0.748788
layer 27 sparsity 0.751733
layer 28 sparsity 0.752925
layer 29 sparsity 0.757352
layer 30 sparsity 0.750731
layer 31 sparsity 0.748057
sparsity sanity check 0.6999
******************************
evaluating on wikitext2
nsamples 166
sample 0
sample 50
sample 100
sample 150
begin calcualte ppl
[TIME] this run took 445.20 seconds (7.42 min)
[RESULT] final ppl on wikitext = 31.5447
===== 1|0.01|0.5|linear|0.001|0.25|True | 455s | exit=0 =====
/home/xiaokang/miniconda3/envs/prune_llm/lib/python3.9/site-packages/torch/torch_version.py:3: UserWarning: pkg_resources is deprecated as an API. See https://setuptools.pypa.io/en/latest/pkg_resources.html. The pkg_resources package is slated for removal as early as 2025-11-30. Refrain from using this package or pin to Setuptools<81.
  from pkg_resources import packaging  # type: ignore[attr-defined]
[DEBUG] running: /home/xiaokang/OWL/OWL-version2/risk-prune/main.py
[DEBUG] HF_ENDPOINT env: None
[DEBUG] HfApi endpoint: https://huggingface.co
# of gpus:  1
[DEBUG] Parsed args:
  nsamples               = 32
  risk_k                 = 1
  risk_probe             = 0.01
  risk_decay             = 0.5
  risk_decay_type        = linear
  risk_decay_beta        = 0.001
  risk_alpha             = 0.25
  consider_current_layer_in_risk = True
Loading checkpoint shards:   0%|          | 0/2 [00:00<?, ?it/s]Loading checkpoint shards:  50%|█████     | 1/2 [00:03<00:03,  3.64s/it]Loading checkpoint shards: 100%|██████████| 2/2 [00:05<00:00,  2.60s/it]Loading checkpoint shards: 100%|██████████| 2/2 [00:05<00:00,  2.76s/it]
use device  cuda:0
target sparsity 0.7
pruning starts
loading calibration data
dataset loading complete
after adjustment [0.33248317 0.35974663 0.35228512 0.40250945 0.353249   0.34171396
 0.36117813 0.35283303 0.33879372 0.33539835 0.33447    0.3320549
 0.32977468 0.3194371  0.31330344 0.2974399  0.2861223  0.2785144
 0.27204227 0.26579833 0.26111683 0.2612246  0.25833556 0.25804698
 0.25415277 0.25806537 0.25110978 0.24813733 0.2470479  0.24250945
 0.24925166 0.2518543 ] mean 0.3 max 0.40250945 min 0.24250945
pruning layer 0 name self_attn.q_proj
pruning layer 0 name self_attn.k_proj
pruning layer 0 name self_attn.v_proj
pruning layer 0 name self_attn.o_proj
pruning layer 0 name mlp.gate_proj
pruning layer 0 name mlp.down_proj
pruning layer 0 name mlp.up_proj
pruning layer 1 name self_attn.q_proj
pruning layer 1 name self_attn.k_proj
pruning layer 1 name self_attn.v_proj
pruning layer 1 name self_attn.o_proj
pruning layer 1 name mlp.gate_proj
pruning layer 1 name mlp.down_proj
pruning layer 1 name mlp.up_proj
pruning layer 2 name self_attn.q_proj
pruning layer 2 name self_attn.k_proj
pruning layer 2 name self_attn.v_proj
pruning layer 2 name self_attn.o_proj
pruning layer 2 name mlp.gate_proj
pruning layer 2 name mlp.down_proj
pruning layer 2 name mlp.up_proj
pruning layer 3 name self_attn.q_proj
pruning layer 3 name self_attn.k_proj
pruning layer 3 name self_attn.v_proj
pruning layer 3 name self_attn.o_proj
pruning layer 3 name mlp.gate_proj
pruning layer 3 name mlp.down_proj
pruning layer 3 name mlp.up_proj
pruning layer 4 name self_attn.q_proj
pruning layer 4 name self_attn.k_proj
pruning layer 4 name self_attn.v_proj
pruning layer 4 name self_attn.o_proj
pruning layer 4 name mlp.gate_proj
pruning layer 4 name mlp.down_proj
pruning layer 4 name mlp.up_proj
pruning layer 5 name self_attn.q_proj
pruning layer 5 name self_attn.k_proj
pruning layer 5 name self_attn.v_proj
pruning layer 5 name self_attn.o_proj
pruning layer 5 name mlp.gate_proj
pruning layer 5 name mlp.down_proj
pruning layer 5 name mlp.up_proj
pruning layer 6 name self_attn.q_proj
pruning layer 6 name self_attn.k_proj
pruning layer 6 name self_attn.v_proj
pruning layer 6 name self_attn.o_proj
pruning layer 6 name mlp.gate_proj
pruning layer 6 name mlp.down_proj
pruning layer 6 name mlp.up_proj
pruning layer 7 name self_attn.q_proj
pruning layer 7 name self_attn.k_proj
pruning layer 7 name self_attn.v_proj
pruning layer 7 name self_attn.o_proj
pruning layer 7 name mlp.gate_proj
pruning layer 7 name mlp.down_proj
pruning layer 7 name mlp.up_proj
pruning layer 8 name self_attn.q_proj
pruning layer 8 name self_attn.k_proj
pruning layer 8 name self_attn.v_proj
pruning layer 8 name self_attn.o_proj
pruning layer 8 name mlp.gate_proj
pruning layer 8 name mlp.down_proj
pruning layer 8 name mlp.up_proj
pruning layer 9 name self_attn.q_proj
pruning layer 9 name self_attn.k_proj
pruning layer 9 name self_attn.v_proj
pruning layer 9 name self_attn.o_proj
pruning layer 9 name mlp.gate_proj
pruning layer 9 name mlp.down_proj
pruning layer 9 name mlp.up_proj
pruning layer 10 name self_attn.q_proj
pruning layer 10 name self_attn.k_proj
pruning layer 10 name self_attn.v_proj
pruning layer 10 name self_attn.o_proj
pruning layer 10 name mlp.gate_proj
pruning layer 10 name mlp.down_proj
pruning layer 10 name mlp.up_proj
pruning layer 11 name self_attn.q_proj
pruning layer 11 name self_attn.k_proj
pruning layer 11 name self_attn.v_proj
pruning layer 11 name self_attn.o_proj
pruning layer 11 name mlp.gate_proj
pruning layer 11 name mlp.down_proj
pruning layer 11 name mlp.up_proj
pruning layer 12 name self_attn.q_proj
pruning layer 12 name self_attn.k_proj
pruning layer 12 name self_attn.v_proj
pruning layer 12 name self_attn.o_proj
pruning layer 12 name mlp.gate_proj
pruning layer 12 name mlp.down_proj
pruning layer 12 name mlp.up_proj
pruning layer 13 name self_attn.q_proj
pruning layer 13 name self_attn.k_proj
pruning layer 13 name self_attn.v_proj
pruning layer 13 name self_attn.o_proj
pruning layer 13 name mlp.gate_proj
pruning layer 13 name mlp.down_proj
pruning layer 13 name mlp.up_proj
pruning layer 14 name self_attn.q_proj
pruning layer 14 name self_attn.k_proj
pruning layer 14 name self_attn.v_proj
pruning layer 14 name self_attn.o_proj
pruning layer 14 name mlp.gate_proj
pruning layer 14 name mlp.down_proj
pruning layer 14 name mlp.up_proj
pruning layer 15 name self_attn.q_proj
pruning layer 15 name self_attn.k_proj
pruning layer 15 name self_attn.v_proj
pruning layer 15 name self_attn.o_proj
pruning layer 15 name mlp.gate_proj
pruning layer 15 name mlp.down_proj
pruning layer 15 name mlp.up_proj
pruning layer 16 name self_attn.q_proj
pruning layer 16 name self_attn.k_proj
pruning layer 16 name self_attn.v_proj
pruning layer 16 name self_attn.o_proj
pruning layer 16 name mlp.gate_proj
pruning layer 16 name mlp.down_proj
pruning layer 16 name mlp.up_proj
pruning layer 17 name self_attn.q_proj
pruning layer 17 name self_attn.k_proj
pruning layer 17 name self_attn.v_proj
pruning layer 17 name self_attn.o_proj
pruning layer 17 name mlp.gate_proj
pruning layer 17 name mlp.down_proj
pruning layer 17 name mlp.up_proj
pruning layer 18 name self_attn.q_proj
pruning layer 18 name self_attn.k_proj
pruning layer 18 name self_attn.v_proj
pruning layer 18 name self_attn.o_proj
pruning layer 18 name mlp.gate_proj
pruning layer 18 name mlp.down_proj
pruning layer 18 name mlp.up_proj
pruning layer 19 name self_attn.q_proj
pruning layer 19 name self_attn.k_proj
pruning layer 19 name self_attn.v_proj
pruning layer 19 name self_attn.o_proj
pruning layer 19 name mlp.gate_proj
pruning layer 19 name mlp.down_proj
pruning layer 19 name mlp.up_proj
pruning layer 20 name self_attn.q_proj
pruning layer 20 name self_attn.k_proj
pruning layer 20 name self_attn.v_proj
pruning layer 20 name self_attn.o_proj
pruning layer 20 name mlp.gate_proj
pruning layer 20 name mlp.down_proj
pruning layer 20 name mlp.up_proj
pruning layer 21 name self_attn.q_proj
pruning layer 21 name self_attn.k_proj
pruning layer 21 name self_attn.v_proj
pruning layer 21 name self_attn.o_proj
pruning layer 21 name mlp.gate_proj
pruning layer 21 name mlp.down_proj
pruning layer 21 name mlp.up_proj
pruning layer 22 name self_attn.q_proj
pruning layer 22 name self_attn.k_proj
pruning layer 22 name self_attn.v_proj
pruning layer 22 name self_attn.o_proj
pruning layer 22 name mlp.gate_proj
pruning layer 22 name mlp.down_proj
pruning layer 22 name mlp.up_proj
pruning layer 23 name self_attn.q_proj
pruning layer 23 name self_attn.k_proj
pruning layer 23 name self_attn.v_proj
pruning layer 23 name self_attn.o_proj
pruning layer 23 name mlp.gate_proj
pruning layer 23 name mlp.down_proj
pruning layer 23 name mlp.up_proj
pruning layer 24 name self_attn.q_proj
pruning layer 24 name self_attn.k_proj
pruning layer 24 name self_attn.v_proj
pruning layer 24 name self_attn.o_proj
pruning layer 24 name mlp.gate_proj
pruning layer 24 name mlp.down_proj
pruning layer 24 name mlp.up_proj
pruning layer 25 name self_attn.q_proj
pruning layer 25 name self_attn.k_proj
pruning layer 25 name self_attn.v_proj
pruning layer 25 name self_attn.o_proj
pruning layer 25 name mlp.gate_proj
pruning layer 25 name mlp.down_proj
pruning layer 25 name mlp.up_proj
pruning layer 26 name self_attn.q_proj
pruning layer 26 name self_attn.k_proj
pruning layer 26 name self_attn.v_proj
pruning layer 26 name self_attn.o_proj
pruning layer 26 name mlp.gate_proj
pruning layer 26 name mlp.down_proj
pruning layer 26 name mlp.up_proj
pruning layer 27 name self_attn.q_proj
pruning layer 27 name self_attn.k_proj
pruning layer 27 name self_attn.v_proj
pruning layer 27 name self_attn.o_proj
pruning layer 27 name mlp.gate_proj
pruning layer 27 name mlp.down_proj
pruning layer 27 name mlp.up_proj
pruning layer 28 name self_attn.q_proj
pruning layer 28 name self_attn.k_proj
pruning layer 28 name self_attn.v_proj
pruning layer 28 name self_attn.o_proj
pruning layer 28 name mlp.gate_proj
pruning layer 28 name mlp.down_proj
pruning layer 28 name mlp.up_proj
pruning layer 29 name self_attn.q_proj
pruning layer 29 name self_attn.k_proj
pruning layer 29 name self_attn.v_proj
pruning layer 29 name self_attn.o_proj
pruning layer 29 name mlp.gate_proj
pruning layer 29 name mlp.down_proj
pruning layer 29 name mlp.up_proj
pruning layer 30 name self_attn.q_proj
pruning layer 30 name self_attn.k_proj
pruning layer 30 name self_attn.v_proj
pruning layer 30 name self_attn.o_proj
pruning layer 30 name mlp.gate_proj
pruning layer 30 name mlp.down_proj
pruning layer 30 name mlp.up_proj
pruning layer 31 name self_attn.q_proj
pruning layer 31 name self_attn.k_proj
pruning layer 31 name self_attn.v_proj
pruning layer 31 name self_attn.o_proj
pruning layer 31 name mlp.gate_proj
pruning layer 31 name mlp.down_proj
pruning layer 31 name mlp.up_proj
******************************
layer 0 sparsity 0.667488
layer 1 sparsity 0.640144
layer 2 sparsity 0.647706
layer 3 sparsity 0.597426
layer 4 sparsity 0.646725
layer 5 sparsity 0.658213
layer 6 sparsity 0.638702
layer 7 sparsity 0.647016
layer 8 sparsity 0.661138
layer 9 sparsity 0.664543
layer 10 sparsity 0.665525
layer 11 sparsity 0.667759
layer 12 sparsity 0.670162
layer 13 sparsity 0.680439
layer 14 sparsity 0.686559
layer 15 sparsity 0.702414
layer 16 sparsity 0.713862
layer 17 sparsity 0.721444
layer 18 sparsity 0.727815
layer 19 sparsity 0.734145
layer 20 sparsity 0.738782
layer 21 sparsity 0.738762
layer 22 sparsity 0.741497
layer 23 sparsity 0.741937
layer 24 sparsity 0.745654
layer 25 sparsity 0.741747
layer 26 sparsity 0.748788
layer 27 sparsity 0.751733
layer 28 sparsity 0.752925
layer 29 sparsity 0.757352
layer 30 sparsity 0.750731
layer 31 sparsity 0.748057
sparsity sanity check 0.6999
******************************
evaluating on wikitext2
nsamples 166
sample 0
sample 50
sample 100
sample 150
begin calcualte ppl
[TIME] this run took 452.99 seconds (7.55 min)
[RESULT] final ppl on wikitext = 31.5447
===== 1|0.01|0.5|linear|0.001|0.3|False | 32s | exit=1 =====
/home/xiaokang/miniconda3/envs/prune_llm/lib/python3.9/site-packages/torch/torch_version.py:3: UserWarning: pkg_resources is deprecated as an API. See https://setuptools.pypa.io/en/latest/pkg_resources.html. The pkg_resources package is slated for removal as early as 2025-11-30. Refrain from using this package or pin to Setuptools<81.
  from pkg_resources import packaging  # type: ignore[attr-defined]
[DEBUG] running: /home/xiaokang/OWL/OWL-version2/risk-prune/main.py
[DEBUG] HF_ENDPOINT env: None
[DEBUG] HfApi endpoint: https://huggingface.co
# of gpus:  1
[DEBUG] Parsed args:
  nsamples               = 32
  risk_k                 = 1
  risk_probe             = 0.01
  risk_decay             = 0.5
  risk_decay_type        = linear
  risk_decay_beta        = 0.001
  risk_alpha             = 0.3
  consider_current_layer_in_risk = True
Loading checkpoint shards:   0%|          | 0/2 [00:00<?, ?it/s]Loading checkpoint shards:  50%|█████     | 1/2 [00:03<00:03,  3.65s/it]Loading checkpoint shards: 100%|██████████| 2/2 [00:05<00:00,  2.33s/it]Loading checkpoint shards: 100%|██████████| 2/2 [00:05<00:00,  2.53s/it]
Using the latest cached version of the dataset since allenai/c4 couldn't be found on the Hugging Face Hub
use device  cuda:0
target sparsity 0.7
pruning starts
loading calibration data
Traceback (most recent call last):
  File "/home/xiaokang/OWL/OWL-version2/risk-prune/main.py", line 580, in <module>
    main()
  File "/home/xiaokang/OWL/OWL-version2/risk-prune/main.py", line 560, in main
    ppl = run_once_prune_eval(args, model, tokenizer, device, prune_n=prune_n, prune_m=prune_m)
  File "/home/xiaokang/OWL/OWL-version2/risk-prune/main.py", line 107, in run_once_prune_eval
    prune_wanda_outlier_plus(args, model, tokenizer, device, prune_n=prune_n, prune_m=prune_m)
  File "/home/xiaokang/miniconda3/envs/prune_llm/lib/python3.9/site-packages/torch/autograd/grad_mode.py", line 28, in decorate_context
    return func(*args, **kwargs)
  File "/home/xiaokang/OWL/OWL-version2/risk-prune/lib/my_version1.py", line 243, in prune_wanda_outlier_plus
    dataloader, _ = get_loaders("c4", nsamples=args.nsamples, seed=args.seed, seqlen=2048, tokenizer=tokenizer)
  File "/home/xiaokang/OWL/OWL-version2/risk-prune/lib/data.py", line 166, in get_loaders
    return get_c4_shard(
  File "/home/xiaokang/OWL/OWL-version2/risk-prune/lib/data.py", line 101, in get_c4_shard
    traindata = load_dataset(
  File "/home/xiaokang/miniconda3/envs/prune_llm/lib/python3.9/site-packages/datasets/load.py", line 2523, in load_dataset
    builder_instance = load_dataset_builder(
  File "/home/xiaokang/miniconda3/envs/prune_llm/lib/python3.9/site-packages/datasets/load.py", line 2232, in load_dataset_builder
    builder_instance: DatasetBuilder = builder_cls(
  File "/home/xiaokang/miniconda3/envs/prune_llm/lib/python3.9/site-packages/datasets/packaged_modules/cache/cache.py", line 88, in __init__
    config_name, version, hash = _find_hash_in_cache(
  File "/home/xiaokang/miniconda3/envs/prune_llm/lib/python3.9/site-packages/datasets/packaged_modules/cache/cache.py", line 46, in _find_hash_in_cache
    raise ValueError(
ValueError: Couldn't find cache for allenai/c4 for config 'en'
Available configs in the cache: ['en-a3e66ef7800043cd']
===== 1|0.01|0.5|linear|0.001|0.3|True | 477s | exit=0 =====
/home/xiaokang/miniconda3/envs/prune_llm/lib/python3.9/site-packages/torch/torch_version.py:3: UserWarning: pkg_resources is deprecated as an API. See https://setuptools.pypa.io/en/latest/pkg_resources.html. The pkg_resources package is slated for removal as early as 2025-11-30. Refrain from using this package or pin to Setuptools<81.
  from pkg_resources import packaging  # type: ignore[attr-defined]
[DEBUG] running: /home/xiaokang/OWL/OWL-version2/risk-prune/main.py
[DEBUG] HF_ENDPOINT env: None
[DEBUG] HfApi endpoint: https://huggingface.co
# of gpus:  1
[DEBUG] Parsed args:
  nsamples               = 32
  risk_k                 = 1
  risk_probe             = 0.01
  risk_decay             = 0.5
  risk_decay_type        = linear
  risk_decay_beta        = 0.001
  risk_alpha             = 0.3
  consider_current_layer_in_risk = True
Loading checkpoint shards:   0%|          | 0/2 [00:00<?, ?it/s]Loading checkpoint shards:  50%|█████     | 1/2 [00:03<00:03,  3.66s/it]Loading checkpoint shards: 100%|██████████| 2/2 [00:05<00:00,  2.33s/it]Loading checkpoint shards: 100%|██████████| 2/2 [00:05<00:00,  2.53s/it]
use device  cuda:0
target sparsity 0.7
pruning starts
loading calibration data
dataset loading complete
after adjustment [0.33585465 0.36875322 0.3512834  0.40210265 0.35249633 0.3409298
 0.36067232 0.35234964 0.33829498 0.3349567  0.33409894 0.3317357
 0.32949808 0.31908828 0.31300545 0.29712495 0.2858654  0.2781189
 0.27168593 0.26542023 0.2608     0.26085347 0.25803164 0.25776088
 0.2538181  0.25788656 0.25088722 0.24781239 0.24672535 0.24210265
 0.25050032 0.24948625] mean 0.3 max 0.40210265 min 0.24210265
pruning layer 0 name self_attn.q_proj
pruning layer 0 name self_attn.k_proj
pruning layer 0 name self_attn.v_proj
pruning layer 0 name self_attn.o_proj
pruning layer 0 name mlp.gate_proj
pruning layer 0 name mlp.down_proj
pruning layer 0 name mlp.up_proj
pruning layer 1 name self_attn.q_proj
pruning layer 1 name self_attn.k_proj
pruning layer 1 name self_attn.v_proj
pruning layer 1 name self_attn.o_proj
pruning layer 1 name mlp.gate_proj
pruning layer 1 name mlp.down_proj
pruning layer 1 name mlp.up_proj
pruning layer 2 name self_attn.q_proj
pruning layer 2 name self_attn.k_proj
pruning layer 2 name self_attn.v_proj
pruning layer 2 name self_attn.o_proj
pruning layer 2 name mlp.gate_proj
pruning layer 2 name mlp.down_proj
pruning layer 2 name mlp.up_proj
pruning layer 3 name self_attn.q_proj
pruning layer 3 name self_attn.k_proj
pruning layer 3 name self_attn.v_proj
pruning layer 3 name self_attn.o_proj
pruning layer 3 name mlp.gate_proj
pruning layer 3 name mlp.down_proj
pruning layer 3 name mlp.up_proj
pruning layer 4 name self_attn.q_proj
pruning layer 4 name self_attn.k_proj
pruning layer 4 name self_attn.v_proj
pruning layer 4 name self_attn.o_proj
pruning layer 4 name mlp.gate_proj
pruning layer 4 name mlp.down_proj
pruning layer 4 name mlp.up_proj
pruning layer 5 name self_attn.q_proj
pruning layer 5 name self_attn.k_proj
pruning layer 5 name self_attn.v_proj
pruning layer 5 name self_attn.o_proj
pruning layer 5 name mlp.gate_proj
pruning layer 5 name mlp.down_proj
pruning layer 5 name mlp.up_proj
pruning layer 6 name self_attn.q_proj
pruning layer 6 name self_attn.k_proj
pruning layer 6 name self_attn.v_proj
pruning layer 6 name self_attn.o_proj
pruning layer 6 name mlp.gate_proj
pruning layer 6 name mlp.down_proj
pruning layer 6 name mlp.up_proj
pruning layer 7 name self_attn.q_proj
pruning layer 7 name self_attn.k_proj
pruning layer 7 name self_attn.v_proj
pruning layer 7 name self_attn.o_proj
pruning layer 7 name mlp.gate_proj
pruning layer 7 name mlp.down_proj
pruning layer 7 name mlp.up_proj
pruning layer 8 name self_attn.q_proj
pruning layer 8 name self_attn.k_proj
pruning layer 8 name self_attn.v_proj
pruning layer 8 name self_attn.o_proj
pruning layer 8 name mlp.gate_proj
pruning layer 8 name mlp.down_proj
pruning layer 8 name mlp.up_proj
pruning layer 9 name self_attn.q_proj
pruning layer 9 name self_attn.k_proj
pruning layer 9 name self_attn.v_proj
pruning layer 9 name self_attn.o_proj
pruning layer 9 name mlp.gate_proj
pruning layer 9 name mlp.down_proj
pruning layer 9 name mlp.up_proj
pruning layer 10 name self_attn.q_proj
pruning layer 10 name self_attn.k_proj
pruning layer 10 name self_attn.v_proj
pruning layer 10 name self_attn.o_proj
pruning layer 10 name mlp.gate_proj
pruning layer 10 name mlp.down_proj
pruning layer 10 name mlp.up_proj
pruning layer 11 name self_attn.q_proj
pruning layer 11 name self_attn.k_proj
pruning layer 11 name self_attn.v_proj
pruning layer 11 name self_attn.o_proj
pruning layer 11 name mlp.gate_proj
pruning layer 11 name mlp.down_proj
pruning layer 11 name mlp.up_proj
pruning layer 12 name self_attn.q_proj
pruning layer 12 name self_attn.k_proj
pruning layer 12 name self_attn.v_proj
pruning layer 12 name self_attn.o_proj
pruning layer 12 name mlp.gate_proj
pruning layer 12 name mlp.down_proj
pruning layer 12 name mlp.up_proj
pruning layer 13 name self_attn.q_proj
pruning layer 13 name self_attn.k_proj
pruning layer 13 name self_attn.v_proj
pruning layer 13 name self_attn.o_proj
pruning layer 13 name mlp.gate_proj
pruning layer 13 name mlp.down_proj
pruning layer 13 name mlp.up_proj
pruning layer 14 name self_attn.q_proj
pruning layer 14 name self_attn.k_proj
pruning layer 14 name self_attn.v_proj
pruning layer 14 name self_attn.o_proj
pruning layer 14 name mlp.gate_proj
pruning layer 14 name mlp.down_proj
pruning layer 14 name mlp.up_proj
pruning layer 15 name self_attn.q_proj
pruning layer 15 name self_attn.k_proj
pruning layer 15 name self_attn.v_proj
pruning layer 15 name self_attn.o_proj
pruning layer 15 name mlp.gate_proj
pruning layer 15 name mlp.down_proj
pruning layer 15 name mlp.up_proj
pruning layer 16 name self_attn.q_proj
pruning layer 16 name self_attn.k_proj
pruning layer 16 name self_attn.v_proj
pruning layer 16 name self_attn.o_proj
pruning layer 16 name mlp.gate_proj
pruning layer 16 name mlp.down_proj
pruning layer 16 name mlp.up_proj
pruning layer 17 name self_attn.q_proj
pruning layer 17 name self_attn.k_proj
pruning layer 17 name self_attn.v_proj
pruning layer 17 name self_attn.o_proj
pruning layer 17 name mlp.gate_proj
pruning layer 17 name mlp.down_proj
pruning layer 17 name mlp.up_proj
pruning layer 18 name self_attn.q_proj
pruning layer 18 name self_attn.k_proj
pruning layer 18 name self_attn.v_proj
pruning layer 18 name self_attn.o_proj
pruning layer 18 name mlp.gate_proj
pruning layer 18 name mlp.down_proj
pruning layer 18 name mlp.up_proj
pruning layer 19 name self_attn.q_proj
pruning layer 19 name self_attn.k_proj
pruning layer 19 name self_attn.v_proj
pruning layer 19 name self_attn.o_proj
pruning layer 19 name mlp.gate_proj
pruning layer 19 name mlp.down_proj
pruning layer 19 name mlp.up_proj
pruning layer 20 name self_attn.q_proj
pruning layer 20 name self_attn.k_proj
pruning layer 20 name self_attn.v_proj
pruning layer 20 name self_attn.o_proj
pruning layer 20 name mlp.gate_proj
pruning layer 20 name mlp.down_proj
pruning layer 20 name mlp.up_proj
pruning layer 21 name self_attn.q_proj
pruning layer 21 name self_attn.k_proj
pruning layer 21 name self_attn.v_proj
pruning layer 21 name self_attn.o_proj
pruning layer 21 name mlp.gate_proj
pruning layer 21 name mlp.down_proj
pruning layer 21 name mlp.up_proj
pruning layer 22 name self_attn.q_proj
pruning layer 22 name self_attn.k_proj
pruning layer 22 name self_attn.v_proj
pruning layer 22 name self_attn.o_proj
pruning layer 22 name mlp.gate_proj
pruning layer 22 name mlp.down_proj
pruning layer 22 name mlp.up_proj
pruning layer 23 name self_attn.q_proj
pruning layer 23 name self_attn.k_proj
pruning layer 23 name self_attn.v_proj
pruning layer 23 name self_attn.o_proj
pruning layer 23 name mlp.gate_proj
pruning layer 23 name mlp.down_proj
pruning layer 23 name mlp.up_proj
pruning layer 24 name self_attn.q_proj
pruning layer 24 name self_attn.k_proj
pruning layer 24 name self_attn.v_proj
pruning layer 24 name self_attn.o_proj
pruning layer 24 name mlp.gate_proj
pruning layer 24 name mlp.down_proj
pruning layer 24 name mlp.up_proj
pruning layer 25 name self_attn.q_proj
pruning layer 25 name self_attn.k_proj
pruning layer 25 name self_attn.v_proj
pruning layer 25 name self_attn.o_proj
pruning layer 25 name mlp.gate_proj
pruning layer 25 name mlp.down_proj
pruning layer 25 name mlp.up_proj
pruning layer 26 name self_attn.q_proj
pruning layer 26 name self_attn.k_proj
pruning layer 26 name self_attn.v_proj
pruning layer 26 name self_attn.o_proj
pruning layer 26 name mlp.gate_proj
pruning layer 26 name mlp.down_proj
pruning layer 26 name mlp.up_proj
pruning layer 27 name self_attn.q_proj
pruning layer 27 name self_attn.k_proj
pruning layer 27 name self_attn.v_proj
pruning layer 27 name self_attn.o_proj
pruning layer 27 name mlp.gate_proj
pruning layer 27 name mlp.down_proj
pruning layer 27 name mlp.up_proj
pruning layer 28 name self_attn.q_proj
pruning layer 28 name self_attn.k_proj
pruning layer 28 name self_attn.v_proj
pruning layer 28 name self_attn.o_proj
pruning layer 28 name mlp.gate_proj
pruning layer 28 name mlp.down_proj
pruning layer 28 name mlp.up_proj
pruning layer 29 name self_attn.q_proj
pruning layer 29 name self_attn.k_proj
pruning layer 29 name self_attn.v_proj
pruning layer 29 name self_attn.o_proj
pruning layer 29 name mlp.gate_proj
pruning layer 29 name mlp.down_proj
pruning layer 29 name mlp.up_proj
pruning layer 30 name self_attn.q_proj
pruning layer 30 name self_attn.k_proj
pruning layer 30 name self_attn.v_proj
pruning layer 30 name self_attn.o_proj
pruning layer 30 name mlp.gate_proj
pruning layer 30 name mlp.down_proj
pruning layer 30 name mlp.up_proj
pruning layer 31 name self_attn.q_proj
pruning layer 31 name self_attn.k_proj
pruning layer 31 name self_attn.v_proj
pruning layer 31 name self_attn.o_proj
pruning layer 31 name mlp.gate_proj
pruning layer 31 name mlp.down_proj
pruning layer 31 name mlp.up_proj
******************************
layer 0 sparsity 0.664062
layer 1 sparsity 0.631120
layer 2 sparsity 0.648688
layer 3 sparsity 0.597697
layer 4 sparsity 0.647456
layer 5 sparsity 0.658965
layer 6 sparsity 0.639183
layer 7 sparsity 0.647496
layer 8 sparsity 0.661639
layer 9 sparsity 0.665024
layer 10 sparsity 0.665796
layer 11 sparsity 0.668219
layer 12 sparsity 0.670413
layer 13 sparsity 0.680899
layer 14 sparsity 0.686809
layer 15 sparsity 0.702685
layer 16 sparsity 0.714113
layer 17 sparsity 0.721715
layer 18 sparsity 0.728275
layer 19 sparsity 0.734415
layer 20 sparsity 0.739053
layer 21 sparsity 0.739033
layer 22 sparsity 0.741937
layer 23 sparsity 0.742188
layer 24 sparsity 0.746094
layer 25 sparsity 0.741978
layer 26 sparsity 0.749039
layer 27 sparsity 0.752004
layer 28 sparsity 0.753195
layer 29 sparsity 0.757812
layer 30 sparsity 0.749309
layer 31 sparsity 0.750481
sparsity sanity check 0.6999
******************************
evaluating on wikitext2
nsamples 166
sample 0
sample 50
sample 100
sample 150
begin calcualte ppl
[TIME] this run took 473.37 seconds (7.89 min)
[RESULT] final ppl on wikitext = 31.2077
===== 1|0.01|0.5|linear|0.001|0.35|False | 443s | exit=0 =====
/home/xiaokang/miniconda3/envs/prune_llm/lib/python3.9/site-packages/torch/torch_version.py:3: UserWarning: pkg_resources is deprecated as an API. See https://setuptools.pypa.io/en/latest/pkg_resources.html. The pkg_resources package is slated for removal as early as 2025-11-30. Refrain from using this package or pin to Setuptools<81.
  from pkg_resources import packaging  # type: ignore[attr-defined]
[DEBUG] running: /home/xiaokang/OWL/OWL-version2/risk-prune/main.py
[DEBUG] HF_ENDPOINT env: None
[DEBUG] HfApi endpoint: https://huggingface.co
# of gpus:  1
[DEBUG] Parsed args:
  nsamples               = 32
  risk_k                 = 1
  risk_probe             = 0.01
  risk_decay             = 0.5
  risk_decay_type        = linear
  risk_decay_beta        = 0.001
  risk_alpha             = 0.35
  consider_current_layer_in_risk = True
Loading checkpoint shards:   0%|          | 0/2 [00:00<?, ?it/s]Loading checkpoint shards:  50%|█████     | 1/2 [00:03<00:03,  3.64s/it]Loading checkpoint shards: 100%|██████████| 2/2 [00:05<00:00,  2.32s/it]Loading checkpoint shards: 100%|██████████| 2/2 [00:05<00:00,  2.52s/it]
use device  cuda:0
target sparsity 0.7
pruning starts
loading calibration data
dataset loading complete
after adjustment [0.33983362 0.37938267 0.3501012  0.40162256 0.351608   0.34000438
 0.36007538 0.35177913 0.3377064  0.33443546 0.33366096 0.33135897
 0.3291717  0.31867656 0.31265378 0.29675323 0.28556222 0.2776522
 0.2712654  0.264974   0.26042607 0.2604155  0.25767297 0.25742325
 0.2534231  0.25767553 0.2506245  0.24742891 0.24634469 0.24162257
 0.25197396 0.24669151] mean 0.3 max 0.40162256 min 0.24162257
pruning layer 0 name self_attn.q_proj
pruning layer 0 name self_attn.k_proj
pruning layer 0 name self_attn.v_proj
pruning layer 0 name self_attn.o_proj
pruning layer 0 name mlp.gate_proj
pruning layer 0 name mlp.down_proj
pruning layer 0 name mlp.up_proj
pruning layer 1 name self_attn.q_proj
pruning layer 1 name self_attn.k_proj
pruning layer 1 name self_attn.v_proj
pruning layer 1 name self_attn.o_proj
pruning layer 1 name mlp.gate_proj
pruning layer 1 name mlp.down_proj
pruning layer 1 name mlp.up_proj
pruning layer 2 name self_attn.q_proj
pruning layer 2 name self_attn.k_proj
pruning layer 2 name self_attn.v_proj
pruning layer 2 name self_attn.o_proj
pruning layer 2 name mlp.gate_proj
pruning layer 2 name mlp.down_proj
pruning layer 2 name mlp.up_proj
pruning layer 3 name self_attn.q_proj
pruning layer 3 name self_attn.k_proj
pruning layer 3 name self_attn.v_proj
pruning layer 3 name self_attn.o_proj
pruning layer 3 name mlp.gate_proj
pruning layer 3 name mlp.down_proj
pruning layer 3 name mlp.up_proj
pruning layer 4 name self_attn.q_proj
pruning layer 4 name self_attn.k_proj
pruning layer 4 name self_attn.v_proj
pruning layer 4 name self_attn.o_proj
pruning layer 4 name mlp.gate_proj
pruning layer 4 name mlp.down_proj
pruning layer 4 name mlp.up_proj
pruning layer 5 name self_attn.q_proj
pruning layer 5 name self_attn.k_proj
pruning layer 5 name self_attn.v_proj
pruning layer 5 name self_attn.o_proj
pruning layer 5 name mlp.gate_proj
pruning layer 5 name mlp.down_proj
pruning layer 5 name mlp.up_proj
pruning layer 6 name self_attn.q_proj
pruning layer 6 name self_attn.k_proj
pruning layer 6 name self_attn.v_proj
pruning layer 6 name self_attn.o_proj
pruning layer 6 name mlp.gate_proj
pruning layer 6 name mlp.down_proj
pruning layer 6 name mlp.up_proj
pruning layer 7 name self_attn.q_proj
pruning layer 7 name self_attn.k_proj
pruning layer 7 name self_attn.v_proj
pruning layer 7 name self_attn.o_proj
pruning layer 7 name mlp.gate_proj
pruning layer 7 name mlp.down_proj
pruning layer 7 name mlp.up_proj
pruning layer 8 name self_attn.q_proj
pruning layer 8 name self_attn.k_proj
pruning layer 8 name self_attn.v_proj
pruning layer 8 name self_attn.o_proj
pruning layer 8 name mlp.gate_proj
pruning layer 8 name mlp.down_proj
pruning layer 8 name mlp.up_proj
pruning layer 9 name self_attn.q_proj
pruning layer 9 name self_attn.k_proj
pruning layer 9 name self_attn.v_proj
pruning layer 9 name self_attn.o_proj
pruning layer 9 name mlp.gate_proj
pruning layer 9 name mlp.down_proj
pruning layer 9 name mlp.up_proj
pruning layer 10 name self_attn.q_proj
pruning layer 10 name self_attn.k_proj
pruning layer 10 name self_attn.v_proj
pruning layer 10 name self_attn.o_proj
pruning layer 10 name mlp.gate_proj
pruning layer 10 name mlp.down_proj
pruning layer 10 name mlp.up_proj
pruning layer 11 name self_attn.q_proj
pruning layer 11 name self_attn.k_proj
pruning layer 11 name self_attn.v_proj
pruning layer 11 name self_attn.o_proj
pruning layer 11 name mlp.gate_proj
pruning layer 11 name mlp.down_proj
pruning layer 11 name mlp.up_proj
pruning layer 12 name self_attn.q_proj
pruning layer 12 name self_attn.k_proj
pruning layer 12 name self_attn.v_proj
pruning layer 12 name self_attn.o_proj
pruning layer 12 name mlp.gate_proj
pruning layer 12 name mlp.down_proj
pruning layer 12 name mlp.up_proj
pruning layer 13 name self_attn.q_proj
pruning layer 13 name self_attn.k_proj
pruning layer 13 name self_attn.v_proj
pruning layer 13 name self_attn.o_proj
pruning layer 13 name mlp.gate_proj
pruning layer 13 name mlp.down_proj
pruning layer 13 name mlp.up_proj
pruning layer 14 name self_attn.q_proj
pruning layer 14 name self_attn.k_proj
pruning layer 14 name self_attn.v_proj
pruning layer 14 name self_attn.o_proj
pruning layer 14 name mlp.gate_proj
pruning layer 14 name mlp.down_proj
pruning layer 14 name mlp.up_proj
pruning layer 15 name self_attn.q_proj
pruning layer 15 name self_attn.k_proj
pruning layer 15 name self_attn.v_proj
pruning layer 15 name self_attn.o_proj
pruning layer 15 name mlp.gate_proj
pruning layer 15 name mlp.down_proj
pruning layer 15 name mlp.up_proj
pruning layer 16 name self_attn.q_proj
pruning layer 16 name self_attn.k_proj
pruning layer 16 name self_attn.v_proj
pruning layer 16 name self_attn.o_proj
pruning layer 16 name mlp.gate_proj
pruning layer 16 name mlp.down_proj
pruning layer 16 name mlp.up_proj
pruning layer 17 name self_attn.q_proj
pruning layer 17 name self_attn.k_proj
pruning layer 17 name self_attn.v_proj
pruning layer 17 name self_attn.o_proj
pruning layer 17 name mlp.gate_proj
pruning layer 17 name mlp.down_proj
pruning layer 17 name mlp.up_proj
pruning layer 18 name self_attn.q_proj
pruning layer 18 name self_attn.k_proj
pruning layer 18 name self_attn.v_proj
pruning layer 18 name self_attn.o_proj
pruning layer 18 name mlp.gate_proj
pruning layer 18 name mlp.down_proj
pruning layer 18 name mlp.up_proj
pruning layer 19 name self_attn.q_proj
pruning layer 19 name self_attn.k_proj
pruning layer 19 name self_attn.v_proj
pruning layer 19 name self_attn.o_proj
pruning layer 19 name mlp.gate_proj
pruning layer 19 name mlp.down_proj
pruning layer 19 name mlp.up_proj
pruning layer 20 name self_attn.q_proj
pruning layer 20 name self_attn.k_proj
pruning layer 20 name self_attn.v_proj
pruning layer 20 name self_attn.o_proj
pruning layer 20 name mlp.gate_proj
pruning layer 20 name mlp.down_proj
pruning layer 20 name mlp.up_proj
pruning layer 21 name self_attn.q_proj
pruning layer 21 name self_attn.k_proj
pruning layer 21 name self_attn.v_proj
pruning layer 21 name self_attn.o_proj
pruning layer 21 name mlp.gate_proj
pruning layer 21 name mlp.down_proj
pruning layer 21 name mlp.up_proj
pruning layer 22 name self_attn.q_proj
pruning layer 22 name self_attn.k_proj
pruning layer 22 name self_attn.v_proj
pruning layer 22 name self_attn.o_proj
pruning layer 22 name mlp.gate_proj
pruning layer 22 name mlp.down_proj
pruning layer 22 name mlp.up_proj
pruning layer 23 name self_attn.q_proj
pruning layer 23 name self_attn.k_proj
pruning layer 23 name self_attn.v_proj
pruning layer 23 name self_attn.o_proj
pruning layer 23 name mlp.gate_proj
pruning layer 23 name mlp.down_proj
pruning layer 23 name mlp.up_proj
pruning layer 24 name self_attn.q_proj
pruning layer 24 name self_attn.k_proj
pruning layer 24 name self_attn.v_proj
pruning layer 24 name self_attn.o_proj
pruning layer 24 name mlp.gate_proj
pruning layer 24 name mlp.down_proj
pruning layer 24 name mlp.up_proj
pruning layer 25 name self_attn.q_proj
pruning layer 25 name self_attn.k_proj
pruning layer 25 name self_attn.v_proj
pruning layer 25 name self_attn.o_proj
pruning layer 25 name mlp.gate_proj
pruning layer 25 name mlp.down_proj
pruning layer 25 name mlp.up_proj
pruning layer 26 name self_attn.q_proj
pruning layer 26 name self_attn.k_proj
pruning layer 26 name self_attn.v_proj
pruning layer 26 name self_attn.o_proj
pruning layer 26 name mlp.gate_proj
pruning layer 26 name mlp.down_proj
pruning layer 26 name mlp.up_proj
pruning layer 27 name self_attn.q_proj
pruning layer 27 name self_attn.k_proj
pruning layer 27 name self_attn.v_proj
pruning layer 27 name self_attn.o_proj
pruning layer 27 name mlp.gate_proj
pruning layer 27 name mlp.down_proj
pruning layer 27 name mlp.up_proj
pruning layer 28 name self_attn.q_proj
pruning layer 28 name self_attn.k_proj
pruning layer 28 name self_attn.v_proj
pruning layer 28 name self_attn.o_proj
pruning layer 28 name mlp.gate_proj
pruning layer 28 name mlp.down_proj
pruning layer 28 name mlp.up_proj
pruning layer 29 name self_attn.q_proj
pruning layer 29 name self_attn.k_proj
pruning layer 29 name self_attn.v_proj
pruning layer 29 name self_attn.o_proj
pruning layer 29 name mlp.gate_proj
pruning layer 29 name mlp.down_proj
pruning layer 29 name mlp.up_proj
pruning layer 30 name self_attn.q_proj
pruning layer 30 name self_attn.k_proj
pruning layer 30 name self_attn.v_proj
pruning layer 30 name self_attn.o_proj
pruning layer 30 name mlp.gate_proj
pruning layer 30 name mlp.down_proj
pruning layer 30 name mlp.up_proj
pruning layer 31 name self_attn.q_proj
pruning layer 31 name self_attn.k_proj
pruning layer 31 name self_attn.v_proj
pruning layer 31 name self_attn.o_proj
pruning layer 31 name mlp.gate_proj
pruning layer 31 name mlp.down_proj
pruning layer 31 name mlp.up_proj
******************************
layer 0 sparsity 0.660156
layer 1 sparsity 0.620593
layer 2 sparsity 0.649710
layer 3 sparsity 0.598177
layer 4 sparsity 0.648228
layer 5 sparsity 0.659926
layer 6 sparsity 0.639894
layer 7 sparsity 0.648187
layer 8 sparsity 0.662140
layer 9 sparsity 0.665525
layer 10 sparsity 0.666276
layer 11 sparsity 0.668490
layer 12 sparsity 0.670683
layer 13 sparsity 0.681190
layer 14 sparsity 0.687270
layer 15 sparsity 0.703145
layer 16 sparsity 0.714363
layer 17 sparsity 0.722196
layer 18 sparsity 0.728546
layer 19 sparsity 0.734896
layer 20 sparsity 0.739513
layer 21 sparsity 0.739513
layer 22 sparsity 0.742208
layer 23 sparsity 0.742458
layer 24 sparsity 0.746385
layer 25 sparsity 0.742208
layer 26 sparsity 0.749289
layer 27 sparsity 0.752464
layer 28 sparsity 0.753466
layer 29 sparsity 0.758313
layer 30 sparsity 0.747847
layer 31 sparsity 0.753195
sparsity sanity check 0.6999
******************************
evaluating on wikitext2
nsamples 166
sample 0
sample 50
sample 100
sample 150
begin calcualte ppl
[TIME] this run took 440.28 seconds (7.34 min)
[RESULT] final ppl on wikitext = 31.2691
===== 1|0.01|0.5|linear|0.001|0.35|True | 442s | exit=0 =====
/home/xiaokang/miniconda3/envs/prune_llm/lib/python3.9/site-packages/torch/torch_version.py:3: UserWarning: pkg_resources is deprecated as an API. See https://setuptools.pypa.io/en/latest/pkg_resources.html. The pkg_resources package is slated for removal as early as 2025-11-30. Refrain from using this package or pin to Setuptools<81.
  from pkg_resources import packaging  # type: ignore[attr-defined]
[DEBUG] running: /home/xiaokang/OWL/OWL-version2/risk-prune/main.py
[DEBUG] HF_ENDPOINT env: None
[DEBUG] HfApi endpoint: https://huggingface.co
# of gpus:  1
[DEBUG] Parsed args:
  nsamples               = 32
  risk_k                 = 1
  risk_probe             = 0.01
  risk_decay             = 0.5
  risk_decay_type        = linear
  risk_decay_beta        = 0.001
  risk_alpha             = 0.35
  consider_current_layer_in_risk = True
Loading checkpoint shards:   0%|          | 0/2 [00:00<?, ?it/s]Loading checkpoint shards:  50%|█████     | 1/2 [00:03<00:03,  3.65s/it]Loading checkpoint shards: 100%|██████████| 2/2 [00:05<00:00,  2.33s/it]Loading checkpoint shards: 100%|██████████| 2/2 [00:05<00:00,  2.53s/it]
use device  cuda:0
target sparsity 0.7
pruning starts
loading calibration data
dataset loading complete
after adjustment [0.33983362 0.37938267 0.3501012  0.40162256 0.351608   0.34000438
 0.36007538 0.35177913 0.3377064  0.33443546 0.33366096 0.33135897
 0.3291717  0.31867656 0.31265378 0.29675323 0.28556222 0.2776522
 0.2712654  0.264974   0.26042607 0.2604155  0.25767297 0.25742325
 0.2534231  0.25767553 0.2506245  0.24742891 0.24634469 0.24162257
 0.25197396 0.24669151] mean 0.3 max 0.40162256 min 0.24162257
pruning layer 0 name self_attn.q_proj
pruning layer 0 name self_attn.k_proj
pruning layer 0 name self_attn.v_proj
pruning layer 0 name self_attn.o_proj
pruning layer 0 name mlp.gate_proj
pruning layer 0 name mlp.down_proj
pruning layer 0 name mlp.up_proj
pruning layer 1 name self_attn.q_proj
pruning layer 1 name self_attn.k_proj
pruning layer 1 name self_attn.v_proj
pruning layer 1 name self_attn.o_proj
pruning layer 1 name mlp.gate_proj
pruning layer 1 name mlp.down_proj
pruning layer 1 name mlp.up_proj
pruning layer 2 name self_attn.q_proj
pruning layer 2 name self_attn.k_proj
pruning layer 2 name self_attn.v_proj
pruning layer 2 name self_attn.o_proj
pruning layer 2 name mlp.gate_proj
pruning layer 2 name mlp.down_proj
pruning layer 2 name mlp.up_proj
pruning layer 3 name self_attn.q_proj
pruning layer 3 name self_attn.k_proj
pruning layer 3 name self_attn.v_proj
pruning layer 3 name self_attn.o_proj
pruning layer 3 name mlp.gate_proj
pruning layer 3 name mlp.down_proj
pruning layer 3 name mlp.up_proj
pruning layer 4 name self_attn.q_proj
pruning layer 4 name self_attn.k_proj
pruning layer 4 name self_attn.v_proj
pruning layer 4 name self_attn.o_proj
pruning layer 4 name mlp.gate_proj
pruning layer 4 name mlp.down_proj
pruning layer 4 name mlp.up_proj
pruning layer 5 name self_attn.q_proj
pruning layer 5 name self_attn.k_proj
pruning layer 5 name self_attn.v_proj
pruning layer 5 name self_attn.o_proj
pruning layer 5 name mlp.gate_proj
pruning layer 5 name mlp.down_proj
pruning layer 5 name mlp.up_proj
pruning layer 6 name self_attn.q_proj
pruning layer 6 name self_attn.k_proj
pruning layer 6 name self_attn.v_proj
pruning layer 6 name self_attn.o_proj
pruning layer 6 name mlp.gate_proj
pruning layer 6 name mlp.down_proj
pruning layer 6 name mlp.up_proj
pruning layer 7 name self_attn.q_proj
pruning layer 7 name self_attn.k_proj
pruning layer 7 name self_attn.v_proj
pruning layer 7 name self_attn.o_proj
pruning layer 7 name mlp.gate_proj
pruning layer 7 name mlp.down_proj
pruning layer 7 name mlp.up_proj
pruning layer 8 name self_attn.q_proj
pruning layer 8 name self_attn.k_proj
pruning layer 8 name self_attn.v_proj
pruning layer 8 name self_attn.o_proj
pruning layer 8 name mlp.gate_proj
pruning layer 8 name mlp.down_proj
pruning layer 8 name mlp.up_proj
pruning layer 9 name self_attn.q_proj
pruning layer 9 name self_attn.k_proj
pruning layer 9 name self_attn.v_proj
pruning layer 9 name self_attn.o_proj
pruning layer 9 name mlp.gate_proj
pruning layer 9 name mlp.down_proj
pruning layer 9 name mlp.up_proj
pruning layer 10 name self_attn.q_proj
pruning layer 10 name self_attn.k_proj
pruning layer 10 name self_attn.v_proj
pruning layer 10 name self_attn.o_proj
pruning layer 10 name mlp.gate_proj
pruning layer 10 name mlp.down_proj
pruning layer 10 name mlp.up_proj
pruning layer 11 name self_attn.q_proj
pruning layer 11 name self_attn.k_proj
pruning layer 11 name self_attn.v_proj
pruning layer 11 name self_attn.o_proj
pruning layer 11 name mlp.gate_proj
pruning layer 11 name mlp.down_proj
pruning layer 11 name mlp.up_proj
pruning layer 12 name self_attn.q_proj
pruning layer 12 name self_attn.k_proj
pruning layer 12 name self_attn.v_proj
pruning layer 12 name self_attn.o_proj
pruning layer 12 name mlp.gate_proj
pruning layer 12 name mlp.down_proj
pruning layer 12 name mlp.up_proj
pruning layer 13 name self_attn.q_proj
pruning layer 13 name self_attn.k_proj
pruning layer 13 name self_attn.v_proj
pruning layer 13 name self_attn.o_proj
pruning layer 13 name mlp.gate_proj
pruning layer 13 name mlp.down_proj
pruning layer 13 name mlp.up_proj
pruning layer 14 name self_attn.q_proj
pruning layer 14 name self_attn.k_proj
pruning layer 14 name self_attn.v_proj
pruning layer 14 name self_attn.o_proj
pruning layer 14 name mlp.gate_proj
pruning layer 14 name mlp.down_proj
pruning layer 14 name mlp.up_proj
pruning layer 15 name self_attn.q_proj
pruning layer 15 name self_attn.k_proj
pruning layer 15 name self_attn.v_proj
pruning layer 15 name self_attn.o_proj
pruning layer 15 name mlp.gate_proj
pruning layer 15 name mlp.down_proj
pruning layer 15 name mlp.up_proj
pruning layer 16 name self_attn.q_proj
pruning layer 16 name self_attn.k_proj
pruning layer 16 name self_attn.v_proj
pruning layer 16 name self_attn.o_proj
pruning layer 16 name mlp.gate_proj
pruning layer 16 name mlp.down_proj
pruning layer 16 name mlp.up_proj
pruning layer 17 name self_attn.q_proj
pruning layer 17 name self_attn.k_proj
pruning layer 17 name self_attn.v_proj
pruning layer 17 name self_attn.o_proj
pruning layer 17 name mlp.gate_proj
pruning layer 17 name mlp.down_proj
pruning layer 17 name mlp.up_proj
pruning layer 18 name self_attn.q_proj
pruning layer 18 name self_attn.k_proj
pruning layer 18 name self_attn.v_proj
pruning layer 18 name self_attn.o_proj
pruning layer 18 name mlp.gate_proj
pruning layer 18 name mlp.down_proj
pruning layer 18 name mlp.up_proj
pruning layer 19 name self_attn.q_proj
pruning layer 19 name self_attn.k_proj
pruning layer 19 name self_attn.v_proj
pruning layer 19 name self_attn.o_proj
pruning layer 19 name mlp.gate_proj
pruning layer 19 name mlp.down_proj
pruning layer 19 name mlp.up_proj
pruning layer 20 name self_attn.q_proj
pruning layer 20 name self_attn.k_proj
pruning layer 20 name self_attn.v_proj
pruning layer 20 name self_attn.o_proj
pruning layer 20 name mlp.gate_proj
pruning layer 20 name mlp.down_proj
pruning layer 20 name mlp.up_proj
pruning layer 21 name self_attn.q_proj
pruning layer 21 name self_attn.k_proj
pruning layer 21 name self_attn.v_proj
pruning layer 21 name self_attn.o_proj
pruning layer 21 name mlp.gate_proj
pruning layer 21 name mlp.down_proj
pruning layer 21 name mlp.up_proj
pruning layer 22 name self_attn.q_proj
pruning layer 22 name self_attn.k_proj
pruning layer 22 name self_attn.v_proj
pruning layer 22 name self_attn.o_proj
pruning layer 22 name mlp.gate_proj
pruning layer 22 name mlp.down_proj
pruning layer 22 name mlp.up_proj
pruning layer 23 name self_attn.q_proj
pruning layer 23 name self_attn.k_proj
pruning layer 23 name self_attn.v_proj
pruning layer 23 name self_attn.o_proj
pruning layer 23 name mlp.gate_proj
pruning layer 23 name mlp.down_proj
pruning layer 23 name mlp.up_proj
pruning layer 24 name self_attn.q_proj
pruning layer 24 name self_attn.k_proj
pruning layer 24 name self_attn.v_proj
pruning layer 24 name self_attn.o_proj
pruning layer 24 name mlp.gate_proj
pruning layer 24 name mlp.down_proj
pruning layer 24 name mlp.up_proj
pruning layer 25 name self_attn.q_proj
pruning layer 25 name self_attn.k_proj
pruning layer 25 name self_attn.v_proj
pruning layer 25 name self_attn.o_proj
pruning layer 25 name mlp.gate_proj
pruning layer 25 name mlp.down_proj
pruning layer 25 name mlp.up_proj
pruning layer 26 name self_attn.q_proj
pruning layer 26 name self_attn.k_proj
pruning layer 26 name self_attn.v_proj
pruning layer 26 name self_attn.o_proj
pruning layer 26 name mlp.gate_proj
pruning layer 26 name mlp.down_proj
pruning layer 26 name mlp.up_proj
pruning layer 27 name self_attn.q_proj
pruning layer 27 name self_attn.k_proj
pruning layer 27 name self_attn.v_proj
pruning layer 27 name self_attn.o_proj
pruning layer 27 name mlp.gate_proj
pruning layer 27 name mlp.down_proj
pruning layer 27 name mlp.up_proj
pruning layer 28 name self_attn.q_proj
pruning layer 28 name self_attn.k_proj
pruning layer 28 name self_attn.v_proj
pruning layer 28 name self_attn.o_proj
pruning layer 28 name mlp.gate_proj
pruning layer 28 name mlp.down_proj
pruning layer 28 name mlp.up_proj
pruning layer 29 name self_attn.q_proj
pruning layer 29 name self_attn.k_proj
pruning layer 29 name self_attn.v_proj
pruning layer 29 name self_attn.o_proj
pruning layer 29 name mlp.gate_proj
pruning layer 29 name mlp.down_proj
pruning layer 29 name mlp.up_proj
pruning layer 30 name self_attn.q_proj
pruning layer 30 name self_attn.k_proj
pruning layer 30 name self_attn.v_proj
pruning layer 30 name self_attn.o_proj
pruning layer 30 name mlp.gate_proj
pruning layer 30 name mlp.down_proj
pruning layer 30 name mlp.up_proj
pruning layer 31 name self_attn.q_proj
pruning layer 31 name self_attn.k_proj
pruning layer 31 name self_attn.v_proj
pruning layer 31 name self_attn.o_proj
pruning layer 31 name mlp.gate_proj
pruning layer 31 name mlp.down_proj
pruning layer 31 name mlp.up_proj
******************************
layer 0 sparsity 0.660156
layer 1 sparsity 0.620593
layer 2 sparsity 0.649710
layer 3 sparsity 0.598177
layer 4 sparsity 0.648228
layer 5 sparsity 0.659926
layer 6 sparsity 0.639894
layer 7 sparsity 0.648187
layer 8 sparsity 0.662140
layer 9 sparsity 0.665525
layer 10 sparsity 0.666276
layer 11 sparsity 0.668490
layer 12 sparsity 0.670683
layer 13 sparsity 0.681190
layer 14 sparsity 0.687270
layer 15 sparsity 0.703145
layer 16 sparsity 0.714363
layer 17 sparsity 0.722196
layer 18 sparsity 0.728546
layer 19 sparsity 0.734896
layer 20 sparsity 0.739513
layer 21 sparsity 0.739513
layer 22 sparsity 0.742208
layer 23 sparsity 0.742458
layer 24 sparsity 0.746385
layer 25 sparsity 0.742208
layer 26 sparsity 0.749289
layer 27 sparsity 0.752464
layer 28 sparsity 0.753466
layer 29 sparsity 0.758313
layer 30 sparsity 0.747847
layer 31 sparsity 0.753195
sparsity sanity check 0.6999
******************************
evaluating on wikitext2
nsamples 166
sample 0
sample 50
sample 100
sample 150
begin calcualte ppl
[TIME] this run took 440.02 seconds (7.33 min)
[RESULT] final ppl on wikitext = 31.2691
===== 1|0.01|0.5|linear|0.001|0.4|False | 447s | exit=0 =====
/home/xiaokang/miniconda3/envs/prune_llm/lib/python3.9/site-packages/torch/torch_version.py:3: UserWarning: pkg_resources is deprecated as an API. See https://setuptools.pypa.io/en/latest/pkg_resources.html. The pkg_resources package is slated for removal as early as 2025-11-30. Refrain from using this package or pin to Setuptools<81.
  from pkg_resources import packaging  # type: ignore[attr-defined]
[DEBUG] running: /home/xiaokang/OWL/OWL-version2/risk-prune/main.py
[DEBUG] HF_ENDPOINT env: None
[DEBUG] HfApi endpoint: https://huggingface.co
# of gpus:  1
[DEBUG] Parsed args:
  nsamples               = 32
  risk_k                 = 1
  risk_probe             = 0.01
  risk_decay             = 0.5
  risk_decay_type        = linear
  risk_decay_beta        = 0.001
  risk_alpha             = 0.4
  consider_current_layer_in_risk = True
Loading checkpoint shards:   0%|          | 0/2 [00:00<?, ?it/s]Loading checkpoint shards:  50%|█████     | 1/2 [00:03<00:03,  3.62s/it]Loading checkpoint shards: 100%|██████████| 2/2 [00:05<00:00,  2.31s/it]Loading checkpoint shards: 100%|██████████| 2/2 [00:05<00:00,  2.51s/it]
use device  cuda:0
target sparsity 0.7
pruning starts
loading calibration data
dataset loading complete
after adjustment [0.34460053 0.39211708 0.34868488 0.4010474  0.3505438  0.33889568
 0.35936025 0.35109565 0.33700123 0.33381104 0.3331363  0.33090764
 0.32878065 0.31818336 0.31223246 0.29630792 0.285199   0.27709308
 0.27076158 0.26443937 0.25997806 0.25989074 0.25724328 0.25701874
 0.2529499  0.2574227  0.25030977 0.24696946 0.24588864 0.2410474
 0.2537394  0.24334332] mean 0.3 max 0.4010474 min 0.2410474
pruning layer 0 name self_attn.q_proj
pruning layer 0 name self_attn.k_proj
pruning layer 0 name self_attn.v_proj
pruning layer 0 name self_attn.o_proj
pruning layer 0 name mlp.gate_proj
pruning layer 0 name mlp.down_proj
pruning layer 0 name mlp.up_proj
pruning layer 1 name self_attn.q_proj
pruning layer 1 name self_attn.k_proj
pruning layer 1 name self_attn.v_proj
pruning layer 1 name self_attn.o_proj
pruning layer 1 name mlp.gate_proj
pruning layer 1 name mlp.down_proj
pruning layer 1 name mlp.up_proj
pruning layer 2 name self_attn.q_proj
pruning layer 2 name self_attn.k_proj
pruning layer 2 name self_attn.v_proj
pruning layer 2 name self_attn.o_proj
pruning layer 2 name mlp.gate_proj
pruning layer 2 name mlp.down_proj
pruning layer 2 name mlp.up_proj
pruning layer 3 name self_attn.q_proj
pruning layer 3 name self_attn.k_proj
pruning layer 3 name self_attn.v_proj
pruning layer 3 name self_attn.o_proj
pruning layer 3 name mlp.gate_proj
pruning layer 3 name mlp.down_proj
pruning layer 3 name mlp.up_proj
pruning layer 4 name self_attn.q_proj
pruning layer 4 name self_attn.k_proj
pruning layer 4 name self_attn.v_proj
pruning layer 4 name self_attn.o_proj
pruning layer 4 name mlp.gate_proj
pruning layer 4 name mlp.down_proj
pruning layer 4 name mlp.up_proj
pruning layer 5 name self_attn.q_proj
pruning layer 5 name self_attn.k_proj
pruning layer 5 name self_attn.v_proj
pruning layer 5 name self_attn.o_proj
pruning layer 5 name mlp.gate_proj
pruning layer 5 name mlp.down_proj
pruning layer 5 name mlp.up_proj
pruning layer 6 name self_attn.q_proj
pruning layer 6 name self_attn.k_proj
pruning layer 6 name self_attn.v_proj
pruning layer 6 name self_attn.o_proj
pruning layer 6 name mlp.gate_proj
pruning layer 6 name mlp.down_proj
pruning layer 6 name mlp.up_proj
pruning layer 7 name self_attn.q_proj
pruning layer 7 name self_attn.k_proj
pruning layer 7 name self_attn.v_proj
pruning layer 7 name self_attn.o_proj
pruning layer 7 name mlp.gate_proj
pruning layer 7 name mlp.down_proj
pruning layer 7 name mlp.up_proj
pruning layer 8 name self_attn.q_proj
pruning layer 8 name self_attn.k_proj
pruning layer 8 name self_attn.v_proj
pruning layer 8 name self_attn.o_proj
pruning layer 8 name mlp.gate_proj
pruning layer 8 name mlp.down_proj
pruning layer 8 name mlp.up_proj
pruning layer 9 name self_attn.q_proj
pruning layer 9 name self_attn.k_proj
pruning layer 9 name self_attn.v_proj
pruning layer 9 name self_attn.o_proj
pruning layer 9 name mlp.gate_proj
pruning layer 9 name mlp.down_proj
pruning layer 9 name mlp.up_proj
pruning layer 10 name self_attn.q_proj
pruning layer 10 name self_attn.k_proj
pruning layer 10 name self_attn.v_proj
pruning layer 10 name self_attn.o_proj
pruning layer 10 name mlp.gate_proj
pruning layer 10 name mlp.down_proj
pruning layer 10 name mlp.up_proj
pruning layer 11 name self_attn.q_proj
pruning layer 11 name self_attn.k_proj
pruning layer 11 name self_attn.v_proj
pruning layer 11 name self_attn.o_proj
pruning layer 11 name mlp.gate_proj
pruning layer 11 name mlp.down_proj
pruning layer 11 name mlp.up_proj
pruning layer 12 name self_attn.q_proj
pruning layer 12 name self_attn.k_proj
pruning layer 12 name self_attn.v_proj
pruning layer 12 name self_attn.o_proj
pruning layer 12 name mlp.gate_proj
pruning layer 12 name mlp.down_proj
pruning layer 12 name mlp.up_proj
pruning layer 13 name self_attn.q_proj
pruning layer 13 name self_attn.k_proj
pruning layer 13 name self_attn.v_proj
pruning layer 13 name self_attn.o_proj
pruning layer 13 name mlp.gate_proj
pruning layer 13 name mlp.down_proj
pruning layer 13 name mlp.up_proj
pruning layer 14 name self_attn.q_proj
pruning layer 14 name self_attn.k_proj
pruning layer 14 name self_attn.v_proj
pruning layer 14 name self_attn.o_proj
pruning layer 14 name mlp.gate_proj
pruning layer 14 name mlp.down_proj
pruning layer 14 name mlp.up_proj
pruning layer 15 name self_attn.q_proj
pruning layer 15 name self_attn.k_proj
pruning layer 15 name self_attn.v_proj
pruning layer 15 name self_attn.o_proj
pruning layer 15 name mlp.gate_proj
pruning layer 15 name mlp.down_proj
pruning layer 15 name mlp.up_proj
pruning layer 16 name self_attn.q_proj
pruning layer 16 name self_attn.k_proj
pruning layer 16 name self_attn.v_proj
pruning layer 16 name self_attn.o_proj
pruning layer 16 name mlp.gate_proj
pruning layer 16 name mlp.down_proj
pruning layer 16 name mlp.up_proj
pruning layer 17 name self_attn.q_proj
pruning layer 17 name self_attn.k_proj
pruning layer 17 name self_attn.v_proj
pruning layer 17 name self_attn.o_proj
pruning layer 17 name mlp.gate_proj
pruning layer 17 name mlp.down_proj
pruning layer 17 name mlp.up_proj
pruning layer 18 name self_attn.q_proj
pruning layer 18 name self_attn.k_proj
pruning layer 18 name self_attn.v_proj
pruning layer 18 name self_attn.o_proj
pruning layer 18 name mlp.gate_proj
pruning layer 18 name mlp.down_proj
pruning layer 18 name mlp.up_proj
pruning layer 19 name self_attn.q_proj
pruning layer 19 name self_attn.k_proj
pruning layer 19 name self_attn.v_proj
pruning layer 19 name self_attn.o_proj
pruning layer 19 name mlp.gate_proj
pruning layer 19 name mlp.down_proj
pruning layer 19 name mlp.up_proj
pruning layer 20 name self_attn.q_proj
pruning layer 20 name self_attn.k_proj
pruning layer 20 name self_attn.v_proj
pruning layer 20 name self_attn.o_proj
pruning layer 20 name mlp.gate_proj
pruning layer 20 name mlp.down_proj
pruning layer 20 name mlp.up_proj
pruning layer 21 name self_attn.q_proj
pruning layer 21 name self_attn.k_proj
pruning layer 21 name self_attn.v_proj
pruning layer 21 name self_attn.o_proj
pruning layer 21 name mlp.gate_proj
pruning layer 21 name mlp.down_proj
pruning layer 21 name mlp.up_proj
pruning layer 22 name self_attn.q_proj
pruning layer 22 name self_attn.k_proj
pruning layer 22 name self_attn.v_proj
pruning layer 22 name self_attn.o_proj
pruning layer 22 name mlp.gate_proj
pruning layer 22 name mlp.down_proj
pruning layer 22 name mlp.up_proj
pruning layer 23 name self_attn.q_proj
pruning layer 23 name self_attn.k_proj
pruning layer 23 name self_attn.v_proj
pruning layer 23 name self_attn.o_proj
pruning layer 23 name mlp.gate_proj
pruning layer 23 name mlp.down_proj
pruning layer 23 name mlp.up_proj
pruning layer 24 name self_attn.q_proj
pruning layer 24 name self_attn.k_proj
pruning layer 24 name self_attn.v_proj
pruning layer 24 name self_attn.o_proj
pruning layer 24 name mlp.gate_proj
pruning layer 24 name mlp.down_proj
pruning layer 24 name mlp.up_proj
pruning layer 25 name self_attn.q_proj
pruning layer 25 name self_attn.k_proj
pruning layer 25 name self_attn.v_proj
pruning layer 25 name self_attn.o_proj
pruning layer 25 name mlp.gate_proj
pruning layer 25 name mlp.down_proj
pruning layer 25 name mlp.up_proj
pruning layer 26 name self_attn.q_proj
pruning layer 26 name self_attn.k_proj
pruning layer 26 name self_attn.v_proj
pruning layer 26 name self_attn.o_proj
pruning layer 26 name mlp.gate_proj
pruning layer 26 name mlp.down_proj
pruning layer 26 name mlp.up_proj
pruning layer 27 name self_attn.q_proj
pruning layer 27 name self_attn.k_proj
pruning layer 27 name self_attn.v_proj
pruning layer 27 name self_attn.o_proj
pruning layer 27 name mlp.gate_proj
pruning layer 27 name mlp.down_proj
pruning layer 27 name mlp.up_proj
pruning layer 28 name self_attn.q_proj
pruning layer 28 name self_attn.k_proj
pruning layer 28 name self_attn.v_proj
pruning layer 28 name self_attn.o_proj
pruning layer 28 name mlp.gate_proj
pruning layer 28 name mlp.down_proj
pruning layer 28 name mlp.up_proj
pruning layer 29 name self_attn.q_proj
pruning layer 29 name self_attn.k_proj
pruning layer 29 name self_attn.v_proj
pruning layer 29 name self_attn.o_proj
pruning layer 29 name mlp.gate_proj
pruning layer 29 name mlp.down_proj
pruning layer 29 name mlp.up_proj
pruning layer 30 name self_attn.q_proj
pruning layer 30 name self_attn.k_proj
pruning layer 30 name self_attn.v_proj
pruning layer 30 name self_attn.o_proj
pruning layer 30 name mlp.gate_proj
pruning layer 30 name mlp.down_proj
pruning layer 30 name mlp.up_proj
pruning layer 31 name self_attn.q_proj
pruning layer 31 name self_attn.k_proj
pruning layer 31 name self_attn.v_proj
pruning layer 31 name self_attn.o_proj
pruning layer 31 name mlp.gate_proj
pruning layer 31 name mlp.down_proj
pruning layer 31 name mlp.up_proj
******************************
layer 0 sparsity 0.655289
layer 1 sparsity 0.607703
layer 2 sparsity 0.651152
layer 3 sparsity 0.598888
layer 4 sparsity 0.649419
layer 5 sparsity 0.660928
layer 6 sparsity 0.640625
layer 7 sparsity 0.648728
layer 8 sparsity 0.662871
layer 9 sparsity 0.666046
layer 10 sparsity 0.666757
layer 11 sparsity 0.668971
layer 12 sparsity 0.671144
layer 13 sparsity 0.681671
layer 14 sparsity 0.687730
layer 15 sparsity 0.703626
layer 16 sparsity 0.714634
layer 17 sparsity 0.722886
layer 18 sparsity 0.729047
layer 19 sparsity 0.735397
layer 20 sparsity 0.739994
layer 21 sparsity 0.740014
layer 22 sparsity 0.742688
layer 23 sparsity 0.742919
layer 24 sparsity 0.746865
layer 25 sparsity 0.742458
layer 26 sparsity 0.749540
layer 27 sparsity 0.752945
layer 28 sparsity 0.753947
layer 29 sparsity 0.758814
layer 30 sparsity 0.746114
layer 31 sparsity 0.756601
sparsity sanity check 0.6999
******************************
evaluating on wikitext2
nsamples 166
sample 0
sample 50
sample 100
sample 150
begin calcualte ppl
[TIME] this run took 443.20 seconds (7.39 min)
[RESULT] final ppl on wikitext = 31.3617
===== 1|0.01|0.5|linear|0.001|0.4|True | 442s | exit=0 =====
/home/xiaokang/miniconda3/envs/prune_llm/lib/python3.9/site-packages/torch/torch_version.py:3: UserWarning: pkg_resources is deprecated as an API. See https://setuptools.pypa.io/en/latest/pkg_resources.html. The pkg_resources package is slated for removal as early as 2025-11-30. Refrain from using this package or pin to Setuptools<81.
  from pkg_resources import packaging  # type: ignore[attr-defined]
[DEBUG] running: /home/xiaokang/OWL/OWL-version2/risk-prune/main.py
[DEBUG] HF_ENDPOINT env: None
[DEBUG] HfApi endpoint: https://huggingface.co
# of gpus:  1
[DEBUG] Parsed args:
  nsamples               = 32
  risk_k                 = 1
  risk_probe             = 0.01
  risk_decay             = 0.5
  risk_decay_type        = linear
  risk_decay_beta        = 0.001
  risk_alpha             = 0.4
  consider_current_layer_in_risk = True
Loading checkpoint shards:   0%|          | 0/2 [00:00<?, ?it/s]Loading checkpoint shards:  50%|█████     | 1/2 [00:03<00:03,  3.64s/it]Loading checkpoint shards: 100%|██████████| 2/2 [00:05<00:00,  2.32s/it]Loading checkpoint shards: 100%|██████████| 2/2 [00:05<00:00,  2.52s/it]
use device  cuda:0
target sparsity 0.7
pruning starts
loading calibration data
dataset loading complete
after adjustment [0.34460053 0.39211708 0.34868488 0.4010474  0.3505438  0.33889568
 0.35936025 0.35109565 0.33700123 0.33381104 0.3331363  0.33090764
 0.32878065 0.31818336 0.31223246 0.29630792 0.285199   0.27709308
 0.27076158 0.26443937 0.25997806 0.25989074 0.25724328 0.25701874
 0.2529499  0.2574227  0.25030977 0.24696946 0.24588864 0.2410474
 0.2537394  0.24334332] mean 0.3 max 0.4010474 min 0.2410474
pruning layer 0 name self_attn.q_proj
pruning layer 0 name self_attn.k_proj
pruning layer 0 name self_attn.v_proj
pruning layer 0 name self_attn.o_proj
pruning layer 0 name mlp.gate_proj
pruning layer 0 name mlp.down_proj
pruning layer 0 name mlp.up_proj
pruning layer 1 name self_attn.q_proj
pruning layer 1 name self_attn.k_proj
pruning layer 1 name self_attn.v_proj
pruning layer 1 name self_attn.o_proj
pruning layer 1 name mlp.gate_proj
pruning layer 1 name mlp.down_proj
pruning layer 1 name mlp.up_proj
pruning layer 2 name self_attn.q_proj
pruning layer 2 name self_attn.k_proj
pruning layer 2 name self_attn.v_proj
pruning layer 2 name self_attn.o_proj
pruning layer 2 name mlp.gate_proj
pruning layer 2 name mlp.down_proj
pruning layer 2 name mlp.up_proj
pruning layer 3 name self_attn.q_proj
pruning layer 3 name self_attn.k_proj
pruning layer 3 name self_attn.v_proj
pruning layer 3 name self_attn.o_proj
pruning layer 3 name mlp.gate_proj
pruning layer 3 name mlp.down_proj
pruning layer 3 name mlp.up_proj
pruning layer 4 name self_attn.q_proj
pruning layer 4 name self_attn.k_proj
pruning layer 4 name self_attn.v_proj
pruning layer 4 name self_attn.o_proj
pruning layer 4 name mlp.gate_proj
pruning layer 4 name mlp.down_proj
pruning layer 4 name mlp.up_proj
pruning layer 5 name self_attn.q_proj
pruning layer 5 name self_attn.k_proj
pruning layer 5 name self_attn.v_proj
pruning layer 5 name self_attn.o_proj
pruning layer 5 name mlp.gate_proj
pruning layer 5 name mlp.down_proj
pruning layer 5 name mlp.up_proj
pruning layer 6 name self_attn.q_proj
pruning layer 6 name self_attn.k_proj
pruning layer 6 name self_attn.v_proj
pruning layer 6 name self_attn.o_proj
pruning layer 6 name mlp.gate_proj
pruning layer 6 name mlp.down_proj
pruning layer 6 name mlp.up_proj
pruning layer 7 name self_attn.q_proj
pruning layer 7 name self_attn.k_proj
pruning layer 7 name self_attn.v_proj
pruning layer 7 name self_attn.o_proj
pruning layer 7 name mlp.gate_proj
pruning layer 7 name mlp.down_proj
pruning layer 7 name mlp.up_proj
pruning layer 8 name self_attn.q_proj
pruning layer 8 name self_attn.k_proj
pruning layer 8 name self_attn.v_proj
pruning layer 8 name self_attn.o_proj
pruning layer 8 name mlp.gate_proj
pruning layer 8 name mlp.down_proj
pruning layer 8 name mlp.up_proj
pruning layer 9 name self_attn.q_proj
pruning layer 9 name self_attn.k_proj
pruning layer 9 name self_attn.v_proj
pruning layer 9 name self_attn.o_proj
pruning layer 9 name mlp.gate_proj
pruning layer 9 name mlp.down_proj
pruning layer 9 name mlp.up_proj
pruning layer 10 name self_attn.q_proj
pruning layer 10 name self_attn.k_proj
pruning layer 10 name self_attn.v_proj
pruning layer 10 name self_attn.o_proj
pruning layer 10 name mlp.gate_proj
pruning layer 10 name mlp.down_proj
pruning layer 10 name mlp.up_proj
pruning layer 11 name self_attn.q_proj
pruning layer 11 name self_attn.k_proj
pruning layer 11 name self_attn.v_proj
pruning layer 11 name self_attn.o_proj
pruning layer 11 name mlp.gate_proj
pruning layer 11 name mlp.down_proj
pruning layer 11 name mlp.up_proj
pruning layer 12 name self_attn.q_proj
pruning layer 12 name self_attn.k_proj
pruning layer 12 name self_attn.v_proj
pruning layer 12 name self_attn.o_proj
pruning layer 12 name mlp.gate_proj
pruning layer 12 name mlp.down_proj
pruning layer 12 name mlp.up_proj
pruning layer 13 name self_attn.q_proj
pruning layer 13 name self_attn.k_proj
pruning layer 13 name self_attn.v_proj
pruning layer 13 name self_attn.o_proj
pruning layer 13 name mlp.gate_proj
pruning layer 13 name mlp.down_proj
pruning layer 13 name mlp.up_proj
pruning layer 14 name self_attn.q_proj
pruning layer 14 name self_attn.k_proj
pruning layer 14 name self_attn.v_proj
pruning layer 14 name self_attn.o_proj
pruning layer 14 name mlp.gate_proj
pruning layer 14 name mlp.down_proj
pruning layer 14 name mlp.up_proj
pruning layer 15 name self_attn.q_proj
pruning layer 15 name self_attn.k_proj
pruning layer 15 name self_attn.v_proj
pruning layer 15 name self_attn.o_proj
pruning layer 15 name mlp.gate_proj
pruning layer 15 name mlp.down_proj
pruning layer 15 name mlp.up_proj
pruning layer 16 name self_attn.q_proj
pruning layer 16 name self_attn.k_proj
pruning layer 16 name self_attn.v_proj
pruning layer 16 name self_attn.o_proj
pruning layer 16 name mlp.gate_proj
pruning layer 16 name mlp.down_proj
pruning layer 16 name mlp.up_proj
pruning layer 17 name self_attn.q_proj
pruning layer 17 name self_attn.k_proj
pruning layer 17 name self_attn.v_proj
pruning layer 17 name self_attn.o_proj
pruning layer 17 name mlp.gate_proj
pruning layer 17 name mlp.down_proj
pruning layer 17 name mlp.up_proj
pruning layer 18 name self_attn.q_proj
pruning layer 18 name self_attn.k_proj
pruning layer 18 name self_attn.v_proj
pruning layer 18 name self_attn.o_proj
pruning layer 18 name mlp.gate_proj
pruning layer 18 name mlp.down_proj
pruning layer 18 name mlp.up_proj
pruning layer 19 name self_attn.q_proj
pruning layer 19 name self_attn.k_proj
pruning layer 19 name self_attn.v_proj
pruning layer 19 name self_attn.o_proj
pruning layer 19 name mlp.gate_proj
pruning layer 19 name mlp.down_proj
pruning layer 19 name mlp.up_proj
pruning layer 20 name self_attn.q_proj
pruning layer 20 name self_attn.k_proj
pruning layer 20 name self_attn.v_proj
pruning layer 20 name self_attn.o_proj
pruning layer 20 name mlp.gate_proj
pruning layer 20 name mlp.down_proj
pruning layer 20 name mlp.up_proj
pruning layer 21 name self_attn.q_proj
pruning layer 21 name self_attn.k_proj
pruning layer 21 name self_attn.v_proj
pruning layer 21 name self_attn.o_proj
pruning layer 21 name mlp.gate_proj
pruning layer 21 name mlp.down_proj
pruning layer 21 name mlp.up_proj
pruning layer 22 name self_attn.q_proj
pruning layer 22 name self_attn.k_proj
pruning layer 22 name self_attn.v_proj
pruning layer 22 name self_attn.o_proj
pruning layer 22 name mlp.gate_proj
pruning layer 22 name mlp.down_proj
pruning layer 22 name mlp.up_proj
pruning layer 23 name self_attn.q_proj
pruning layer 23 name self_attn.k_proj
pruning layer 23 name self_attn.v_proj
pruning layer 23 name self_attn.o_proj
pruning layer 23 name mlp.gate_proj
pruning layer 23 name mlp.down_proj
pruning layer 23 name mlp.up_proj
pruning layer 24 name self_attn.q_proj
pruning layer 24 name self_attn.k_proj
pruning layer 24 name self_attn.v_proj
pruning layer 24 name self_attn.o_proj
pruning layer 24 name mlp.gate_proj
pruning layer 24 name mlp.down_proj
pruning layer 24 name mlp.up_proj
pruning layer 25 name self_attn.q_proj
pruning layer 25 name self_attn.k_proj
pruning layer 25 name self_attn.v_proj
pruning layer 25 name self_attn.o_proj
pruning layer 25 name mlp.gate_proj
pruning layer 25 name mlp.down_proj
pruning layer 25 name mlp.up_proj
pruning layer 26 name self_attn.q_proj
pruning layer 26 name self_attn.k_proj
pruning layer 26 name self_attn.v_proj
pruning layer 26 name self_attn.o_proj
pruning layer 26 name mlp.gate_proj
pruning layer 26 name mlp.down_proj
pruning layer 26 name mlp.up_proj
pruning layer 27 name self_attn.q_proj
pruning layer 27 name self_attn.k_proj
pruning layer 27 name self_attn.v_proj
pruning layer 27 name self_attn.o_proj
pruning layer 27 name mlp.gate_proj
pruning layer 27 name mlp.down_proj
pruning layer 27 name mlp.up_proj
pruning layer 28 name self_attn.q_proj
pruning layer 28 name self_attn.k_proj
pruning layer 28 name self_attn.v_proj
pruning layer 28 name self_attn.o_proj
pruning layer 28 name mlp.gate_proj
pruning layer 28 name mlp.down_proj
pruning layer 28 name mlp.up_proj
pruning layer 29 name self_attn.q_proj
pruning layer 29 name self_attn.k_proj
pruning layer 29 name self_attn.v_proj
pruning layer 29 name self_attn.o_proj
pruning layer 29 name mlp.gate_proj
pruning layer 29 name mlp.down_proj
pruning layer 29 name mlp.up_proj
pruning layer 30 name self_attn.q_proj
pruning layer 30 name self_attn.k_proj
pruning layer 30 name self_attn.v_proj
pruning layer 30 name self_attn.o_proj
pruning layer 30 name mlp.gate_proj
pruning layer 30 name mlp.down_proj
pruning layer 30 name mlp.up_proj
pruning layer 31 name self_attn.q_proj
pruning layer 31 name self_attn.k_proj
pruning layer 31 name self_attn.v_proj
pruning layer 31 name self_attn.o_proj
pruning layer 31 name mlp.gate_proj
pruning layer 31 name mlp.down_proj
pruning layer 31 name mlp.up_proj
******************************
layer 0 sparsity 0.655289
layer 1 sparsity 0.607703
layer 2 sparsity 0.651152
layer 3 sparsity 0.598888
layer 4 sparsity 0.649419
layer 5 sparsity 0.660928
layer 6 sparsity 0.640625
layer 7 sparsity 0.648728
layer 8 sparsity 0.662871
layer 9 sparsity 0.666046
layer 10 sparsity 0.666757
layer 11 sparsity 0.668971
layer 12 sparsity 0.671144
layer 13 sparsity 0.681671
layer 14 sparsity 0.687730
layer 15 sparsity 0.703626
layer 16 sparsity 0.714634
layer 17 sparsity 0.722886
layer 18 sparsity 0.729047
layer 19 sparsity 0.735397
layer 20 sparsity 0.739994
layer 21 sparsity 0.740014
layer 22 sparsity 0.742688
layer 23 sparsity 0.742919
layer 24 sparsity 0.746865
layer 25 sparsity 0.742458
layer 26 sparsity 0.749540
layer 27 sparsity 0.752945
layer 28 sparsity 0.753947
layer 29 sparsity 0.758814
layer 30 sparsity 0.746114
layer 31 sparsity 0.756601
sparsity sanity check 0.6999
******************************
evaluating on wikitext2
nsamples 166
sample 0
sample 50
sample 100
sample 150
begin calcualte ppl
[TIME] this run took 440.08 seconds (7.33 min)
[RESULT] final ppl on wikitext = 31.3617
===== 1|0.01|0.5|exponential|0.01|0.01|False | 446s | exit=0 =====
/home/xiaokang/miniconda3/envs/prune_llm/lib/python3.9/site-packages/torch/torch_version.py:3: UserWarning: pkg_resources is deprecated as an API. See https://setuptools.pypa.io/en/latest/pkg_resources.html. The pkg_resources package is slated for removal as early as 2025-11-30. Refrain from using this package or pin to Setuptools<81.
  from pkg_resources import packaging  # type: ignore[attr-defined]
[DEBUG] running: /home/xiaokang/OWL/OWL-version2/risk-prune/main.py
[DEBUG] HF_ENDPOINT env: None
[DEBUG] HfApi endpoint: https://huggingface.co
# of gpus:  1
[DEBUG] Parsed args:
  nsamples               = 32
  risk_k                 = 1
  risk_probe             = 0.01
  risk_decay             = 0.5
  risk_decay_type        = exponential
  risk_decay_beta        = 0.01
  risk_alpha             = 0.01
  consider_current_layer_in_risk = True
Loading checkpoint shards:   0%|          | 0/2 [00:00<?, ?it/s]Loading checkpoint shards:  50%|█████     | 1/2 [00:03<00:03,  3.63s/it]Loading checkpoint shards: 100%|██████████| 2/2 [00:05<00:00,  2.32s/it]Loading checkpoint shards: 100%|██████████| 2/2 [00:05<00:00,  2.52s/it]
use device  cuda:0
target sparsity 0.7
pruning starts
loading calibration data
dataset loading complete
after adjustment [0.32154387 0.33052334 0.35553527 0.40382937 0.3556912  0.34425825
 0.36281928 0.35440147 0.34041196 0.33683133 0.33567408 0.3330906
 0.33067206 0.32056895 0.31427026 0.29846182 0.28695586 0.27979746
 0.27319846 0.26702517 0.2621449  0.26242876 0.25932163 0.2589753
 0.25523868 0.25864556 0.25183204 0.24919166 0.24809445 0.24382937
 0.24520025 0.25953785] mean 0.3 max 0.40382937 min 0.24382937
pruning layer 0 name self_attn.q_proj
pruning layer 0 name self_attn.k_proj
pruning layer 0 name self_attn.v_proj
pruning layer 0 name self_attn.o_proj
pruning layer 0 name mlp.gate_proj
pruning layer 0 name mlp.down_proj
pruning layer 0 name mlp.up_proj
pruning layer 1 name self_attn.q_proj
pruning layer 1 name self_attn.k_proj
pruning layer 1 name self_attn.v_proj
pruning layer 1 name self_attn.o_proj
pruning layer 1 name mlp.gate_proj
pruning layer 1 name mlp.down_proj
pruning layer 1 name mlp.up_proj
pruning layer 2 name self_attn.q_proj
pruning layer 2 name self_attn.k_proj
pruning layer 2 name self_attn.v_proj
pruning layer 2 name self_attn.o_proj
pruning layer 2 name mlp.gate_proj
pruning layer 2 name mlp.down_proj
pruning layer 2 name mlp.up_proj
pruning layer 3 name self_attn.q_proj
pruning layer 3 name self_attn.k_proj
pruning layer 3 name self_attn.v_proj
pruning layer 3 name self_attn.o_proj
pruning layer 3 name mlp.gate_proj
pruning layer 3 name mlp.down_proj
pruning layer 3 name mlp.up_proj
pruning layer 4 name self_attn.q_proj
pruning layer 4 name self_attn.k_proj
pruning layer 4 name self_attn.v_proj
pruning layer 4 name self_attn.o_proj
pruning layer 4 name mlp.gate_proj
pruning layer 4 name mlp.down_proj
pruning layer 4 name mlp.up_proj
pruning layer 5 name self_attn.q_proj
pruning layer 5 name self_attn.k_proj
pruning layer 5 name self_attn.v_proj
pruning layer 5 name self_attn.o_proj
pruning layer 5 name mlp.gate_proj
pruning layer 5 name mlp.down_proj
pruning layer 5 name mlp.up_proj
pruning layer 6 name self_attn.q_proj
pruning layer 6 name self_attn.k_proj
pruning layer 6 name self_attn.v_proj
pruning layer 6 name self_attn.o_proj
pruning layer 6 name mlp.gate_proj
pruning layer 6 name mlp.down_proj
pruning layer 6 name mlp.up_proj
pruning layer 7 name self_attn.q_proj
pruning layer 7 name self_attn.k_proj
pruning layer 7 name self_attn.v_proj
pruning layer 7 name self_attn.o_proj
pruning layer 7 name mlp.gate_proj
pruning layer 7 name mlp.down_proj
pruning layer 7 name mlp.up_proj
pruning layer 8 name self_attn.q_proj
pruning layer 8 name self_attn.k_proj
pruning layer 8 name self_attn.v_proj
pruning layer 8 name self_attn.o_proj
pruning layer 8 name mlp.gate_proj
pruning layer 8 name mlp.down_proj
pruning layer 8 name mlp.up_proj
pruning layer 9 name self_attn.q_proj
pruning layer 9 name self_attn.k_proj
pruning layer 9 name self_attn.v_proj
pruning layer 9 name self_attn.o_proj
pruning layer 9 name mlp.gate_proj
pruning layer 9 name mlp.down_proj
pruning layer 9 name mlp.up_proj
pruning layer 10 name self_attn.q_proj
pruning layer 10 name self_attn.k_proj
pruning layer 10 name self_attn.v_proj
pruning layer 10 name self_attn.o_proj
pruning layer 10 name mlp.gate_proj
pruning layer 10 name mlp.down_proj
pruning layer 10 name mlp.up_proj
pruning layer 11 name self_attn.q_proj
pruning layer 11 name self_attn.k_proj
pruning layer 11 name self_attn.v_proj
pruning layer 11 name self_attn.o_proj
pruning layer 11 name mlp.gate_proj
pruning layer 11 name mlp.down_proj
pruning layer 11 name mlp.up_proj
pruning layer 12 name self_attn.q_proj
pruning layer 12 name self_attn.k_proj
pruning layer 12 name self_attn.v_proj
pruning layer 12 name self_attn.o_proj
pruning layer 12 name mlp.gate_proj
pruning layer 12 name mlp.down_proj
pruning layer 12 name mlp.up_proj
pruning layer 13 name self_attn.q_proj
pruning layer 13 name self_attn.k_proj
pruning layer 13 name self_attn.v_proj
pruning layer 13 name self_attn.o_proj
pruning layer 13 name mlp.gate_proj
pruning layer 13 name mlp.down_proj
pruning layer 13 name mlp.up_proj
pruning layer 14 name self_attn.q_proj
pruning layer 14 name self_attn.k_proj
pruning layer 14 name self_attn.v_proj
pruning layer 14 name self_attn.o_proj
pruning layer 14 name mlp.gate_proj
pruning layer 14 name mlp.down_proj
pruning layer 14 name mlp.up_proj
pruning layer 15 name self_attn.q_proj
pruning layer 15 name self_attn.k_proj
pruning layer 15 name self_attn.v_proj
pruning layer 15 name self_attn.o_proj
pruning layer 15 name mlp.gate_proj
pruning layer 15 name mlp.down_proj
pruning layer 15 name mlp.up_proj
pruning layer 16 name self_attn.q_proj
pruning layer 16 name self_attn.k_proj
pruning layer 16 name self_attn.v_proj
pruning layer 16 name self_attn.o_proj
pruning layer 16 name mlp.gate_proj
pruning layer 16 name mlp.down_proj
pruning layer 16 name mlp.up_proj
pruning layer 17 name self_attn.q_proj
pruning layer 17 name self_attn.k_proj
pruning layer 17 name self_attn.v_proj
pruning layer 17 name self_attn.o_proj
pruning layer 17 name mlp.gate_proj
pruning layer 17 name mlp.down_proj
pruning layer 17 name mlp.up_proj
pruning layer 18 name self_attn.q_proj
pruning layer 18 name self_attn.k_proj
pruning layer 18 name self_attn.v_proj
pruning layer 18 name self_attn.o_proj
pruning layer 18 name mlp.gate_proj
pruning layer 18 name mlp.down_proj
pruning layer 18 name mlp.up_proj
pruning layer 19 name self_attn.q_proj
pruning layer 19 name self_attn.k_proj
pruning layer 19 name self_attn.v_proj
pruning layer 19 name self_attn.o_proj
pruning layer 19 name mlp.gate_proj
pruning layer 19 name mlp.down_proj
pruning layer 19 name mlp.up_proj
pruning layer 20 name self_attn.q_proj
pruning layer 20 name self_attn.k_proj
pruning layer 20 name self_attn.v_proj
pruning layer 20 name self_attn.o_proj
pruning layer 20 name mlp.gate_proj
pruning layer 20 name mlp.down_proj
pruning layer 20 name mlp.up_proj
pruning layer 21 name self_attn.q_proj
pruning layer 21 name self_attn.k_proj
pruning layer 21 name self_attn.v_proj
pruning layer 21 name self_attn.o_proj
pruning layer 21 name mlp.gate_proj
pruning layer 21 name mlp.down_proj
pruning layer 21 name mlp.up_proj
pruning layer 22 name self_attn.q_proj
pruning layer 22 name self_attn.k_proj
pruning layer 22 name self_attn.v_proj
pruning layer 22 name self_attn.o_proj
pruning layer 22 name mlp.gate_proj
pruning layer 22 name mlp.down_proj
pruning layer 22 name mlp.up_proj
pruning layer 23 name self_attn.q_proj
pruning layer 23 name self_attn.k_proj
pruning layer 23 name self_attn.v_proj
pruning layer 23 name self_attn.o_proj
pruning layer 23 name mlp.gate_proj
pruning layer 23 name mlp.down_proj
pruning layer 23 name mlp.up_proj
pruning layer 24 name self_attn.q_proj
pruning layer 24 name self_attn.k_proj
pruning layer 24 name self_attn.v_proj
pruning layer 24 name self_attn.o_proj
pruning layer 24 name mlp.gate_proj
pruning layer 24 name mlp.down_proj
pruning layer 24 name mlp.up_proj
pruning layer 25 name self_attn.q_proj
pruning layer 25 name self_attn.k_proj
pruning layer 25 name self_attn.v_proj
pruning layer 25 name self_attn.o_proj
pruning layer 25 name mlp.gate_proj
pruning layer 25 name mlp.down_proj
pruning layer 25 name mlp.up_proj
pruning layer 26 name self_attn.q_proj
pruning layer 26 name self_attn.k_proj
pruning layer 26 name self_attn.v_proj
pruning layer 26 name self_attn.o_proj
pruning layer 26 name mlp.gate_proj
pruning layer 26 name mlp.down_proj
pruning layer 26 name mlp.up_proj
pruning layer 27 name self_attn.q_proj
pruning layer 27 name self_attn.k_proj
pruning layer 27 name self_attn.v_proj
pruning layer 27 name self_attn.o_proj
pruning layer 27 name mlp.gate_proj
pruning layer 27 name mlp.down_proj
pruning layer 27 name mlp.up_proj
pruning layer 28 name self_attn.q_proj
pruning layer 28 name self_attn.k_proj
pruning layer 28 name self_attn.v_proj
pruning layer 28 name self_attn.o_proj
pruning layer 28 name mlp.gate_proj
pruning layer 28 name mlp.down_proj
pruning layer 28 name mlp.up_proj
pruning layer 29 name self_attn.q_proj
pruning layer 29 name self_attn.k_proj
pruning layer 29 name self_attn.v_proj
pruning layer 29 name self_attn.o_proj
pruning layer 29 name mlp.gate_proj
pruning layer 29 name mlp.down_proj
pruning layer 29 name mlp.up_proj
pruning layer 30 name self_attn.q_proj
pruning layer 30 name self_attn.k_proj
pruning layer 30 name self_attn.v_proj
pruning layer 30 name self_attn.o_proj
pruning layer 30 name mlp.gate_proj
pruning layer 30 name mlp.down_proj
pruning layer 30 name mlp.up_proj
pruning layer 31 name self_attn.q_proj
pruning layer 31 name self_attn.k_proj
pruning layer 31 name self_attn.v_proj
pruning layer 31 name self_attn.o_proj
pruning layer 31 name mlp.gate_proj
pruning layer 31 name mlp.down_proj
pruning layer 31 name mlp.up_proj
******************************
layer 0 sparsity 0.678266
layer 1 sparsity 0.669431
layer 2 sparsity 0.644321
layer 3 sparsity 0.595984
layer 4 sparsity 0.644281
layer 5 sparsity 0.655559
layer 6 sparsity 0.637010
layer 7 sparsity 0.645513
layer 8 sparsity 0.659445
layer 9 sparsity 0.663101
layer 10 sparsity 0.664293
layer 11 sparsity 0.666777
layer 12 sparsity 0.669201
layer 13 sparsity 0.679247
layer 14 sparsity 0.685577
layer 15 sparsity 0.701432
layer 16 sparsity 0.712921
layer 17 sparsity 0.720002
layer 18 sparsity 0.726603
layer 19 sparsity 0.732913
layer 20 sparsity 0.737801
layer 21 sparsity 0.737550
layer 22 sparsity 0.740515
layer 23 sparsity 0.740976
layer 24 sparsity 0.744652
layer 25 sparsity 0.741226
layer 26 sparsity 0.748057
layer 27 sparsity 0.750731
layer 28 sparsity 0.751733
layer 29 sparsity 0.756100
layer 30 sparsity 0.754658
layer 31 sparsity 0.740285
sparsity sanity check 0.6999
******************************
evaluating on wikitext2
nsamples 166
sample 0
sample 50
sample 100
sample 150
begin calcualte ppl
[TIME] this run took 443.06 seconds (7.38 min)
[RESULT] final ppl on wikitext = 30.6834
===== 1|0.01|0.5|exponential|0.01|0.01|True | 445s | exit=0 =====
/home/xiaokang/miniconda3/envs/prune_llm/lib/python3.9/site-packages/torch/torch_version.py:3: UserWarning: pkg_resources is deprecated as an API. See https://setuptools.pypa.io/en/latest/pkg_resources.html. The pkg_resources package is slated for removal as early as 2025-11-30. Refrain from using this package or pin to Setuptools<81.
  from pkg_resources import packaging  # type: ignore[attr-defined]
[DEBUG] running: /home/xiaokang/OWL/OWL-version2/risk-prune/main.py
[DEBUG] HF_ENDPOINT env: None
[DEBUG] HfApi endpoint: https://huggingface.co
# of gpus:  1
[DEBUG] Parsed args:
  nsamples               = 32
  risk_k                 = 1
  risk_probe             = 0.01
  risk_decay             = 0.5
  risk_decay_type        = exponential
  risk_decay_beta        = 0.01
  risk_alpha             = 0.01
  consider_current_layer_in_risk = True
Loading checkpoint shards:   0%|          | 0/2 [00:00<?, ?it/s]Loading checkpoint shards:  50%|█████     | 1/2 [00:03<00:03,  3.67s/it]Loading checkpoint shards: 100%|██████████| 2/2 [00:05<00:00,  2.35s/it]Loading checkpoint shards: 100%|██████████| 2/2 [00:05<00:00,  2.55s/it]
use device  cuda:0
target sparsity 0.7
pruning starts
loading calibration data
dataset loading complete
after adjustment [0.32154387 0.33052334 0.35553527 0.40382937 0.3556912  0.34425825
 0.36281928 0.35440147 0.34041196 0.33683133 0.33567408 0.3330906
 0.33067206 0.32056895 0.31427026 0.29846182 0.28695586 0.27979746
 0.27319846 0.26702517 0.2621449  0.26242876 0.25932163 0.2589753
 0.25523868 0.25864556 0.25183204 0.24919166 0.24809445 0.24382937
 0.24520025 0.25953785] mean 0.3 max 0.40382937 min 0.24382937
pruning layer 0 name self_attn.q_proj
pruning layer 0 name self_attn.k_proj
pruning layer 0 name self_attn.v_proj
pruning layer 0 name self_attn.o_proj
pruning layer 0 name mlp.gate_proj
pruning layer 0 name mlp.down_proj
pruning layer 0 name mlp.up_proj
pruning layer 1 name self_attn.q_proj
pruning layer 1 name self_attn.k_proj
pruning layer 1 name self_attn.v_proj
pruning layer 1 name self_attn.o_proj
pruning layer 1 name mlp.gate_proj
pruning layer 1 name mlp.down_proj
pruning layer 1 name mlp.up_proj
pruning layer 2 name self_attn.q_proj
pruning layer 2 name self_attn.k_proj
pruning layer 2 name self_attn.v_proj
pruning layer 2 name self_attn.o_proj
pruning layer 2 name mlp.gate_proj
pruning layer 2 name mlp.down_proj
pruning layer 2 name mlp.up_proj
pruning layer 3 name self_attn.q_proj
pruning layer 3 name self_attn.k_proj
pruning layer 3 name self_attn.v_proj
pruning layer 3 name self_attn.o_proj
pruning layer 3 name mlp.gate_proj
pruning layer 3 name mlp.down_proj
pruning layer 3 name mlp.up_proj
pruning layer 4 name self_attn.q_proj
pruning layer 4 name self_attn.k_proj
pruning layer 4 name self_attn.v_proj
pruning layer 4 name self_attn.o_proj
pruning layer 4 name mlp.gate_proj
pruning layer 4 name mlp.down_proj
pruning layer 4 name mlp.up_proj
pruning layer 5 name self_attn.q_proj
pruning layer 5 name self_attn.k_proj
pruning layer 5 name self_attn.v_proj
pruning layer 5 name self_attn.o_proj
pruning layer 5 name mlp.gate_proj
pruning layer 5 name mlp.down_proj
pruning layer 5 name mlp.up_proj
pruning layer 6 name self_attn.q_proj
pruning layer 6 name self_attn.k_proj
pruning layer 6 name self_attn.v_proj
pruning layer 6 name self_attn.o_proj
pruning layer 6 name mlp.gate_proj
pruning layer 6 name mlp.down_proj
pruning layer 6 name mlp.up_proj
pruning layer 7 name self_attn.q_proj
pruning layer 7 name self_attn.k_proj
pruning layer 7 name self_attn.v_proj
pruning layer 7 name self_attn.o_proj
pruning layer 7 name mlp.gate_proj
pruning layer 7 name mlp.down_proj
pruning layer 7 name mlp.up_proj
pruning layer 8 name self_attn.q_proj
pruning layer 8 name self_attn.k_proj
pruning layer 8 name self_attn.v_proj
pruning layer 8 name self_attn.o_proj
pruning layer 8 name mlp.gate_proj
pruning layer 8 name mlp.down_proj
pruning layer 8 name mlp.up_proj
pruning layer 9 name self_attn.q_proj
pruning layer 9 name self_attn.k_proj
pruning layer 9 name self_attn.v_proj
pruning layer 9 name self_attn.o_proj
pruning layer 9 name mlp.gate_proj
pruning layer 9 name mlp.down_proj
pruning layer 9 name mlp.up_proj
pruning layer 10 name self_attn.q_proj
pruning layer 10 name self_attn.k_proj
pruning layer 10 name self_attn.v_proj
pruning layer 10 name self_attn.o_proj
pruning layer 10 name mlp.gate_proj
pruning layer 10 name mlp.down_proj
pruning layer 10 name mlp.up_proj
pruning layer 11 name self_attn.q_proj
pruning layer 11 name self_attn.k_proj
pruning layer 11 name self_attn.v_proj
pruning layer 11 name self_attn.o_proj
pruning layer 11 name mlp.gate_proj
pruning layer 11 name mlp.down_proj
pruning layer 11 name mlp.up_proj
pruning layer 12 name self_attn.q_proj
pruning layer 12 name self_attn.k_proj
pruning layer 12 name self_attn.v_proj
pruning layer 12 name self_attn.o_proj
pruning layer 12 name mlp.gate_proj
pruning layer 12 name mlp.down_proj
pruning layer 12 name mlp.up_proj
pruning layer 13 name self_attn.q_proj
pruning layer 13 name self_attn.k_proj
pruning layer 13 name self_attn.v_proj
pruning layer 13 name self_attn.o_proj
pruning layer 13 name mlp.gate_proj
pruning layer 13 name mlp.down_proj
pruning layer 13 name mlp.up_proj
pruning layer 14 name self_attn.q_proj
pruning layer 14 name self_attn.k_proj
pruning layer 14 name self_attn.v_proj
pruning layer 14 name self_attn.o_proj
pruning layer 14 name mlp.gate_proj
pruning layer 14 name mlp.down_proj
pruning layer 14 name mlp.up_proj
pruning layer 15 name self_attn.q_proj
pruning layer 15 name self_attn.k_proj
pruning layer 15 name self_attn.v_proj
pruning layer 15 name self_attn.o_proj
pruning layer 15 name mlp.gate_proj
pruning layer 15 name mlp.down_proj
pruning layer 15 name mlp.up_proj
pruning layer 16 name self_attn.q_proj
pruning layer 16 name self_attn.k_proj
pruning layer 16 name self_attn.v_proj
pruning layer 16 name self_attn.o_proj
pruning layer 16 name mlp.gate_proj
pruning layer 16 name mlp.down_proj
pruning layer 16 name mlp.up_proj
pruning layer 17 name self_attn.q_proj
pruning layer 17 name self_attn.k_proj
pruning layer 17 name self_attn.v_proj
pruning layer 17 name self_attn.o_proj
pruning layer 17 name mlp.gate_proj
pruning layer 17 name mlp.down_proj
pruning layer 17 name mlp.up_proj
pruning layer 18 name self_attn.q_proj
pruning layer 18 name self_attn.k_proj
pruning layer 18 name self_attn.v_proj
pruning layer 18 name self_attn.o_proj
pruning layer 18 name mlp.gate_proj
pruning layer 18 name mlp.down_proj
pruning layer 18 name mlp.up_proj
pruning layer 19 name self_attn.q_proj
pruning layer 19 name self_attn.k_proj
pruning layer 19 name self_attn.v_proj
pruning layer 19 name self_attn.o_proj
pruning layer 19 name mlp.gate_proj
pruning layer 19 name mlp.down_proj
pruning layer 19 name mlp.up_proj
pruning layer 20 name self_attn.q_proj
pruning layer 20 name self_attn.k_proj
pruning layer 20 name self_attn.v_proj
pruning layer 20 name self_attn.o_proj
pruning layer 20 name mlp.gate_proj
pruning layer 20 name mlp.down_proj
pruning layer 20 name mlp.up_proj
pruning layer 21 name self_attn.q_proj
pruning layer 21 name self_attn.k_proj
pruning layer 21 name self_attn.v_proj
pruning layer 21 name self_attn.o_proj
pruning layer 21 name mlp.gate_proj
pruning layer 21 name mlp.down_proj
pruning layer 21 name mlp.up_proj
pruning layer 22 name self_attn.q_proj
pruning layer 22 name self_attn.k_proj
pruning layer 22 name self_attn.v_proj
pruning layer 22 name self_attn.o_proj
pruning layer 22 name mlp.gate_proj
pruning layer 22 name mlp.down_proj
pruning layer 22 name mlp.up_proj
pruning layer 23 name self_attn.q_proj
pruning layer 23 name self_attn.k_proj
pruning layer 23 name self_attn.v_proj
pruning layer 23 name self_attn.o_proj
pruning layer 23 name mlp.gate_proj
pruning layer 23 name mlp.down_proj
pruning layer 23 name mlp.up_proj
pruning layer 24 name self_attn.q_proj
pruning layer 24 name self_attn.k_proj
pruning layer 24 name self_attn.v_proj
pruning layer 24 name self_attn.o_proj
pruning layer 24 name mlp.gate_proj
pruning layer 24 name mlp.down_proj
pruning layer 24 name mlp.up_proj
pruning layer 25 name self_attn.q_proj
pruning layer 25 name self_attn.k_proj
pruning layer 25 name self_attn.v_proj
pruning layer 25 name self_attn.o_proj
pruning layer 25 name mlp.gate_proj
pruning layer 25 name mlp.down_proj
pruning layer 25 name mlp.up_proj
pruning layer 26 name self_attn.q_proj
pruning layer 26 name self_attn.k_proj
pruning layer 26 name self_attn.v_proj
pruning layer 26 name self_attn.o_proj
pruning layer 26 name mlp.gate_proj
pruning layer 26 name mlp.down_proj
pruning layer 26 name mlp.up_proj
pruning layer 27 name self_attn.q_proj
pruning layer 27 name self_attn.k_proj
pruning layer 27 name self_attn.v_proj
pruning layer 27 name self_attn.o_proj
pruning layer 27 name mlp.gate_proj
pruning layer 27 name mlp.down_proj
pruning layer 27 name mlp.up_proj
pruning layer 28 name self_attn.q_proj
pruning layer 28 name self_attn.k_proj
pruning layer 28 name self_attn.v_proj
pruning layer 28 name self_attn.o_proj
pruning layer 28 name mlp.gate_proj
pruning layer 28 name mlp.down_proj
pruning layer 28 name mlp.up_proj
pruning layer 29 name self_attn.q_proj
pruning layer 29 name self_attn.k_proj
pruning layer 29 name self_attn.v_proj
pruning layer 29 name self_attn.o_proj
pruning layer 29 name mlp.gate_proj
pruning layer 29 name mlp.down_proj
pruning layer 29 name mlp.up_proj
pruning layer 30 name self_attn.q_proj
pruning layer 30 name self_attn.k_proj
pruning layer 30 name self_attn.v_proj
pruning layer 30 name self_attn.o_proj
pruning layer 30 name mlp.gate_proj
pruning layer 30 name mlp.down_proj
pruning layer 30 name mlp.up_proj
pruning layer 31 name self_attn.q_proj
pruning layer 31 name self_attn.k_proj
pruning layer 31 name self_attn.v_proj
pruning layer 31 name self_attn.o_proj
pruning layer 31 name mlp.gate_proj
pruning layer 31 name mlp.down_proj
pruning layer 31 name mlp.up_proj
******************************
layer 0 sparsity 0.678266
layer 1 sparsity 0.669431
layer 2 sparsity 0.644321
layer 3 sparsity 0.595984
layer 4 sparsity 0.644281
layer 5 sparsity 0.655559
layer 6 sparsity 0.637010
layer 7 sparsity 0.645513
layer 8 sparsity 0.659445
layer 9 sparsity 0.663101
layer 10 sparsity 0.664293
layer 11 sparsity 0.666777
layer 12 sparsity 0.669201
layer 13 sparsity 0.679247
layer 14 sparsity 0.685577
layer 15 sparsity 0.701432
layer 16 sparsity 0.712921
layer 17 sparsity 0.720002
layer 18 sparsity 0.726603
layer 19 sparsity 0.732913
layer 20 sparsity 0.737801
layer 21 sparsity 0.737550
layer 22 sparsity 0.740515
layer 23 sparsity 0.740976
layer 24 sparsity 0.744652
layer 25 sparsity 0.741226
layer 26 sparsity 0.748057
layer 27 sparsity 0.750731
layer 28 sparsity 0.751733
layer 29 sparsity 0.756100
layer 30 sparsity 0.754658
layer 31 sparsity 0.740285
sparsity sanity check 0.6999
******************************
evaluating on wikitext2
nsamples 166
sample 0
sample 50
sample 100
sample 150
begin calcualte ppl
[TIME] this run took 441.59 seconds (7.36 min)
[RESULT] final ppl on wikitext = 30.6834
===== 1|0.01|0.5|exponential|0.01|0.05|False | 443s | exit=0 =====
/home/xiaokang/miniconda3/envs/prune_llm/lib/python3.9/site-packages/torch/torch_version.py:3: UserWarning: pkg_resources is deprecated as an API. See https://setuptools.pypa.io/en/latest/pkg_resources.html. The pkg_resources package is slated for removal as early as 2025-11-30. Refrain from using this package or pin to Setuptools<81.
  from pkg_resources import packaging  # type: ignore[attr-defined]
[DEBUG] running: /home/xiaokang/OWL/OWL-version2/risk-prune/main.py
[DEBUG] HF_ENDPOINT env: None
[DEBUG] HfApi endpoint: https://huggingface.co
# of gpus:  1
[DEBUG] Parsed args:
  nsamples               = 32
  risk_k                 = 1
  risk_probe             = 0.01
  risk_decay             = 0.5
  risk_decay_type        = exponential
  risk_decay_beta        = 0.01
  risk_alpha             = 0.05
  consider_current_layer_in_risk = True
Loading checkpoint shards:   0%|          | 0/2 [00:00<?, ?it/s]Loading checkpoint shards:  50%|█████     | 1/2 [00:03<00:03,  3.67s/it]Loading checkpoint shards: 100%|██████████| 2/2 [00:05<00:00,  2.34s/it]Loading checkpoint shards: 100%|██████████| 2/2 [00:05<00:00,  2.54s/it]
use device  cuda:0
target sparsity 0.7
pruning starts
loading calibration data
dataset loading complete
after adjustment [0.3229406  0.33425453 0.3551203  0.40366083 0.35537934 0.34393337
 0.3626097  0.3542012  0.34020534 0.33664834 0.33552033 0.33295837
 0.33055747 0.32042444 0.31414682 0.29833135 0.28684944 0.27963364
 0.27305084 0.26686853 0.2620136  0.26227504 0.25919572 0.25885677
 0.2551     0.2585715  0.25173983 0.24905704 0.24796084 0.24366084
 0.24571753 0.2585568 ] mean 0.3 max 0.40366083 min 0.24366084
pruning layer 0 name self_attn.q_proj
pruning layer 0 name self_attn.k_proj
pruning layer 0 name self_attn.v_proj
pruning layer 0 name self_attn.o_proj
pruning layer 0 name mlp.gate_proj
pruning layer 0 name mlp.down_proj
pruning layer 0 name mlp.up_proj
pruning layer 1 name self_attn.q_proj
pruning layer 1 name self_attn.k_proj
pruning layer 1 name self_attn.v_proj
pruning layer 1 name self_attn.o_proj
pruning layer 1 name mlp.gate_proj
pruning layer 1 name mlp.down_proj
pruning layer 1 name mlp.up_proj
pruning layer 2 name self_attn.q_proj
pruning layer 2 name self_attn.k_proj
pruning layer 2 name self_attn.v_proj
pruning layer 2 name self_attn.o_proj
pruning layer 2 name mlp.gate_proj
pruning layer 2 name mlp.down_proj
pruning layer 2 name mlp.up_proj
pruning layer 3 name self_attn.q_proj
pruning layer 3 name self_attn.k_proj
pruning layer 3 name self_attn.v_proj
pruning layer 3 name self_attn.o_proj
pruning layer 3 name mlp.gate_proj
pruning layer 3 name mlp.down_proj
pruning layer 3 name mlp.up_proj
pruning layer 4 name self_attn.q_proj
pruning layer 4 name self_attn.k_proj
pruning layer 4 name self_attn.v_proj
pruning layer 4 name self_attn.o_proj
pruning layer 4 name mlp.gate_proj
pruning layer 4 name mlp.down_proj
pruning layer 4 name mlp.up_proj
pruning layer 5 name self_attn.q_proj
pruning layer 5 name self_attn.k_proj
pruning layer 5 name self_attn.v_proj
pruning layer 5 name self_attn.o_proj
pruning layer 5 name mlp.gate_proj
pruning layer 5 name mlp.down_proj
pruning layer 5 name mlp.up_proj
pruning layer 6 name self_attn.q_proj
pruning layer 6 name self_attn.k_proj
pruning layer 6 name self_attn.v_proj
pruning layer 6 name self_attn.o_proj
pruning layer 6 name mlp.gate_proj
pruning layer 6 name mlp.down_proj
pruning layer 6 name mlp.up_proj
pruning layer 7 name self_attn.q_proj
pruning layer 7 name self_attn.k_proj
pruning layer 7 name self_attn.v_proj
pruning layer 7 name self_attn.o_proj
pruning layer 7 name mlp.gate_proj
pruning layer 7 name mlp.down_proj
pruning layer 7 name mlp.up_proj
pruning layer 8 name self_attn.q_proj
pruning layer 8 name self_attn.k_proj
pruning layer 8 name self_attn.v_proj
pruning layer 8 name self_attn.o_proj
pruning layer 8 name mlp.gate_proj
pruning layer 8 name mlp.down_proj
pruning layer 8 name mlp.up_proj
pruning layer 9 name self_attn.q_proj
pruning layer 9 name self_attn.k_proj
pruning layer 9 name self_attn.v_proj
pruning layer 9 name self_attn.o_proj
pruning layer 9 name mlp.gate_proj
pruning layer 9 name mlp.down_proj
pruning layer 9 name mlp.up_proj
pruning layer 10 name self_attn.q_proj
pruning layer 10 name self_attn.k_proj
pruning layer 10 name self_attn.v_proj
pruning layer 10 name self_attn.o_proj
pruning layer 10 name mlp.gate_proj
pruning layer 10 name mlp.down_proj
pruning layer 10 name mlp.up_proj
pruning layer 11 name self_attn.q_proj
pruning layer 11 name self_attn.k_proj
pruning layer 11 name self_attn.v_proj
pruning layer 11 name self_attn.o_proj
pruning layer 11 name mlp.gate_proj
pruning layer 11 name mlp.down_proj
pruning layer 11 name mlp.up_proj
pruning layer 12 name self_attn.q_proj
pruning layer 12 name self_attn.k_proj
pruning layer 12 name self_attn.v_proj
pruning layer 12 name self_attn.o_proj
pruning layer 12 name mlp.gate_proj
pruning layer 12 name mlp.down_proj
pruning layer 12 name mlp.up_proj
pruning layer 13 name self_attn.q_proj
pruning layer 13 name self_attn.k_proj
pruning layer 13 name self_attn.v_proj
pruning layer 13 name self_attn.o_proj
pruning layer 13 name mlp.gate_proj
pruning layer 13 name mlp.down_proj
pruning layer 13 name mlp.up_proj
pruning layer 14 name self_attn.q_proj
pruning layer 14 name self_attn.k_proj
pruning layer 14 name self_attn.v_proj
pruning layer 14 name self_attn.o_proj
pruning layer 14 name mlp.gate_proj
pruning layer 14 name mlp.down_proj
pruning layer 14 name mlp.up_proj
pruning layer 15 name self_attn.q_proj
pruning layer 15 name self_attn.k_proj
pruning layer 15 name self_attn.v_proj
pruning layer 15 name self_attn.o_proj
pruning layer 15 name mlp.gate_proj
pruning layer 15 name mlp.down_proj
pruning layer 15 name mlp.up_proj
pruning layer 16 name self_attn.q_proj
pruning layer 16 name self_attn.k_proj
pruning layer 16 name self_attn.v_proj
pruning layer 16 name self_attn.o_proj
pruning layer 16 name mlp.gate_proj
pruning layer 16 name mlp.down_proj
pruning layer 16 name mlp.up_proj
pruning layer 17 name self_attn.q_proj
pruning layer 17 name self_attn.k_proj
pruning layer 17 name self_attn.v_proj
pruning layer 17 name self_attn.o_proj
pruning layer 17 name mlp.gate_proj
pruning layer 17 name mlp.down_proj
pruning layer 17 name mlp.up_proj
pruning layer 18 name self_attn.q_proj
pruning layer 18 name self_attn.k_proj
pruning layer 18 name self_attn.v_proj
pruning layer 18 name self_attn.o_proj
pruning layer 18 name mlp.gate_proj
pruning layer 18 name mlp.down_proj
pruning layer 18 name mlp.up_proj
pruning layer 19 name self_attn.q_proj
pruning layer 19 name self_attn.k_proj
pruning layer 19 name self_attn.v_proj
pruning layer 19 name self_attn.o_proj
pruning layer 19 name mlp.gate_proj
pruning layer 19 name mlp.down_proj
pruning layer 19 name mlp.up_proj
pruning layer 20 name self_attn.q_proj
pruning layer 20 name self_attn.k_proj
pruning layer 20 name self_attn.v_proj
pruning layer 20 name self_attn.o_proj
pruning layer 20 name mlp.gate_proj
pruning layer 20 name mlp.down_proj
pruning layer 20 name mlp.up_proj
pruning layer 21 name self_attn.q_proj
pruning layer 21 name self_attn.k_proj
pruning layer 21 name self_attn.v_proj
pruning layer 21 name self_attn.o_proj
pruning layer 21 name mlp.gate_proj
pruning layer 21 name mlp.down_proj
pruning layer 21 name mlp.up_proj
pruning layer 22 name self_attn.q_proj
pruning layer 22 name self_attn.k_proj
pruning layer 22 name self_attn.v_proj
pruning layer 22 name self_attn.o_proj
pruning layer 22 name mlp.gate_proj
pruning layer 22 name mlp.down_proj
pruning layer 22 name mlp.up_proj
pruning layer 23 name self_attn.q_proj
pruning layer 23 name self_attn.k_proj
pruning layer 23 name self_attn.v_proj
pruning layer 23 name self_attn.o_proj
pruning layer 23 name mlp.gate_proj
pruning layer 23 name mlp.down_proj
pruning layer 23 name mlp.up_proj
pruning layer 24 name self_attn.q_proj
pruning layer 24 name self_attn.k_proj
pruning layer 24 name self_attn.v_proj
pruning layer 24 name self_attn.o_proj
pruning layer 24 name mlp.gate_proj
pruning layer 24 name mlp.down_proj
pruning layer 24 name mlp.up_proj
pruning layer 25 name self_attn.q_proj
pruning layer 25 name self_attn.k_proj
pruning layer 25 name self_attn.v_proj
pruning layer 25 name self_attn.o_proj
pruning layer 25 name mlp.gate_proj
pruning layer 25 name mlp.down_proj
pruning layer 25 name mlp.up_proj
pruning layer 26 name self_attn.q_proj
pruning layer 26 name self_attn.k_proj
pruning layer 26 name self_attn.v_proj
pruning layer 26 name self_attn.o_proj
pruning layer 26 name mlp.gate_proj
pruning layer 26 name mlp.down_proj
pruning layer 26 name mlp.up_proj
pruning layer 27 name self_attn.q_proj
pruning layer 27 name self_attn.k_proj
pruning layer 27 name self_attn.v_proj
pruning layer 27 name self_attn.o_proj
pruning layer 27 name mlp.gate_proj
pruning layer 27 name mlp.down_proj
pruning layer 27 name mlp.up_proj
pruning layer 28 name self_attn.q_proj
pruning layer 28 name self_attn.k_proj
pruning layer 28 name self_attn.v_proj
pruning layer 28 name self_attn.o_proj
pruning layer 28 name mlp.gate_proj
pruning layer 28 name mlp.down_proj
pruning layer 28 name mlp.up_proj
pruning layer 29 name self_attn.q_proj
pruning layer 29 name self_attn.k_proj
pruning layer 29 name self_attn.v_proj
pruning layer 29 name self_attn.o_proj
pruning layer 29 name mlp.gate_proj
pruning layer 29 name mlp.down_proj
pruning layer 29 name mlp.up_proj
pruning layer 30 name self_attn.q_proj
pruning layer 30 name self_attn.k_proj
pruning layer 30 name self_attn.v_proj
pruning layer 30 name self_attn.o_proj
pruning layer 30 name mlp.gate_proj
pruning layer 30 name mlp.down_proj
pruning layer 30 name mlp.up_proj
pruning layer 31 name self_attn.q_proj
pruning layer 31 name self_attn.k_proj
pruning layer 31 name self_attn.v_proj
pruning layer 31 name self_attn.o_proj
pruning layer 31 name mlp.gate_proj
pruning layer 31 name mlp.down_proj
pruning layer 31 name mlp.up_proj
******************************
layer 0 sparsity 0.677013
layer 1 sparsity 0.665565
layer 2 sparsity 0.644782
layer 3 sparsity 0.596214
layer 4 sparsity 0.644531
layer 5 sparsity 0.656000
layer 6 sparsity 0.637240
layer 7 sparsity 0.645743
layer 8 sparsity 0.659696
layer 9 sparsity 0.663331
layer 10 sparsity 0.664333
layer 11 sparsity 0.666987
layer 12 sparsity 0.669431
layer 13 sparsity 0.679457
layer 14 sparsity 0.685787
layer 15 sparsity 0.701642
layer 16 sparsity 0.713131
layer 17 sparsity 0.720233
layer 18 sparsity 0.726833
layer 19 sparsity 0.732953
layer 20 sparsity 0.737821
layer 21 sparsity 0.737570
layer 22 sparsity 0.740725
layer 23 sparsity 0.740996
layer 24 sparsity 0.744862
layer 25 sparsity 0.741246
layer 26 sparsity 0.748077
layer 27 sparsity 0.750772
layer 28 sparsity 0.751963
layer 29 sparsity 0.756140
layer 30 sparsity 0.754177
layer 31 sparsity 0.741246
sparsity sanity check 0.6999
******************************
evaluating on wikitext2
nsamples 166
sample 0
sample 50
sample 100
sample 150
begin calcualte ppl
[TIME] this run took 440.04 seconds (7.33 min)
[RESULT] final ppl on wikitext = 30.2518
===== 1|0.01|0.5|exponential|0.01|0.05|True | 454s | exit=0 =====
/home/xiaokang/miniconda3/envs/prune_llm/lib/python3.9/site-packages/torch/torch_version.py:3: UserWarning: pkg_resources is deprecated as an API. See https://setuptools.pypa.io/en/latest/pkg_resources.html. The pkg_resources package is slated for removal as early as 2025-11-30. Refrain from using this package or pin to Setuptools<81.
  from pkg_resources import packaging  # type: ignore[attr-defined]
[DEBUG] running: /home/xiaokang/OWL/OWL-version2/risk-prune/main.py
[DEBUG] HF_ENDPOINT env: None
[DEBUG] HfApi endpoint: https://huggingface.co
# of gpus:  1
[DEBUG] Parsed args:
  nsamples               = 32
  risk_k                 = 1
  risk_probe             = 0.01
  risk_decay             = 0.5
  risk_decay_type        = exponential
  risk_decay_beta        = 0.01
  risk_alpha             = 0.05
  consider_current_layer_in_risk = True
Loading checkpoint shards:   0%|          | 0/2 [00:00<?, ?it/s]Loading checkpoint shards:  50%|█████     | 1/2 [00:05<00:05,  5.52s/it]Loading checkpoint shards: 100%|██████████| 2/2 [00:09<00:00,  4.44s/it]Loading checkpoint shards: 100%|██████████| 2/2 [00:09<00:00,  4.61s/it]
use device  cuda:0
target sparsity 0.7
pruning starts
loading calibration data
dataset loading complete
after adjustment [0.3229406  0.33425453 0.3551203  0.40366083 0.35537934 0.34393337
 0.3626097  0.3542012  0.34020534 0.33664834 0.33552033 0.33295837
 0.33055747 0.32042444 0.31414682 0.29833135 0.28684944 0.27963364
 0.27305084 0.26686853 0.2620136  0.26227504 0.25919572 0.25885677
 0.2551     0.2585715  0.25173983 0.24905704 0.24796084 0.24366084
 0.24571753 0.2585568 ] mean 0.3 max 0.40366083 min 0.24366084
pruning layer 0 name self_attn.q_proj
pruning layer 0 name self_attn.k_proj
pruning layer 0 name self_attn.v_proj
pruning layer 0 name self_attn.o_proj
pruning layer 0 name mlp.gate_proj
pruning layer 0 name mlp.down_proj
pruning layer 0 name mlp.up_proj
pruning layer 1 name self_attn.q_proj
pruning layer 1 name self_attn.k_proj
pruning layer 1 name self_attn.v_proj
pruning layer 1 name self_attn.o_proj
pruning layer 1 name mlp.gate_proj
pruning layer 1 name mlp.down_proj
pruning layer 1 name mlp.up_proj
pruning layer 2 name self_attn.q_proj
pruning layer 2 name self_attn.k_proj
pruning layer 2 name self_attn.v_proj
pruning layer 2 name self_attn.o_proj
pruning layer 2 name mlp.gate_proj
pruning layer 2 name mlp.down_proj
pruning layer 2 name mlp.up_proj
pruning layer 3 name self_attn.q_proj
pruning layer 3 name self_attn.k_proj
pruning layer 3 name self_attn.v_proj
pruning layer 3 name self_attn.o_proj
pruning layer 3 name mlp.gate_proj
pruning layer 3 name mlp.down_proj
pruning layer 3 name mlp.up_proj
pruning layer 4 name self_attn.q_proj
pruning layer 4 name self_attn.k_proj
pruning layer 4 name self_attn.v_proj
pruning layer 4 name self_attn.o_proj
pruning layer 4 name mlp.gate_proj
pruning layer 4 name mlp.down_proj
pruning layer 4 name mlp.up_proj
pruning layer 5 name self_attn.q_proj
pruning layer 5 name self_attn.k_proj
pruning layer 5 name self_attn.v_proj
pruning layer 5 name self_attn.o_proj
pruning layer 5 name mlp.gate_proj
pruning layer 5 name mlp.down_proj
pruning layer 5 name mlp.up_proj
pruning layer 6 name self_attn.q_proj
pruning layer 6 name self_attn.k_proj
pruning layer 6 name self_attn.v_proj
pruning layer 6 name self_attn.o_proj
pruning layer 6 name mlp.gate_proj
pruning layer 6 name mlp.down_proj
pruning layer 6 name mlp.up_proj
pruning layer 7 name self_attn.q_proj
pruning layer 7 name self_attn.k_proj
pruning layer 7 name self_attn.v_proj
pruning layer 7 name self_attn.o_proj
pruning layer 7 name mlp.gate_proj
pruning layer 7 name mlp.down_proj
pruning layer 7 name mlp.up_proj
pruning layer 8 name self_attn.q_proj
pruning layer 8 name self_attn.k_proj
pruning layer 8 name self_attn.v_proj
pruning layer 8 name self_attn.o_proj
pruning layer 8 name mlp.gate_proj
pruning layer 8 name mlp.down_proj
pruning layer 8 name mlp.up_proj
pruning layer 9 name self_attn.q_proj
pruning layer 9 name self_attn.k_proj
pruning layer 9 name self_attn.v_proj
pruning layer 9 name self_attn.o_proj
pruning layer 9 name mlp.gate_proj
pruning layer 9 name mlp.down_proj
pruning layer 9 name mlp.up_proj
pruning layer 10 name self_attn.q_proj
pruning layer 10 name self_attn.k_proj
pruning layer 10 name self_attn.v_proj
pruning layer 10 name self_attn.o_proj
pruning layer 10 name mlp.gate_proj
pruning layer 10 name mlp.down_proj
pruning layer 10 name mlp.up_proj
pruning layer 11 name self_attn.q_proj
pruning layer 11 name self_attn.k_proj
pruning layer 11 name self_attn.v_proj
pruning layer 11 name self_attn.o_proj
pruning layer 11 name mlp.gate_proj
pruning layer 11 name mlp.down_proj
pruning layer 11 name mlp.up_proj
pruning layer 12 name self_attn.q_proj
pruning layer 12 name self_attn.k_proj
pruning layer 12 name self_attn.v_proj
pruning layer 12 name self_attn.o_proj
pruning layer 12 name mlp.gate_proj
pruning layer 12 name mlp.down_proj
pruning layer 12 name mlp.up_proj
pruning layer 13 name self_attn.q_proj
pruning layer 13 name self_attn.k_proj
pruning layer 13 name self_attn.v_proj
pruning layer 13 name self_attn.o_proj
pruning layer 13 name mlp.gate_proj
pruning layer 13 name mlp.down_proj
pruning layer 13 name mlp.up_proj
pruning layer 14 name self_attn.q_proj
pruning layer 14 name self_attn.k_proj
pruning layer 14 name self_attn.v_proj
pruning layer 14 name self_attn.o_proj
pruning layer 14 name mlp.gate_proj
pruning layer 14 name mlp.down_proj
pruning layer 14 name mlp.up_proj
pruning layer 15 name self_attn.q_proj
pruning layer 15 name self_attn.k_proj
pruning layer 15 name self_attn.v_proj
pruning layer 15 name self_attn.o_proj
pruning layer 15 name mlp.gate_proj
pruning layer 15 name mlp.down_proj
pruning layer 15 name mlp.up_proj
pruning layer 16 name self_attn.q_proj
pruning layer 16 name self_attn.k_proj
pruning layer 16 name self_attn.v_proj
pruning layer 16 name self_attn.o_proj
pruning layer 16 name mlp.gate_proj
pruning layer 16 name mlp.down_proj
pruning layer 16 name mlp.up_proj
pruning layer 17 name self_attn.q_proj
pruning layer 17 name self_attn.k_proj
pruning layer 17 name self_attn.v_proj
pruning layer 17 name self_attn.o_proj
pruning layer 17 name mlp.gate_proj
pruning layer 17 name mlp.down_proj
pruning layer 17 name mlp.up_proj
pruning layer 18 name self_attn.q_proj
pruning layer 18 name self_attn.k_proj
pruning layer 18 name self_attn.v_proj
pruning layer 18 name self_attn.o_proj
pruning layer 18 name mlp.gate_proj
pruning layer 18 name mlp.down_proj
pruning layer 18 name mlp.up_proj
pruning layer 19 name self_attn.q_proj
pruning layer 19 name self_attn.k_proj
pruning layer 19 name self_attn.v_proj
pruning layer 19 name self_attn.o_proj
pruning layer 19 name mlp.gate_proj
pruning layer 19 name mlp.down_proj
pruning layer 19 name mlp.up_proj
pruning layer 20 name self_attn.q_proj
pruning layer 20 name self_attn.k_proj
pruning layer 20 name self_attn.v_proj
pruning layer 20 name self_attn.o_proj
pruning layer 20 name mlp.gate_proj
pruning layer 20 name mlp.down_proj
pruning layer 20 name mlp.up_proj
pruning layer 21 name self_attn.q_proj
pruning layer 21 name self_attn.k_proj
pruning layer 21 name self_attn.v_proj
pruning layer 21 name self_attn.o_proj
pruning layer 21 name mlp.gate_proj
pruning layer 21 name mlp.down_proj
pruning layer 21 name mlp.up_proj
pruning layer 22 name self_attn.q_proj
pruning layer 22 name self_attn.k_proj
pruning layer 22 name self_attn.v_proj
pruning layer 22 name self_attn.o_proj
pruning layer 22 name mlp.gate_proj
pruning layer 22 name mlp.down_proj
pruning layer 22 name mlp.up_proj
pruning layer 23 name self_attn.q_proj
pruning layer 23 name self_attn.k_proj
pruning layer 23 name self_attn.v_proj
pruning layer 23 name self_attn.o_proj
pruning layer 23 name mlp.gate_proj
pruning layer 23 name mlp.down_proj
pruning layer 23 name mlp.up_proj
pruning layer 24 name self_attn.q_proj
pruning layer 24 name self_attn.k_proj
pruning layer 24 name self_attn.v_proj
pruning layer 24 name self_attn.o_proj
pruning layer 24 name mlp.gate_proj
pruning layer 24 name mlp.down_proj
pruning layer 24 name mlp.up_proj
pruning layer 25 name self_attn.q_proj
pruning layer 25 name self_attn.k_proj
pruning layer 25 name self_attn.v_proj
pruning layer 25 name self_attn.o_proj
pruning layer 25 name mlp.gate_proj
pruning layer 25 name mlp.down_proj
pruning layer 25 name mlp.up_proj
pruning layer 26 name self_attn.q_proj
pruning layer 26 name self_attn.k_proj
pruning layer 26 name self_attn.v_proj
pruning layer 26 name self_attn.o_proj
pruning layer 26 name mlp.gate_proj
pruning layer 26 name mlp.down_proj
pruning layer 26 name mlp.up_proj
pruning layer 27 name self_attn.q_proj
pruning layer 27 name self_attn.k_proj
pruning layer 27 name self_attn.v_proj
pruning layer 27 name self_attn.o_proj
pruning layer 27 name mlp.gate_proj
pruning layer 27 name mlp.down_proj
pruning layer 27 name mlp.up_proj
pruning layer 28 name self_attn.q_proj
pruning layer 28 name self_attn.k_proj
pruning layer 28 name self_attn.v_proj
pruning layer 28 name self_attn.o_proj
pruning layer 28 name mlp.gate_proj
pruning layer 28 name mlp.down_proj
pruning layer 28 name mlp.up_proj
pruning layer 29 name self_attn.q_proj
pruning layer 29 name self_attn.k_proj
pruning layer 29 name self_attn.v_proj
pruning layer 29 name self_attn.o_proj
pruning layer 29 name mlp.gate_proj
pruning layer 29 name mlp.down_proj
pruning layer 29 name mlp.up_proj
pruning layer 30 name self_attn.q_proj
pruning layer 30 name self_attn.k_proj
pruning layer 30 name self_attn.v_proj
pruning layer 30 name self_attn.o_proj
pruning layer 30 name mlp.gate_proj
pruning layer 30 name mlp.down_proj
pruning layer 30 name mlp.up_proj
pruning layer 31 name self_attn.q_proj
pruning layer 31 name self_attn.k_proj
pruning layer 31 name self_attn.v_proj
pruning layer 31 name self_attn.o_proj
pruning layer 31 name mlp.gate_proj
pruning layer 31 name mlp.down_proj
pruning layer 31 name mlp.up_proj
******************************
layer 0 sparsity 0.677013
layer 1 sparsity 0.665565
layer 2 sparsity 0.644782
layer 3 sparsity 0.596214
layer 4 sparsity 0.644531
layer 5 sparsity 0.656000
layer 6 sparsity 0.637240
layer 7 sparsity 0.645743
layer 8 sparsity 0.659696
layer 9 sparsity 0.663331
layer 10 sparsity 0.664333
layer 11 sparsity 0.666987
layer 12 sparsity 0.669431
layer 13 sparsity 0.679457
layer 14 sparsity 0.685787
layer 15 sparsity 0.701642
layer 16 sparsity 0.713131
layer 17 sparsity 0.720233
layer 18 sparsity 0.726833
layer 19 sparsity 0.732953
layer 20 sparsity 0.737821
layer 21 sparsity 0.737570
layer 22 sparsity 0.740725
layer 23 sparsity 0.740996
layer 24 sparsity 0.744862
layer 25 sparsity 0.741246
layer 26 sparsity 0.748077
layer 27 sparsity 0.750772
layer 28 sparsity 0.751963
layer 29 sparsity 0.756140
layer 30 sparsity 0.754177
layer 31 sparsity 0.741246
sparsity sanity check 0.6999
******************************
evaluating on wikitext2
nsamples 166
sample 0
sample 50
sample 100
sample 150
begin calcualte ppl
[TIME] this run took 450.96 seconds (7.52 min)
[RESULT] final ppl on wikitext = 30.2518
===== 1|0.01|0.5|exponential|0.01|0.1|False | 506s | exit=0 =====
/home/xiaokang/miniconda3/envs/prune_llm/lib/python3.9/site-packages/torch/torch_version.py:3: UserWarning: pkg_resources is deprecated as an API. See https://setuptools.pypa.io/en/latest/pkg_resources.html. The pkg_resources package is slated for removal as early as 2025-11-30. Refrain from using this package or pin to Setuptools<81.
  from pkg_resources import packaging  # type: ignore[attr-defined]
[DEBUG] running: /home/xiaokang/OWL/OWL-version2/risk-prune/main.py
[DEBUG] HF_ENDPOINT env: None
[DEBUG] HfApi endpoint: https://huggingface.co
# of gpus:  1
[DEBUG] Parsed args:
  nsamples               = 32
  risk_k                 = 1
  risk_probe             = 0.01
  risk_decay             = 0.5
  risk_decay_type        = exponential
  risk_decay_beta        = 0.01
  risk_alpha             = 0.1
  consider_current_layer_in_risk = True
Loading checkpoint shards:   0%|          | 0/2 [00:00<?, ?it/s]Loading checkpoint shards:  50%|█████     | 1/2 [00:26<00:26, 26.78s/it]Loading checkpoint shards: 100%|██████████| 2/2 [00:30<00:00, 13.14s/it]Loading checkpoint shards: 100%|██████████| 2/2 [00:30<00:00, 15.19s/it]
use device  cuda:0
target sparsity 0.7
pruning starts
loading calibration data
dataset loading complete
after adjustment [0.3248817  0.33944002 0.35454357 0.40342665 0.35494602 0.3434819
 0.3623185  0.3539229  0.3399182  0.33639407 0.3353067  0.33277458
 0.33039823 0.3202236  0.31397527 0.29815    0.28670153 0.27940598
 0.2728457  0.26665083 0.26183122 0.26206136 0.25902075 0.25869206
 0.25490734 0.25846854 0.25161168 0.24886997 0.24777514 0.24342664
 0.24643643 0.25719342] mean 0.3 max 0.40342665 min 0.24342664
pruning layer 0 name self_attn.q_proj
pruning layer 0 name self_attn.k_proj
pruning layer 0 name self_attn.v_proj
pruning layer 0 name self_attn.o_proj
pruning layer 0 name mlp.gate_proj
pruning layer 0 name mlp.down_proj
pruning layer 0 name mlp.up_proj
pruning layer 1 name self_attn.q_proj
pruning layer 1 name self_attn.k_proj
pruning layer 1 name self_attn.v_proj
pruning layer 1 name self_attn.o_proj
pruning layer 1 name mlp.gate_proj
pruning layer 1 name mlp.down_proj
pruning layer 1 name mlp.up_proj
pruning layer 2 name self_attn.q_proj
pruning layer 2 name self_attn.k_proj
pruning layer 2 name self_attn.v_proj
pruning layer 2 name self_attn.o_proj
pruning layer 2 name mlp.gate_proj
pruning layer 2 name mlp.down_proj
pruning layer 2 name mlp.up_proj
pruning layer 3 name self_attn.q_proj
pruning layer 3 name self_attn.k_proj
pruning layer 3 name self_attn.v_proj
pruning layer 3 name self_attn.o_proj
pruning layer 3 name mlp.gate_proj
pruning layer 3 name mlp.down_proj
pruning layer 3 name mlp.up_proj
pruning layer 4 name self_attn.q_proj
pruning layer 4 name self_attn.k_proj
pruning layer 4 name self_attn.v_proj
pruning layer 4 name self_attn.o_proj
pruning layer 4 name mlp.gate_proj
pruning layer 4 name mlp.down_proj
pruning layer 4 name mlp.up_proj
pruning layer 5 name self_attn.q_proj
pruning layer 5 name self_attn.k_proj
pruning layer 5 name self_attn.v_proj
pruning layer 5 name self_attn.o_proj
pruning layer 5 name mlp.gate_proj
pruning layer 5 name mlp.down_proj
pruning layer 5 name mlp.up_proj
pruning layer 6 name self_attn.q_proj
pruning layer 6 name self_attn.k_proj
pruning layer 6 name self_attn.v_proj
pruning layer 6 name self_attn.o_proj
pruning layer 6 name mlp.gate_proj
pruning layer 6 name mlp.down_proj
pruning layer 6 name mlp.up_proj
pruning layer 7 name self_attn.q_proj
pruning layer 7 name self_attn.k_proj
pruning layer 7 name self_attn.v_proj
pruning layer 7 name self_attn.o_proj
pruning layer 7 name mlp.gate_proj
pruning layer 7 name mlp.down_proj
pruning layer 7 name mlp.up_proj
pruning layer 8 name self_attn.q_proj
pruning layer 8 name self_attn.k_proj
pruning layer 8 name self_attn.v_proj
pruning layer 8 name self_attn.o_proj
pruning layer 8 name mlp.gate_proj
pruning layer 8 name mlp.down_proj
pruning layer 8 name mlp.up_proj
pruning layer 9 name self_attn.q_proj
pruning layer 9 name self_attn.k_proj
pruning layer 9 name self_attn.v_proj
pruning layer 9 name self_attn.o_proj
pruning layer 9 name mlp.gate_proj
pruning layer 9 name mlp.down_proj
pruning layer 9 name mlp.up_proj
pruning layer 10 name self_attn.q_proj
pruning layer 10 name self_attn.k_proj
pruning layer 10 name self_attn.v_proj
pruning layer 10 name self_attn.o_proj
pruning layer 10 name mlp.gate_proj
pruning layer 10 name mlp.down_proj
pruning layer 10 name mlp.up_proj
pruning layer 11 name self_attn.q_proj
pruning layer 11 name self_attn.k_proj
pruning layer 11 name self_attn.v_proj
pruning layer 11 name self_attn.o_proj
pruning layer 11 name mlp.gate_proj
pruning layer 11 name mlp.down_proj
pruning layer 11 name mlp.up_proj
pruning layer 12 name self_attn.q_proj
pruning layer 12 name self_attn.k_proj
pruning layer 12 name self_attn.v_proj
pruning layer 12 name self_attn.o_proj
pruning layer 12 name mlp.gate_proj
pruning layer 12 name mlp.down_proj
pruning layer 12 name mlp.up_proj
pruning layer 13 name self_attn.q_proj
pruning layer 13 name self_attn.k_proj
pruning layer 13 name self_attn.v_proj
pruning layer 13 name self_attn.o_proj
pruning layer 13 name mlp.gate_proj
pruning layer 13 name mlp.down_proj
pruning layer 13 name mlp.up_proj
pruning layer 14 name self_attn.q_proj
pruning layer 14 name self_attn.k_proj
pruning layer 14 name self_attn.v_proj
pruning layer 14 name self_attn.o_proj
pruning layer 14 name mlp.gate_proj
pruning layer 14 name mlp.down_proj
pruning layer 14 name mlp.up_proj
pruning layer 15 name self_attn.q_proj
pruning layer 15 name self_attn.k_proj
pruning layer 15 name self_attn.v_proj
pruning layer 15 name self_attn.o_proj
pruning layer 15 name mlp.gate_proj
pruning layer 15 name mlp.down_proj
pruning layer 15 name mlp.up_proj
pruning layer 16 name self_attn.q_proj
pruning layer 16 name self_attn.k_proj
pruning layer 16 name self_attn.v_proj
pruning layer 16 name self_attn.o_proj
pruning layer 16 name mlp.gate_proj
pruning layer 16 name mlp.down_proj
pruning layer 16 name mlp.up_proj
pruning layer 17 name self_attn.q_proj
pruning layer 17 name self_attn.k_proj
pruning layer 17 name self_attn.v_proj
pruning layer 17 name self_attn.o_proj
pruning layer 17 name mlp.gate_proj
pruning layer 17 name mlp.down_proj
pruning layer 17 name mlp.up_proj
pruning layer 18 name self_attn.q_proj
pruning layer 18 name self_attn.k_proj
pruning layer 18 name self_attn.v_proj
pruning layer 18 name self_attn.o_proj
pruning layer 18 name mlp.gate_proj
pruning layer 18 name mlp.down_proj
pruning layer 18 name mlp.up_proj
pruning layer 19 name self_attn.q_proj
pruning layer 19 name self_attn.k_proj
pruning layer 19 name self_attn.v_proj
pruning layer 19 name self_attn.o_proj
pruning layer 19 name mlp.gate_proj
pruning layer 19 name mlp.down_proj
pruning layer 19 name mlp.up_proj
pruning layer 20 name self_attn.q_proj
pruning layer 20 name self_attn.k_proj
pruning layer 20 name self_attn.v_proj
pruning layer 20 name self_attn.o_proj
pruning layer 20 name mlp.gate_proj
pruning layer 20 name mlp.down_proj
pruning layer 20 name mlp.up_proj
pruning layer 21 name self_attn.q_proj
pruning layer 21 name self_attn.k_proj
pruning layer 21 name self_attn.v_proj
pruning layer 21 name self_attn.o_proj
pruning layer 21 name mlp.gate_proj
pruning layer 21 name mlp.down_proj
pruning layer 21 name mlp.up_proj
pruning layer 22 name self_attn.q_proj
pruning layer 22 name self_attn.k_proj
pruning layer 22 name self_attn.v_proj
pruning layer 22 name self_attn.o_proj
pruning layer 22 name mlp.gate_proj
pruning layer 22 name mlp.down_proj
pruning layer 22 name mlp.up_proj
pruning layer 23 name self_attn.q_proj
pruning layer 23 name self_attn.k_proj
pruning layer 23 name self_attn.v_proj
pruning layer 23 name self_attn.o_proj
pruning layer 23 name mlp.gate_proj
pruning layer 23 name mlp.down_proj
pruning layer 23 name mlp.up_proj
pruning layer 24 name self_attn.q_proj
pruning layer 24 name self_attn.k_proj
pruning layer 24 name self_attn.v_proj
pruning layer 24 name self_attn.o_proj
pruning layer 24 name mlp.gate_proj
pruning layer 24 name mlp.down_proj
pruning layer 24 name mlp.up_proj
pruning layer 25 name self_attn.q_proj
pruning layer 25 name self_attn.k_proj
pruning layer 25 name self_attn.v_proj
pruning layer 25 name self_attn.o_proj
pruning layer 25 name mlp.gate_proj
pruning layer 25 name mlp.down_proj
pruning layer 25 name mlp.up_proj
pruning layer 26 name self_attn.q_proj
pruning layer 26 name self_attn.k_proj
pruning layer 26 name self_attn.v_proj
pruning layer 26 name self_attn.o_proj
pruning layer 26 name mlp.gate_proj
pruning layer 26 name mlp.down_proj
pruning layer 26 name mlp.up_proj
pruning layer 27 name self_attn.q_proj
pruning layer 27 name self_attn.k_proj
pruning layer 27 name self_attn.v_proj
pruning layer 27 name self_attn.o_proj
pruning layer 27 name mlp.gate_proj
pruning layer 27 name mlp.down_proj
pruning layer 27 name mlp.up_proj
pruning layer 28 name self_attn.q_proj
pruning layer 28 name self_attn.k_proj
pruning layer 28 name self_attn.v_proj
pruning layer 28 name self_attn.o_proj
pruning layer 28 name mlp.gate_proj
pruning layer 28 name mlp.down_proj
pruning layer 28 name mlp.up_proj
pruning layer 29 name self_attn.q_proj
pruning layer 29 name self_attn.k_proj
pruning layer 29 name self_attn.v_proj
pruning layer 29 name self_attn.o_proj
pruning layer 29 name mlp.gate_proj
pruning layer 29 name mlp.down_proj
pruning layer 29 name mlp.up_proj
pruning layer 30 name self_attn.q_proj
pruning layer 30 name self_attn.k_proj
pruning layer 30 name self_attn.v_proj
pruning layer 30 name self_attn.o_proj
pruning layer 30 name mlp.gate_proj
pruning layer 30 name mlp.down_proj
pruning layer 30 name mlp.up_proj
pruning layer 31 name self_attn.q_proj
pruning layer 31 name self_attn.k_proj
pruning layer 31 name self_attn.v_proj
pruning layer 31 name self_attn.o_proj
pruning layer 31 name mlp.gate_proj
pruning layer 31 name mlp.down_proj
pruning layer 31 name mlp.up_proj
******************************
layer 0 sparsity 0.675050
layer 1 sparsity 0.660427
layer 2 sparsity 0.645303
layer 3 sparsity 0.596465
layer 4 sparsity 0.645012
layer 5 sparsity 0.656480
layer 6 sparsity 0.637490
layer 7 sparsity 0.646014
layer 8 sparsity 0.659946
layer 9 sparsity 0.663562
layer 10 sparsity 0.664563
layer 11 sparsity 0.667028
layer 12 sparsity 0.669451
layer 13 sparsity 0.679688
layer 14 sparsity 0.685828
layer 15 sparsity 0.701683
layer 16 sparsity 0.713151
layer 17 sparsity 0.720483
layer 18 sparsity 0.727063
layer 19 sparsity 0.733183
layer 20 sparsity 0.738051
layer 21 sparsity 0.737821
layer 22 sparsity 0.740955
layer 23 sparsity 0.741226
layer 24 sparsity 0.744902
layer 25 sparsity 0.741456
layer 26 sparsity 0.748307
layer 27 sparsity 0.751002
layer 28 sparsity 0.752193
layer 29 sparsity 0.756391
layer 30 sparsity 0.753446
layer 31 sparsity 0.742688
sparsity sanity check 0.6999
******************************
evaluating on wikitext2
nsamples 166
sample 0
sample 50
sample 100
sample 150
begin calcualte ppl
[TIME] this run took 496.89 seconds (8.28 min)
[RESULT] final ppl on wikitext = 30.4264
===== 1|0.01|0.5|exponential|0.01|0.1|True | 454s | exit=0 =====
/home/xiaokang/miniconda3/envs/prune_llm/lib/python3.9/site-packages/torch/torch_version.py:3: UserWarning: pkg_resources is deprecated as an API. See https://setuptools.pypa.io/en/latest/pkg_resources.html. The pkg_resources package is slated for removal as early as 2025-11-30. Refrain from using this package or pin to Setuptools<81.
  from pkg_resources import packaging  # type: ignore[attr-defined]
[DEBUG] running: /home/xiaokang/OWL/OWL-version2/risk-prune/main.py
[DEBUG] HF_ENDPOINT env: None
[DEBUG] HfApi endpoint: https://huggingface.co
# of gpus:  1
[DEBUG] Parsed args:
  nsamples               = 32
  risk_k                 = 1
  risk_probe             = 0.01
  risk_decay             = 0.5
  risk_decay_type        = exponential
  risk_decay_beta        = 0.01
  risk_alpha             = 0.1
  consider_current_layer_in_risk = True
Loading checkpoint shards:   0%|          | 0/2 [00:00<?, ?it/s]Loading checkpoint shards:  50%|█████     | 1/2 [00:08<00:08,  8.84s/it]Loading checkpoint shards: 100%|██████████| 2/2 [00:11<00:00,  5.13s/it]Loading checkpoint shards: 100%|██████████| 2/2 [00:11<00:00,  5.68s/it]
use device  cuda:0
target sparsity 0.7
pruning starts
loading calibration data
dataset loading complete
after adjustment [0.3248817  0.33944002 0.35454357 0.40342665 0.35494602 0.3434819
 0.3623185  0.3539229  0.3399182  0.33639407 0.3353067  0.33277458
 0.33039823 0.3202236  0.31397527 0.29815    0.28670153 0.27940598
 0.2728457  0.26665083 0.26183122 0.26206136 0.25902075 0.25869206
 0.25490734 0.25846854 0.25161168 0.24886997 0.24777514 0.24342664
 0.24643643 0.25719342] mean 0.3 max 0.40342665 min 0.24342664
pruning layer 0 name self_attn.q_proj
pruning layer 0 name self_attn.k_proj
pruning layer 0 name self_attn.v_proj
pruning layer 0 name self_attn.o_proj
pruning layer 0 name mlp.gate_proj
pruning layer 0 name mlp.down_proj
pruning layer 0 name mlp.up_proj
pruning layer 1 name self_attn.q_proj
pruning layer 1 name self_attn.k_proj
pruning layer 1 name self_attn.v_proj
pruning layer 1 name self_attn.o_proj
pruning layer 1 name mlp.gate_proj
pruning layer 1 name mlp.down_proj
pruning layer 1 name mlp.up_proj
pruning layer 2 name self_attn.q_proj
pruning layer 2 name self_attn.k_proj
pruning layer 2 name self_attn.v_proj
pruning layer 2 name self_attn.o_proj
pruning layer 2 name mlp.gate_proj
pruning layer 2 name mlp.down_proj
pruning layer 2 name mlp.up_proj
pruning layer 3 name self_attn.q_proj
pruning layer 3 name self_attn.k_proj
pruning layer 3 name self_attn.v_proj
pruning layer 3 name self_attn.o_proj
pruning layer 3 name mlp.gate_proj
pruning layer 3 name mlp.down_proj
pruning layer 3 name mlp.up_proj
pruning layer 4 name self_attn.q_proj
pruning layer 4 name self_attn.k_proj
pruning layer 4 name self_attn.v_proj
pruning layer 4 name self_attn.o_proj
pruning layer 4 name mlp.gate_proj
pruning layer 4 name mlp.down_proj
pruning layer 4 name mlp.up_proj
pruning layer 5 name self_attn.q_proj
pruning layer 5 name self_attn.k_proj
pruning layer 5 name self_attn.v_proj
pruning layer 5 name self_attn.o_proj
pruning layer 5 name mlp.gate_proj
pruning layer 5 name mlp.down_proj
pruning layer 5 name mlp.up_proj
pruning layer 6 name self_attn.q_proj
pruning layer 6 name self_attn.k_proj
pruning layer 6 name self_attn.v_proj
pruning layer 6 name self_attn.o_proj
pruning layer 6 name mlp.gate_proj
pruning layer 6 name mlp.down_proj
pruning layer 6 name mlp.up_proj
pruning layer 7 name self_attn.q_proj
pruning layer 7 name self_attn.k_proj
pruning layer 7 name self_attn.v_proj
pruning layer 7 name self_attn.o_proj
pruning layer 7 name mlp.gate_proj
pruning layer 7 name mlp.down_proj
pruning layer 7 name mlp.up_proj
pruning layer 8 name self_attn.q_proj
pruning layer 8 name self_attn.k_proj
pruning layer 8 name self_attn.v_proj
pruning layer 8 name self_attn.o_proj
pruning layer 8 name mlp.gate_proj
pruning layer 8 name mlp.down_proj
pruning layer 8 name mlp.up_proj
pruning layer 9 name self_attn.q_proj
pruning layer 9 name self_attn.k_proj
pruning layer 9 name self_attn.v_proj
pruning layer 9 name self_attn.o_proj
pruning layer 9 name mlp.gate_proj
pruning layer 9 name mlp.down_proj
pruning layer 9 name mlp.up_proj
pruning layer 10 name self_attn.q_proj
pruning layer 10 name self_attn.k_proj
pruning layer 10 name self_attn.v_proj
pruning layer 10 name self_attn.o_proj
pruning layer 10 name mlp.gate_proj
pruning layer 10 name mlp.down_proj
pruning layer 10 name mlp.up_proj
pruning layer 11 name self_attn.q_proj
pruning layer 11 name self_attn.k_proj
pruning layer 11 name self_attn.v_proj
pruning layer 11 name self_attn.o_proj
pruning layer 11 name mlp.gate_proj
pruning layer 11 name mlp.down_proj
pruning layer 11 name mlp.up_proj
pruning layer 12 name self_attn.q_proj
pruning layer 12 name self_attn.k_proj
pruning layer 12 name self_attn.v_proj
pruning layer 12 name self_attn.o_proj
pruning layer 12 name mlp.gate_proj
pruning layer 12 name mlp.down_proj
pruning layer 12 name mlp.up_proj
pruning layer 13 name self_attn.q_proj
pruning layer 13 name self_attn.k_proj
pruning layer 13 name self_attn.v_proj
pruning layer 13 name self_attn.o_proj
pruning layer 13 name mlp.gate_proj
pruning layer 13 name mlp.down_proj
pruning layer 13 name mlp.up_proj
pruning layer 14 name self_attn.q_proj
pruning layer 14 name self_attn.k_proj
pruning layer 14 name self_attn.v_proj
pruning layer 14 name self_attn.o_proj
pruning layer 14 name mlp.gate_proj
pruning layer 14 name mlp.down_proj
pruning layer 14 name mlp.up_proj
pruning layer 15 name self_attn.q_proj
pruning layer 15 name self_attn.k_proj
pruning layer 15 name self_attn.v_proj
pruning layer 15 name self_attn.o_proj
pruning layer 15 name mlp.gate_proj
pruning layer 15 name mlp.down_proj
pruning layer 15 name mlp.up_proj
pruning layer 16 name self_attn.q_proj
pruning layer 16 name self_attn.k_proj
pruning layer 16 name self_attn.v_proj
pruning layer 16 name self_attn.o_proj
pruning layer 16 name mlp.gate_proj
pruning layer 16 name mlp.down_proj
pruning layer 16 name mlp.up_proj
pruning layer 17 name self_attn.q_proj
pruning layer 17 name self_attn.k_proj
pruning layer 17 name self_attn.v_proj
pruning layer 17 name self_attn.o_proj
pruning layer 17 name mlp.gate_proj
pruning layer 17 name mlp.down_proj
pruning layer 17 name mlp.up_proj
pruning layer 18 name self_attn.q_proj
pruning layer 18 name self_attn.k_proj
pruning layer 18 name self_attn.v_proj
pruning layer 18 name self_attn.o_proj
pruning layer 18 name mlp.gate_proj
pruning layer 18 name mlp.down_proj
pruning layer 18 name mlp.up_proj
pruning layer 19 name self_attn.q_proj
pruning layer 19 name self_attn.k_proj
pruning layer 19 name self_attn.v_proj
pruning layer 19 name self_attn.o_proj
pruning layer 19 name mlp.gate_proj
pruning layer 19 name mlp.down_proj
pruning layer 19 name mlp.up_proj
pruning layer 20 name self_attn.q_proj
pruning layer 20 name self_attn.k_proj
pruning layer 20 name self_attn.v_proj
pruning layer 20 name self_attn.o_proj
pruning layer 20 name mlp.gate_proj
pruning layer 20 name mlp.down_proj
pruning layer 20 name mlp.up_proj
pruning layer 21 name self_attn.q_proj
pruning layer 21 name self_attn.k_proj
pruning layer 21 name self_attn.v_proj
pruning layer 21 name self_attn.o_proj
pruning layer 21 name mlp.gate_proj
pruning layer 21 name mlp.down_proj
pruning layer 21 name mlp.up_proj
pruning layer 22 name self_attn.q_proj
pruning layer 22 name self_attn.k_proj
pruning layer 22 name self_attn.v_proj
pruning layer 22 name self_attn.o_proj
pruning layer 22 name mlp.gate_proj
pruning layer 22 name mlp.down_proj
pruning layer 22 name mlp.up_proj
pruning layer 23 name self_attn.q_proj
pruning layer 23 name self_attn.k_proj
pruning layer 23 name self_attn.v_proj
pruning layer 23 name self_attn.o_proj
pruning layer 23 name mlp.gate_proj
pruning layer 23 name mlp.down_proj
pruning layer 23 name mlp.up_proj
pruning layer 24 name self_attn.q_proj
pruning layer 24 name self_attn.k_proj
pruning layer 24 name self_attn.v_proj
pruning layer 24 name self_attn.o_proj
pruning layer 24 name mlp.gate_proj
pruning layer 24 name mlp.down_proj
pruning layer 24 name mlp.up_proj
pruning layer 25 name self_attn.q_proj
pruning layer 25 name self_attn.k_proj
pruning layer 25 name self_attn.v_proj
pruning layer 25 name self_attn.o_proj
pruning layer 25 name mlp.gate_proj
pruning layer 25 name mlp.down_proj
pruning layer 25 name mlp.up_proj
pruning layer 26 name self_attn.q_proj
pruning layer 26 name self_attn.k_proj
pruning layer 26 name self_attn.v_proj
pruning layer 26 name self_attn.o_proj
pruning layer 26 name mlp.gate_proj
pruning layer 26 name mlp.down_proj
pruning layer 26 name mlp.up_proj
pruning layer 27 name self_attn.q_proj
pruning layer 27 name self_attn.k_proj
pruning layer 27 name self_attn.v_proj
pruning layer 27 name self_attn.o_proj
pruning layer 27 name mlp.gate_proj
pruning layer 27 name mlp.down_proj
pruning layer 27 name mlp.up_proj
pruning layer 28 name self_attn.q_proj
pruning layer 28 name self_attn.k_proj
pruning layer 28 name self_attn.v_proj
pruning layer 28 name self_attn.o_proj
pruning layer 28 name mlp.gate_proj
pruning layer 28 name mlp.down_proj
pruning layer 28 name mlp.up_proj
pruning layer 29 name self_attn.q_proj
pruning layer 29 name self_attn.k_proj
pruning layer 29 name self_attn.v_proj
pruning layer 29 name self_attn.o_proj
pruning layer 29 name mlp.gate_proj
pruning layer 29 name mlp.down_proj
pruning layer 29 name mlp.up_proj
pruning layer 30 name self_attn.q_proj
pruning layer 30 name self_attn.k_proj
pruning layer 30 name self_attn.v_proj
pruning layer 30 name self_attn.o_proj
pruning layer 30 name mlp.gate_proj
pruning layer 30 name mlp.down_proj
pruning layer 30 name mlp.up_proj
pruning layer 31 name self_attn.q_proj
pruning layer 31 name self_attn.k_proj
pruning layer 31 name self_attn.v_proj
pruning layer 31 name self_attn.o_proj
pruning layer 31 name mlp.gate_proj
pruning layer 31 name mlp.down_proj
pruning layer 31 name mlp.up_proj
******************************
layer 0 sparsity 0.675050
layer 1 sparsity 0.660427
layer 2 sparsity 0.645303
layer 3 sparsity 0.596465
layer 4 sparsity 0.645012
layer 5 sparsity 0.656480
layer 6 sparsity 0.637490
layer 7 sparsity 0.646014
layer 8 sparsity 0.659946
layer 9 sparsity 0.663562
layer 10 sparsity 0.664563
layer 11 sparsity 0.667028
layer 12 sparsity 0.669451
layer 13 sparsity 0.679688
layer 14 sparsity 0.685828
layer 15 sparsity 0.701683
layer 16 sparsity 0.713151
layer 17 sparsity 0.720483
layer 18 sparsity 0.727063
layer 19 sparsity 0.733183
layer 20 sparsity 0.738051
layer 21 sparsity 0.737821
layer 22 sparsity 0.740955
layer 23 sparsity 0.741226
layer 24 sparsity 0.744902
layer 25 sparsity 0.741456
layer 26 sparsity 0.748307
layer 27 sparsity 0.751002
layer 28 sparsity 0.752193
layer 29 sparsity 0.756391
layer 30 sparsity 0.753446
layer 31 sparsity 0.742688
sparsity sanity check 0.6999
******************************
evaluating on wikitext2
nsamples 166
sample 0
sample 50
sample 100
sample 150
begin calcualte ppl
[TIME] this run took 450.32 seconds (7.51 min)
[RESULT] final ppl on wikitext = 30.4264
===== 1|0.01|0.5|exponential|0.01|0.15|False | 452s | exit=0 =====
/home/xiaokang/miniconda3/envs/prune_llm/lib/python3.9/site-packages/torch/torch_version.py:3: UserWarning: pkg_resources is deprecated as an API. See https://setuptools.pypa.io/en/latest/pkg_resources.html. The pkg_resources package is slated for removal as early as 2025-11-30. Refrain from using this package or pin to Setuptools<81.
  from pkg_resources import packaging  # type: ignore[attr-defined]
[DEBUG] running: /home/xiaokang/OWL/OWL-version2/risk-prune/main.py
[DEBUG] HF_ENDPOINT env: None
[DEBUG] HfApi endpoint: https://huggingface.co
# of gpus:  1
[DEBUG] Parsed args:
  nsamples               = 32
  risk_k                 = 1
  risk_probe             = 0.01
  risk_decay             = 0.5
  risk_decay_type        = exponential
  risk_decay_beta        = 0.01
  risk_alpha             = 0.15
  consider_current_layer_in_risk = True
Loading checkpoint shards:   0%|          | 0/2 [00:00<?, ?it/s]Loading checkpoint shards:  50%|█████     | 1/2 [00:08<00:08,  8.76s/it]Loading checkpoint shards: 100%|██████████| 2/2 [00:11<00:00,  5.01s/it]Loading checkpoint shards: 100%|██████████| 2/2 [00:11<00:00,  5.57s/it]
use device  cuda:0
target sparsity 0.7
pruning starts
loading calibration data
dataset loading complete
after adjustment [0.32707992 0.34531233 0.35389048 0.4031614  0.35445523 0.34297064
 0.36198872 0.3536077  0.339593   0.33610612 0.3350647  0.33256647
 0.3302179  0.31999615 0.31378096 0.29794466 0.286534   0.27914813
 0.27261335 0.2664043  0.26162463 0.26181936 0.2588226  0.2585055
 0.25468913 0.25835195 0.25146654 0.24865809 0.24756482 0.2431614
 0.24725054 0.25564945] mean 0.3 max 0.4031614 min 0.2431614
pruning layer 0 name self_attn.q_proj
pruning layer 0 name self_attn.k_proj
pruning layer 0 name self_attn.v_proj
pruning layer 0 name self_attn.o_proj
pruning layer 0 name mlp.gate_proj
pruning layer 0 name mlp.down_proj
pruning layer 0 name mlp.up_proj
pruning layer 1 name self_attn.q_proj
pruning layer 1 name self_attn.k_proj
pruning layer 1 name self_attn.v_proj
pruning layer 1 name self_attn.o_proj
pruning layer 1 name mlp.gate_proj
pruning layer 1 name mlp.down_proj
pruning layer 1 name mlp.up_proj
pruning layer 2 name self_attn.q_proj
pruning layer 2 name self_attn.k_proj
pruning layer 2 name self_attn.v_proj
pruning layer 2 name self_attn.o_proj
pruning layer 2 name mlp.gate_proj
pruning layer 2 name mlp.down_proj
pruning layer 2 name mlp.up_proj
pruning layer 3 name self_attn.q_proj
pruning layer 3 name self_attn.k_proj
pruning layer 3 name self_attn.v_proj
pruning layer 3 name self_attn.o_proj
pruning layer 3 name mlp.gate_proj
pruning layer 3 name mlp.down_proj
pruning layer 3 name mlp.up_proj
pruning layer 4 name self_attn.q_proj
pruning layer 4 name self_attn.k_proj
pruning layer 4 name self_attn.v_proj
pruning layer 4 name self_attn.o_proj
pruning layer 4 name mlp.gate_proj
pruning layer 4 name mlp.down_proj
pruning layer 4 name mlp.up_proj
pruning layer 5 name self_attn.q_proj
pruning layer 5 name self_attn.k_proj
pruning layer 5 name self_attn.v_proj
pruning layer 5 name self_attn.o_proj
pruning layer 5 name mlp.gate_proj
pruning layer 5 name mlp.down_proj
pruning layer 5 name mlp.up_proj
pruning layer 6 name self_attn.q_proj
pruning layer 6 name self_attn.k_proj
pruning layer 6 name self_attn.v_proj
pruning layer 6 name self_attn.o_proj
pruning layer 6 name mlp.gate_proj
pruning layer 6 name mlp.down_proj
pruning layer 6 name mlp.up_proj
pruning layer 7 name self_attn.q_proj
pruning layer 7 name self_attn.k_proj
pruning layer 7 name self_attn.v_proj
pruning layer 7 name self_attn.o_proj
pruning layer 7 name mlp.gate_proj
pruning layer 7 name mlp.down_proj
pruning layer 7 name mlp.up_proj
pruning layer 8 name self_attn.q_proj
pruning layer 8 name self_attn.k_proj
pruning layer 8 name self_attn.v_proj
pruning layer 8 name self_attn.o_proj
pruning layer 8 name mlp.gate_proj
pruning layer 8 name mlp.down_proj
pruning layer 8 name mlp.up_proj
pruning layer 9 name self_attn.q_proj
pruning layer 9 name self_attn.k_proj
pruning layer 9 name self_attn.v_proj
pruning layer 9 name self_attn.o_proj
pruning layer 9 name mlp.gate_proj
pruning layer 9 name mlp.down_proj
pruning layer 9 name mlp.up_proj
pruning layer 10 name self_attn.q_proj
pruning layer 10 name self_attn.k_proj
pruning layer 10 name self_attn.v_proj
pruning layer 10 name self_attn.o_proj
pruning layer 10 name mlp.gate_proj
pruning layer 10 name mlp.down_proj
pruning layer 10 name mlp.up_proj
pruning layer 11 name self_attn.q_proj
pruning layer 11 name self_attn.k_proj
pruning layer 11 name self_attn.v_proj
pruning layer 11 name self_attn.o_proj
pruning layer 11 name mlp.gate_proj
pruning layer 11 name mlp.down_proj
pruning layer 11 name mlp.up_proj
pruning layer 12 name self_attn.q_proj
pruning layer 12 name self_attn.k_proj
pruning layer 12 name self_attn.v_proj
pruning layer 12 name self_attn.o_proj
pruning layer 12 name mlp.gate_proj
pruning layer 12 name mlp.down_proj
pruning layer 12 name mlp.up_proj
pruning layer 13 name self_attn.q_proj
pruning layer 13 name self_attn.k_proj
pruning layer 13 name self_attn.v_proj
pruning layer 13 name self_attn.o_proj
pruning layer 13 name mlp.gate_proj
pruning layer 13 name mlp.down_proj
pruning layer 13 name mlp.up_proj
pruning layer 14 name self_attn.q_proj
pruning layer 14 name self_attn.k_proj
pruning layer 14 name self_attn.v_proj
pruning layer 14 name self_attn.o_proj
pruning layer 14 name mlp.gate_proj
pruning layer 14 name mlp.down_proj
pruning layer 14 name mlp.up_proj
pruning layer 15 name self_attn.q_proj
pruning layer 15 name self_attn.k_proj
pruning layer 15 name self_attn.v_proj
pruning layer 15 name self_attn.o_proj
pruning layer 15 name mlp.gate_proj
pruning layer 15 name mlp.down_proj
pruning layer 15 name mlp.up_proj
pruning layer 16 name self_attn.q_proj
pruning layer 16 name self_attn.k_proj
pruning layer 16 name self_attn.v_proj
pruning layer 16 name self_attn.o_proj
pruning layer 16 name mlp.gate_proj
pruning layer 16 name mlp.down_proj
pruning layer 16 name mlp.up_proj
pruning layer 17 name self_attn.q_proj
pruning layer 17 name self_attn.k_proj
pruning layer 17 name self_attn.v_proj
pruning layer 17 name self_attn.o_proj
pruning layer 17 name mlp.gate_proj
pruning layer 17 name mlp.down_proj
pruning layer 17 name mlp.up_proj
pruning layer 18 name self_attn.q_proj
pruning layer 18 name self_attn.k_proj
pruning layer 18 name self_attn.v_proj
pruning layer 18 name self_attn.o_proj
pruning layer 18 name mlp.gate_proj
pruning layer 18 name mlp.down_proj
pruning layer 18 name mlp.up_proj
pruning layer 19 name self_attn.q_proj
pruning layer 19 name self_attn.k_proj
pruning layer 19 name self_attn.v_proj
pruning layer 19 name self_attn.o_proj
pruning layer 19 name mlp.gate_proj
pruning layer 19 name mlp.down_proj
pruning layer 19 name mlp.up_proj
pruning layer 20 name self_attn.q_proj
pruning layer 20 name self_attn.k_proj
pruning layer 20 name self_attn.v_proj
pruning layer 20 name self_attn.o_proj
pruning layer 20 name mlp.gate_proj
pruning layer 20 name mlp.down_proj
pruning layer 20 name mlp.up_proj
pruning layer 21 name self_attn.q_proj
pruning layer 21 name self_attn.k_proj
pruning layer 21 name self_attn.v_proj
pruning layer 21 name self_attn.o_proj
pruning layer 21 name mlp.gate_proj
pruning layer 21 name mlp.down_proj
pruning layer 21 name mlp.up_proj
pruning layer 22 name self_attn.q_proj
pruning layer 22 name self_attn.k_proj
pruning layer 22 name self_attn.v_proj
pruning layer 22 name self_attn.o_proj
pruning layer 22 name mlp.gate_proj
pruning layer 22 name mlp.down_proj
pruning layer 22 name mlp.up_proj
pruning layer 23 name self_attn.q_proj
pruning layer 23 name self_attn.k_proj
pruning layer 23 name self_attn.v_proj
pruning layer 23 name self_attn.o_proj
pruning layer 23 name mlp.gate_proj
pruning layer 23 name mlp.down_proj
pruning layer 23 name mlp.up_proj
pruning layer 24 name self_attn.q_proj
pruning layer 24 name self_attn.k_proj
pruning layer 24 name self_attn.v_proj
pruning layer 24 name self_attn.o_proj
pruning layer 24 name mlp.gate_proj
pruning layer 24 name mlp.down_proj
pruning layer 24 name mlp.up_proj
pruning layer 25 name self_attn.q_proj
pruning layer 25 name self_attn.k_proj
pruning layer 25 name self_attn.v_proj
pruning layer 25 name self_attn.o_proj
pruning layer 25 name mlp.gate_proj
pruning layer 25 name mlp.down_proj
pruning layer 25 name mlp.up_proj
pruning layer 26 name self_attn.q_proj
pruning layer 26 name self_attn.k_proj
pruning layer 26 name self_attn.v_proj
pruning layer 26 name self_attn.o_proj
pruning layer 26 name mlp.gate_proj
pruning layer 26 name mlp.down_proj
pruning layer 26 name mlp.up_proj
pruning layer 27 name self_attn.q_proj
pruning layer 27 name self_attn.k_proj
pruning layer 27 name self_attn.v_proj
pruning layer 27 name self_attn.o_proj
pruning layer 27 name mlp.gate_proj
pruning layer 27 name mlp.down_proj
pruning layer 27 name mlp.up_proj
pruning layer 28 name self_attn.q_proj
pruning layer 28 name self_attn.k_proj
pruning layer 28 name self_attn.v_proj
pruning layer 28 name self_attn.o_proj
pruning layer 28 name mlp.gate_proj
pruning layer 28 name mlp.down_proj
pruning layer 28 name mlp.up_proj
pruning layer 29 name self_attn.q_proj
pruning layer 29 name self_attn.k_proj
pruning layer 29 name self_attn.v_proj
pruning layer 29 name self_attn.o_proj
pruning layer 29 name mlp.gate_proj
pruning layer 29 name mlp.down_proj
pruning layer 29 name mlp.up_proj
pruning layer 30 name self_attn.q_proj
pruning layer 30 name self_attn.k_proj
pruning layer 30 name self_attn.v_proj
pruning layer 30 name self_attn.o_proj
pruning layer 30 name mlp.gate_proj
pruning layer 30 name mlp.down_proj
pruning layer 30 name mlp.up_proj
pruning layer 31 name self_attn.q_proj
pruning layer 31 name self_attn.k_proj
pruning layer 31 name self_attn.v_proj
pruning layer 31 name self_attn.o_proj
pruning layer 31 name mlp.gate_proj
pruning layer 31 name mlp.down_proj
pruning layer 31 name mlp.up_proj
******************************
layer 0 sparsity 0.672857
layer 1 sparsity 0.654557
layer 2 sparsity 0.646014
layer 3 sparsity 0.596695
layer 4 sparsity 0.645513
layer 5 sparsity 0.656981
layer 6 sparsity 0.637951
layer 7 sparsity 0.646264
layer 8 sparsity 0.660386
layer 9 sparsity 0.663832
layer 10 sparsity 0.664814
layer 11 sparsity 0.667278
layer 12 sparsity 0.669682
layer 13 sparsity 0.679938
layer 14 sparsity 0.686058
layer 15 sparsity 0.701933
layer 16 sparsity 0.713381
layer 17 sparsity 0.720733
layer 18 sparsity 0.727314
layer 19 sparsity 0.733434
layer 20 sparsity 0.738301
layer 21 sparsity 0.738051
layer 22 sparsity 0.740996
layer 23 sparsity 0.741456
layer 24 sparsity 0.745153
layer 25 sparsity 0.741497
layer 26 sparsity 0.748328
layer 27 sparsity 0.751232
layer 28 sparsity 0.752234
layer 29 sparsity 0.756831
layer 30 sparsity 0.752694
layer 31 sparsity 0.744171
sparsity sanity check 0.6999
******************************
evaluating on wikitext2
nsamples 166
sample 0
sample 50
sample 100
sample 150
begin calcualte ppl
[TIME] this run took 447.78 seconds (7.46 min)
[RESULT] final ppl on wikitext = 30.6250
===== 1|0.01|0.5|exponential|0.01|0.15|True | 488s | exit=0 =====
/home/xiaokang/miniconda3/envs/prune_llm/lib/python3.9/site-packages/torch/torch_version.py:3: UserWarning: pkg_resources is deprecated as an API. See https://setuptools.pypa.io/en/latest/pkg_resources.html. The pkg_resources package is slated for removal as early as 2025-11-30. Refrain from using this package or pin to Setuptools<81.
  from pkg_resources import packaging  # type: ignore[attr-defined]
[DEBUG] running: /home/xiaokang/OWL/OWL-version2/risk-prune/main.py
[DEBUG] HF_ENDPOINT env: None
[DEBUG] HfApi endpoint: https://huggingface.co
# of gpus:  1
[DEBUG] Parsed args:
  nsamples               = 32
  risk_k                 = 1
  risk_probe             = 0.01
  risk_decay             = 0.5
  risk_decay_type        = exponential
  risk_decay_beta        = 0.01
  risk_alpha             = 0.15
  consider_current_layer_in_risk = True
Loading checkpoint shards:   0%|          | 0/2 [00:00<?, ?it/s]Loading checkpoint shards:  50%|█████     | 1/2 [00:07<00:07,  7.90s/it]Loading checkpoint shards: 100%|██████████| 2/2 [00:09<00:00,  4.46s/it]Loading checkpoint shards: 100%|██████████| 2/2 [00:09<00:00,  4.98s/it]
use device  cuda:0
target sparsity 0.7
pruning starts
loading calibration data
dataset loading complete
after adjustment [0.32707992 0.34531233 0.35389048 0.4031614  0.35445523 0.34297064
 0.36198872 0.3536077  0.339593   0.33610612 0.3350647  0.33256647
 0.3302179  0.31999615 0.31378096 0.29794466 0.286534   0.27914813
 0.27261335 0.2664043  0.26162463 0.26181936 0.2588226  0.2585055
 0.25468913 0.25835195 0.25146654 0.24865809 0.24756482 0.2431614
 0.24725054 0.25564945] mean 0.3 max 0.4031614 min 0.2431614
pruning layer 0 name self_attn.q_proj
pruning layer 0 name self_attn.k_proj
pruning layer 0 name self_attn.v_proj
pruning layer 0 name self_attn.o_proj
pruning layer 0 name mlp.gate_proj
pruning layer 0 name mlp.down_proj
pruning layer 0 name mlp.up_proj
pruning layer 1 name self_attn.q_proj
pruning layer 1 name self_attn.k_proj
pruning layer 1 name self_attn.v_proj
pruning layer 1 name self_attn.o_proj
pruning layer 1 name mlp.gate_proj
pruning layer 1 name mlp.down_proj
pruning layer 1 name mlp.up_proj
pruning layer 2 name self_attn.q_proj
pruning layer 2 name self_attn.k_proj
pruning layer 2 name self_attn.v_proj
pruning layer 2 name self_attn.o_proj
pruning layer 2 name mlp.gate_proj
pruning layer 2 name mlp.down_proj
pruning layer 2 name mlp.up_proj
pruning layer 3 name self_attn.q_proj
pruning layer 3 name self_attn.k_proj
pruning layer 3 name self_attn.v_proj
pruning layer 3 name self_attn.o_proj
pruning layer 3 name mlp.gate_proj
pruning layer 3 name mlp.down_proj
pruning layer 3 name mlp.up_proj
pruning layer 4 name self_attn.q_proj
pruning layer 4 name self_attn.k_proj
pruning layer 4 name self_attn.v_proj
pruning layer 4 name self_attn.o_proj
pruning layer 4 name mlp.gate_proj
pruning layer 4 name mlp.down_proj
pruning layer 4 name mlp.up_proj
pruning layer 5 name self_attn.q_proj
pruning layer 5 name self_attn.k_proj
pruning layer 5 name self_attn.v_proj
pruning layer 5 name self_attn.o_proj
pruning layer 5 name mlp.gate_proj
pruning layer 5 name mlp.down_proj
pruning layer 5 name mlp.up_proj
pruning layer 6 name self_attn.q_proj
pruning layer 6 name self_attn.k_proj
pruning layer 6 name self_attn.v_proj
pruning layer 6 name self_attn.o_proj
pruning layer 6 name mlp.gate_proj
pruning layer 6 name mlp.down_proj
pruning layer 6 name mlp.up_proj
pruning layer 7 name self_attn.q_proj
pruning layer 7 name self_attn.k_proj
pruning layer 7 name self_attn.v_proj
pruning layer 7 name self_attn.o_proj
pruning layer 7 name mlp.gate_proj
pruning layer 7 name mlp.down_proj
pruning layer 7 name mlp.up_proj
pruning layer 8 name self_attn.q_proj
pruning layer 8 name self_attn.k_proj
pruning layer 8 name self_attn.v_proj
pruning layer 8 name self_attn.o_proj
pruning layer 8 name mlp.gate_proj
pruning layer 8 name mlp.down_proj
pruning layer 8 name mlp.up_proj
pruning layer 9 name self_attn.q_proj
pruning layer 9 name self_attn.k_proj
pruning layer 9 name self_attn.v_proj
pruning layer 9 name self_attn.o_proj
pruning layer 9 name mlp.gate_proj
pruning layer 9 name mlp.down_proj
pruning layer 9 name mlp.up_proj
pruning layer 10 name self_attn.q_proj
pruning layer 10 name self_attn.k_proj
pruning layer 10 name self_attn.v_proj
pruning layer 10 name self_attn.o_proj
pruning layer 10 name mlp.gate_proj
pruning layer 10 name mlp.down_proj
pruning layer 10 name mlp.up_proj
pruning layer 11 name self_attn.q_proj
pruning layer 11 name self_attn.k_proj
pruning layer 11 name self_attn.v_proj
pruning layer 11 name self_attn.o_proj
pruning layer 11 name mlp.gate_proj
pruning layer 11 name mlp.down_proj
pruning layer 11 name mlp.up_proj
pruning layer 12 name self_attn.q_proj
pruning layer 12 name self_attn.k_proj
pruning layer 12 name self_attn.v_proj
pruning layer 12 name self_attn.o_proj
pruning layer 12 name mlp.gate_proj
pruning layer 12 name mlp.down_proj
pruning layer 12 name mlp.up_proj
pruning layer 13 name self_attn.q_proj
pruning layer 13 name self_attn.k_proj
pruning layer 13 name self_attn.v_proj
pruning layer 13 name self_attn.o_proj
pruning layer 13 name mlp.gate_proj
pruning layer 13 name mlp.down_proj
pruning layer 13 name mlp.up_proj
pruning layer 14 name self_attn.q_proj
pruning layer 14 name self_attn.k_proj
pruning layer 14 name self_attn.v_proj
pruning layer 14 name self_attn.o_proj
pruning layer 14 name mlp.gate_proj
pruning layer 14 name mlp.down_proj
pruning layer 14 name mlp.up_proj
pruning layer 15 name self_attn.q_proj
pruning layer 15 name self_attn.k_proj
pruning layer 15 name self_attn.v_proj
pruning layer 15 name self_attn.o_proj
pruning layer 15 name mlp.gate_proj
pruning layer 15 name mlp.down_proj
pruning layer 15 name mlp.up_proj
pruning layer 16 name self_attn.q_proj
pruning layer 16 name self_attn.k_proj
pruning layer 16 name self_attn.v_proj
pruning layer 16 name self_attn.o_proj
pruning layer 16 name mlp.gate_proj
pruning layer 16 name mlp.down_proj
pruning layer 16 name mlp.up_proj
pruning layer 17 name self_attn.q_proj
pruning layer 17 name self_attn.k_proj
pruning layer 17 name self_attn.v_proj
pruning layer 17 name self_attn.o_proj
pruning layer 17 name mlp.gate_proj
pruning layer 17 name mlp.down_proj
pruning layer 17 name mlp.up_proj
pruning layer 18 name self_attn.q_proj
pruning layer 18 name self_attn.k_proj
pruning layer 18 name self_attn.v_proj
pruning layer 18 name self_attn.o_proj
pruning layer 18 name mlp.gate_proj
pruning layer 18 name mlp.down_proj
pruning layer 18 name mlp.up_proj
pruning layer 19 name self_attn.q_proj
pruning layer 19 name self_attn.k_proj
pruning layer 19 name self_attn.v_proj
pruning layer 19 name self_attn.o_proj
pruning layer 19 name mlp.gate_proj
pruning layer 19 name mlp.down_proj
pruning layer 19 name mlp.up_proj
pruning layer 20 name self_attn.q_proj
pruning layer 20 name self_attn.k_proj
pruning layer 20 name self_attn.v_proj
pruning layer 20 name self_attn.o_proj
pruning layer 20 name mlp.gate_proj
pruning layer 20 name mlp.down_proj
pruning layer 20 name mlp.up_proj
pruning layer 21 name self_attn.q_proj
pruning layer 21 name self_attn.k_proj
pruning layer 21 name self_attn.v_proj
pruning layer 21 name self_attn.o_proj
pruning layer 21 name mlp.gate_proj
pruning layer 21 name mlp.down_proj
pruning layer 21 name mlp.up_proj
pruning layer 22 name self_attn.q_proj
pruning layer 22 name self_attn.k_proj
pruning layer 22 name self_attn.v_proj
pruning layer 22 name self_attn.o_proj
pruning layer 22 name mlp.gate_proj
pruning layer 22 name mlp.down_proj
pruning layer 22 name mlp.up_proj
pruning layer 23 name self_attn.q_proj
pruning layer 23 name self_attn.k_proj
pruning layer 23 name self_attn.v_proj
pruning layer 23 name self_attn.o_proj
pruning layer 23 name mlp.gate_proj
pruning layer 23 name mlp.down_proj
pruning layer 23 name mlp.up_proj
pruning layer 24 name self_attn.q_proj
pruning layer 24 name self_attn.k_proj
pruning layer 24 name self_attn.v_proj
pruning layer 24 name self_attn.o_proj
pruning layer 24 name mlp.gate_proj
pruning layer 24 name mlp.down_proj
pruning layer 24 name mlp.up_proj
pruning layer 25 name self_attn.q_proj
pruning layer 25 name self_attn.k_proj
pruning layer 25 name self_attn.v_proj
pruning layer 25 name self_attn.o_proj
pruning layer 25 name mlp.gate_proj
pruning layer 25 name mlp.down_proj
pruning layer 25 name mlp.up_proj
pruning layer 26 name self_attn.q_proj
pruning layer 26 name self_attn.k_proj
pruning layer 26 name self_attn.v_proj
pruning layer 26 name self_attn.o_proj
pruning layer 26 name mlp.gate_proj
pruning layer 26 name mlp.down_proj
pruning layer 26 name mlp.up_proj
pruning layer 27 name self_attn.q_proj
pruning layer 27 name self_attn.k_proj
pruning layer 27 name self_attn.v_proj
pruning layer 27 name self_attn.o_proj
pruning layer 27 name mlp.gate_proj
pruning layer 27 name mlp.down_proj
pruning layer 27 name mlp.up_proj
pruning layer 28 name self_attn.q_proj
pruning layer 28 name self_attn.k_proj
pruning layer 28 name self_attn.v_proj
pruning layer 28 name self_attn.o_proj
pruning layer 28 name mlp.gate_proj
pruning layer 28 name mlp.down_proj
pruning layer 28 name mlp.up_proj
pruning layer 29 name self_attn.q_proj
pruning layer 29 name self_attn.k_proj
pruning layer 29 name self_attn.v_proj
pruning layer 29 name self_attn.o_proj
pruning layer 29 name mlp.gate_proj
pruning layer 29 name mlp.down_proj
pruning layer 29 name mlp.up_proj
pruning layer 30 name self_attn.q_proj
pruning layer 30 name self_attn.k_proj
pruning layer 30 name self_attn.v_proj
pruning layer 30 name self_attn.o_proj
pruning layer 30 name mlp.gate_proj
pruning layer 30 name mlp.down_proj
pruning layer 30 name mlp.up_proj
pruning layer 31 name self_attn.q_proj
pruning layer 31 name self_attn.k_proj
pruning layer 31 name self_attn.v_proj
pruning layer 31 name self_attn.o_proj
pruning layer 31 name mlp.gate_proj
pruning layer 31 name mlp.down_proj
pruning layer 31 name mlp.up_proj
******************************
layer 0 sparsity 0.672857
layer 1 sparsity 0.654557
layer 2 sparsity 0.646014
layer 3 sparsity 0.596695
layer 4 sparsity 0.645513
layer 5 sparsity 0.656981
layer 6 sparsity 0.637951
layer 7 sparsity 0.646264
layer 8 sparsity 0.660386
layer 9 sparsity 0.663832
layer 10 sparsity 0.664814
layer 11 sparsity 0.667278
layer 12 sparsity 0.669682
layer 13 sparsity 0.679938
layer 14 sparsity 0.686058
layer 15 sparsity 0.701933
layer 16 sparsity 0.713381
layer 17 sparsity 0.720733
layer 18 sparsity 0.727314
layer 19 sparsity 0.733434
layer 20 sparsity 0.738301
layer 21 sparsity 0.738051
layer 22 sparsity 0.740996
layer 23 sparsity 0.741456
layer 24 sparsity 0.745153
layer 25 sparsity 0.741497
layer 26 sparsity 0.748328
layer 27 sparsity 0.751232
layer 28 sparsity 0.752234
layer 29 sparsity 0.756831
layer 30 sparsity 0.752694
layer 31 sparsity 0.744171
sparsity sanity check 0.6999
******************************
evaluating on wikitext2
nsamples 166
sample 0
sample 50
sample 100
sample 150
begin calcualte ppl
[TIME] this run took 479.58 seconds (7.99 min)
[RESULT] final ppl on wikitext = 30.6250
===== 1|0.01|0.5|exponential|0.01|0.2|False | 489s | exit=0 =====
/home/xiaokang/miniconda3/envs/prune_llm/lib/python3.9/site-packages/torch/torch_version.py:3: UserWarning: pkg_resources is deprecated as an API. See https://setuptools.pypa.io/en/latest/pkg_resources.html. The pkg_resources package is slated for removal as early as 2025-11-30. Refrain from using this package or pin to Setuptools<81.
  from pkg_resources import packaging  # type: ignore[attr-defined]
[DEBUG] running: /home/xiaokang/OWL/OWL-version2/risk-prune/main.py
[DEBUG] HF_ENDPOINT env: None
[DEBUG] HfApi endpoint: https://huggingface.co
# of gpus:  1
[DEBUG] Parsed args:
  nsamples               = 32
  risk_k                 = 1
  risk_probe             = 0.01
  risk_decay             = 0.5
  risk_decay_type        = exponential
  risk_decay_beta        = 0.01
  risk_alpha             = 0.2
  consider_current_layer_in_risk = True
Loading checkpoint shards:   0%|          | 0/2 [00:00<?, ?it/s]Loading checkpoint shards:  50%|█████     | 1/2 [00:23<00:23, 23.29s/it]Loading checkpoint shards: 100%|██████████| 2/2 [00:25<00:00, 10.90s/it]Loading checkpoint shards: 100%|██████████| 2/2 [00:25<00:00, 12.76s/it]
use device  cuda:0
target sparsity 0.7
pruning starts
loading calibration data
dataset loading complete
after adjustment [0.32958993 0.35201764 0.3531447  0.40285856 0.35389492 0.34238687
 0.3616122  0.35324785 0.33922172 0.33577734 0.33478847 0.33232886
 0.33001202 0.31973645 0.31355914 0.29771018 0.28634277 0.27885374
 0.27234805 0.26612282 0.26138875 0.2615431  0.25859636 0.2582925
 0.25443995 0.25821882 0.2513008  0.24841619 0.2473247  0.24285854
 0.24818015 0.25388646] mean 0.3 max 0.40285856 min 0.24285854
pruning layer 0 name self_attn.q_proj
pruning layer 0 name self_attn.k_proj
pruning layer 0 name self_attn.v_proj
pruning layer 0 name self_attn.o_proj
pruning layer 0 name mlp.gate_proj
pruning layer 0 name mlp.down_proj
pruning layer 0 name mlp.up_proj
pruning layer 1 name self_attn.q_proj
pruning layer 1 name self_attn.k_proj
pruning layer 1 name self_attn.v_proj
pruning layer 1 name self_attn.o_proj
pruning layer 1 name mlp.gate_proj
pruning layer 1 name mlp.down_proj
pruning layer 1 name mlp.up_proj
pruning layer 2 name self_attn.q_proj
pruning layer 2 name self_attn.k_proj
pruning layer 2 name self_attn.v_proj
pruning layer 2 name self_attn.o_proj
pruning layer 2 name mlp.gate_proj
pruning layer 2 name mlp.down_proj
pruning layer 2 name mlp.up_proj
pruning layer 3 name self_attn.q_proj
pruning layer 3 name self_attn.k_proj
pruning layer 3 name self_attn.v_proj
pruning layer 3 name self_attn.o_proj
pruning layer 3 name mlp.gate_proj
pruning layer 3 name mlp.down_proj
pruning layer 3 name mlp.up_proj
pruning layer 4 name self_attn.q_proj
pruning layer 4 name self_attn.k_proj
pruning layer 4 name self_attn.v_proj
pruning layer 4 name self_attn.o_proj
pruning layer 4 name mlp.gate_proj
pruning layer 4 name mlp.down_proj
pruning layer 4 name mlp.up_proj
pruning layer 5 name self_attn.q_proj
pruning layer 5 name self_attn.k_proj
pruning layer 5 name self_attn.v_proj
pruning layer 5 name self_attn.o_proj
pruning layer 5 name mlp.gate_proj
pruning layer 5 name mlp.down_proj
pruning layer 5 name mlp.up_proj
pruning layer 6 name self_attn.q_proj
pruning layer 6 name self_attn.k_proj
pruning layer 6 name self_attn.v_proj
pruning layer 6 name self_attn.o_proj
pruning layer 6 name mlp.gate_proj
pruning layer 6 name mlp.down_proj
pruning layer 6 name mlp.up_proj
pruning layer 7 name self_attn.q_proj
pruning layer 7 name self_attn.k_proj
pruning layer 7 name self_attn.v_proj
pruning layer 7 name self_attn.o_proj
pruning layer 7 name mlp.gate_proj
pruning layer 7 name mlp.down_proj
pruning layer 7 name mlp.up_proj
pruning layer 8 name self_attn.q_proj
pruning layer 8 name self_attn.k_proj
pruning layer 8 name self_attn.v_proj
pruning layer 8 name self_attn.o_proj
pruning layer 8 name mlp.gate_proj
pruning layer 8 name mlp.down_proj
pruning layer 8 name mlp.up_proj
pruning layer 9 name self_attn.q_proj
pruning layer 9 name self_attn.k_proj
pruning layer 9 name self_attn.v_proj
pruning layer 9 name self_attn.o_proj
pruning layer 9 name mlp.gate_proj
pruning layer 9 name mlp.down_proj
pruning layer 9 name mlp.up_proj
pruning layer 10 name self_attn.q_proj
pruning layer 10 name self_attn.k_proj
pruning layer 10 name self_attn.v_proj
pruning layer 10 name self_attn.o_proj
pruning layer 10 name mlp.gate_proj
pruning layer 10 name mlp.down_proj
pruning layer 10 name mlp.up_proj
pruning layer 11 name self_attn.q_proj
pruning layer 11 name self_attn.k_proj
pruning layer 11 name self_attn.v_proj
pruning layer 11 name self_attn.o_proj
pruning layer 11 name mlp.gate_proj
pruning layer 11 name mlp.down_proj
pruning layer 11 name mlp.up_proj
pruning layer 12 name self_attn.q_proj
pruning layer 12 name self_attn.k_proj
pruning layer 12 name self_attn.v_proj
pruning layer 12 name self_attn.o_proj
pruning layer 12 name mlp.gate_proj
pruning layer 12 name mlp.down_proj
pruning layer 12 name mlp.up_proj
pruning layer 13 name self_attn.q_proj
pruning layer 13 name self_attn.k_proj
pruning layer 13 name self_attn.v_proj
pruning layer 13 name self_attn.o_proj
pruning layer 13 name mlp.gate_proj
pruning layer 13 name mlp.down_proj
pruning layer 13 name mlp.up_proj
pruning layer 14 name self_attn.q_proj
pruning layer 14 name self_attn.k_proj
pruning layer 14 name self_attn.v_proj
pruning layer 14 name self_attn.o_proj
pruning layer 14 name mlp.gate_proj
pruning layer 14 name mlp.down_proj
pruning layer 14 name mlp.up_proj
pruning layer 15 name self_attn.q_proj
pruning layer 15 name self_attn.k_proj
pruning layer 15 name self_attn.v_proj
pruning layer 15 name self_attn.o_proj
pruning layer 15 name mlp.gate_proj
pruning layer 15 name mlp.down_proj
pruning layer 15 name mlp.up_proj
pruning layer 16 name self_attn.q_proj
pruning layer 16 name self_attn.k_proj
pruning layer 16 name self_attn.v_proj
pruning layer 16 name self_attn.o_proj
pruning layer 16 name mlp.gate_proj
pruning layer 16 name mlp.down_proj
pruning layer 16 name mlp.up_proj
pruning layer 17 name self_attn.q_proj
pruning layer 17 name self_attn.k_proj
pruning layer 17 name self_attn.v_proj
pruning layer 17 name self_attn.o_proj
pruning layer 17 name mlp.gate_proj
pruning layer 17 name mlp.down_proj
pruning layer 17 name mlp.up_proj
pruning layer 18 name self_attn.q_proj
pruning layer 18 name self_attn.k_proj
pruning layer 18 name self_attn.v_proj
pruning layer 18 name self_attn.o_proj
pruning layer 18 name mlp.gate_proj
pruning layer 18 name mlp.down_proj
pruning layer 18 name mlp.up_proj
pruning layer 19 name self_attn.q_proj
pruning layer 19 name self_attn.k_proj
pruning layer 19 name self_attn.v_proj
pruning layer 19 name self_attn.o_proj
pruning layer 19 name mlp.gate_proj
pruning layer 19 name mlp.down_proj
pruning layer 19 name mlp.up_proj
pruning layer 20 name self_attn.q_proj
pruning layer 20 name self_attn.k_proj
pruning layer 20 name self_attn.v_proj
pruning layer 20 name self_attn.o_proj
pruning layer 20 name mlp.gate_proj
pruning layer 20 name mlp.down_proj
pruning layer 20 name mlp.up_proj
pruning layer 21 name self_attn.q_proj
pruning layer 21 name self_attn.k_proj
pruning layer 21 name self_attn.v_proj
pruning layer 21 name self_attn.o_proj
pruning layer 21 name mlp.gate_proj
pruning layer 21 name mlp.down_proj
pruning layer 21 name mlp.up_proj
pruning layer 22 name self_attn.q_proj
pruning layer 22 name self_attn.k_proj
pruning layer 22 name self_attn.v_proj
pruning layer 22 name self_attn.o_proj
pruning layer 22 name mlp.gate_proj
pruning layer 22 name mlp.down_proj
pruning layer 22 name mlp.up_proj
pruning layer 23 name self_attn.q_proj
pruning layer 23 name self_attn.k_proj
pruning layer 23 name self_attn.v_proj
pruning layer 23 name self_attn.o_proj
pruning layer 23 name mlp.gate_proj
pruning layer 23 name mlp.down_proj
pruning layer 23 name mlp.up_proj
pruning layer 24 name self_attn.q_proj
pruning layer 24 name self_attn.k_proj
pruning layer 24 name self_attn.v_proj
pruning layer 24 name self_attn.o_proj
pruning layer 24 name mlp.gate_proj
pruning layer 24 name mlp.down_proj
pruning layer 24 name mlp.up_proj
pruning layer 25 name self_attn.q_proj
pruning layer 25 name self_attn.k_proj
pruning layer 25 name self_attn.v_proj
pruning layer 25 name self_attn.o_proj
pruning layer 25 name mlp.gate_proj
pruning layer 25 name mlp.down_proj
pruning layer 25 name mlp.up_proj
pruning layer 26 name self_attn.q_proj
pruning layer 26 name self_attn.k_proj
pruning layer 26 name self_attn.v_proj
pruning layer 26 name self_attn.o_proj
pruning layer 26 name mlp.gate_proj
pruning layer 26 name mlp.down_proj
pruning layer 26 name mlp.up_proj
pruning layer 27 name self_attn.q_proj
pruning layer 27 name self_attn.k_proj
pruning layer 27 name self_attn.v_proj
pruning layer 27 name self_attn.o_proj
pruning layer 27 name mlp.gate_proj
pruning layer 27 name mlp.down_proj
pruning layer 27 name mlp.up_proj
pruning layer 28 name self_attn.q_proj
pruning layer 28 name self_attn.k_proj
pruning layer 28 name self_attn.v_proj
pruning layer 28 name self_attn.o_proj
pruning layer 28 name mlp.gate_proj
pruning layer 28 name mlp.down_proj
pruning layer 28 name mlp.up_proj
pruning layer 29 name self_attn.q_proj
pruning layer 29 name self_attn.k_proj
pruning layer 29 name self_attn.v_proj
pruning layer 29 name self_attn.o_proj
pruning layer 29 name mlp.gate_proj
pruning layer 29 name mlp.down_proj
pruning layer 29 name mlp.up_proj
pruning layer 30 name self_attn.q_proj
pruning layer 30 name self_attn.k_proj
pruning layer 30 name self_attn.v_proj
pruning layer 30 name self_attn.o_proj
pruning layer 30 name mlp.gate_proj
pruning layer 30 name mlp.down_proj
pruning layer 30 name mlp.up_proj
pruning layer 31 name self_attn.q_proj
pruning layer 31 name self_attn.k_proj
pruning layer 31 name self_attn.v_proj
pruning layer 31 name self_attn.o_proj
pruning layer 31 name mlp.gate_proj
pruning layer 31 name mlp.down_proj
pruning layer 31 name mlp.up_proj
******************************
layer 0 sparsity 0.670203
layer 1 sparsity 0.647937
layer 2 sparsity 0.646745
layer 3 sparsity 0.596966
layer 4 sparsity 0.646014
layer 5 sparsity 0.657502
layer 6 sparsity 0.638222
layer 7 sparsity 0.646725
layer 8 sparsity 0.660657
layer 9 sparsity 0.664083
layer 10 sparsity 0.665064
layer 11 sparsity 0.667508
layer 12 sparsity 0.669932
layer 13 sparsity 0.680188
layer 14 sparsity 0.686308
layer 15 sparsity 0.702164
layer 16 sparsity 0.713612
layer 17 sparsity 0.720984
layer 18 sparsity 0.727544
layer 19 sparsity 0.733684
layer 20 sparsity 0.738532
layer 21 sparsity 0.738301
layer 22 sparsity 0.741246
layer 23 sparsity 0.741687
layer 24 sparsity 0.745403
layer 25 sparsity 0.741707
layer 26 sparsity 0.748558
layer 27 sparsity 0.751483
layer 28 sparsity 0.752484
layer 29 sparsity 0.757081
layer 30 sparsity 0.751733
layer 31 sparsity 0.746094
sparsity sanity check 0.6999
******************************
evaluating on wikitext2
nsamples 166
sample 0
sample 50
sample 100
sample 150
begin calcualte ppl
[TIME] this run took 481.88 seconds (8.03 min)
[RESULT] final ppl on wikitext = 30.4131
===== 1|0.01|0.5|exponential|0.01|0.2|True | 502s | exit=0 =====
/home/xiaokang/miniconda3/envs/prune_llm/lib/python3.9/site-packages/torch/torch_version.py:3: UserWarning: pkg_resources is deprecated as an API. See https://setuptools.pypa.io/en/latest/pkg_resources.html. The pkg_resources package is slated for removal as early as 2025-11-30. Refrain from using this package or pin to Setuptools<81.
  from pkg_resources import packaging  # type: ignore[attr-defined]
[DEBUG] running: /home/xiaokang/OWL/OWL-version2/risk-prune/main.py
[DEBUG] HF_ENDPOINT env: None
[DEBUG] HfApi endpoint: https://huggingface.co
# of gpus:  1
[DEBUG] Parsed args:
  nsamples               = 32
  risk_k                 = 1
  risk_probe             = 0.01
  risk_decay             = 0.5
  risk_decay_type        = exponential
  risk_decay_beta        = 0.01
  risk_alpha             = 0.2
  consider_current_layer_in_risk = True
Loading checkpoint shards:   0%|          | 0/2 [00:00<?, ?it/s]Loading checkpoint shards:  50%|█████     | 1/2 [00:19<00:19, 19.83s/it]Loading checkpoint shards: 100%|██████████| 2/2 [00:22<00:00,  9.50s/it]Loading checkpoint shards: 100%|██████████| 2/2 [00:22<00:00, 11.05s/it]
use device  cuda:0
target sparsity 0.7
pruning starts
loading calibration data
dataset loading complete
after adjustment [0.32958993 0.35201764 0.3531447  0.40285856 0.35389492 0.34238687
 0.3616122  0.35324785 0.33922172 0.33577734 0.33478847 0.33232886
 0.33001202 0.31973645 0.31355914 0.29771018 0.28634277 0.27885374
 0.27234805 0.26612282 0.26138875 0.2615431  0.25859636 0.2582925
 0.25443995 0.25821882 0.2513008  0.24841619 0.2473247  0.24285854
 0.24818015 0.25388646] mean 0.3 max 0.40285856 min 0.24285854
pruning layer 0 name self_attn.q_proj
pruning layer 0 name self_attn.k_proj
pruning layer 0 name self_attn.v_proj
pruning layer 0 name self_attn.o_proj
pruning layer 0 name mlp.gate_proj
pruning layer 0 name mlp.down_proj
pruning layer 0 name mlp.up_proj
pruning layer 1 name self_attn.q_proj
pruning layer 1 name self_attn.k_proj
pruning layer 1 name self_attn.v_proj
pruning layer 1 name self_attn.o_proj
pruning layer 1 name mlp.gate_proj
pruning layer 1 name mlp.down_proj
pruning layer 1 name mlp.up_proj
pruning layer 2 name self_attn.q_proj
pruning layer 2 name self_attn.k_proj
pruning layer 2 name self_attn.v_proj
pruning layer 2 name self_attn.o_proj
pruning layer 2 name mlp.gate_proj
pruning layer 2 name mlp.down_proj
pruning layer 2 name mlp.up_proj
pruning layer 3 name self_attn.q_proj
pruning layer 3 name self_attn.k_proj
pruning layer 3 name self_attn.v_proj
pruning layer 3 name self_attn.o_proj
pruning layer 3 name mlp.gate_proj
pruning layer 3 name mlp.down_proj
pruning layer 3 name mlp.up_proj
pruning layer 4 name self_attn.q_proj
pruning layer 4 name self_attn.k_proj
pruning layer 4 name self_attn.v_proj
pruning layer 4 name self_attn.o_proj
pruning layer 4 name mlp.gate_proj
pruning layer 4 name mlp.down_proj
pruning layer 4 name mlp.up_proj
pruning layer 5 name self_attn.q_proj
pruning layer 5 name self_attn.k_proj
pruning layer 5 name self_attn.v_proj
pruning layer 5 name self_attn.o_proj
pruning layer 5 name mlp.gate_proj
pruning layer 5 name mlp.down_proj
pruning layer 5 name mlp.up_proj
pruning layer 6 name self_attn.q_proj
pruning layer 6 name self_attn.k_proj
pruning layer 6 name self_attn.v_proj
pruning layer 6 name self_attn.o_proj
pruning layer 6 name mlp.gate_proj
pruning layer 6 name mlp.down_proj
pruning layer 6 name mlp.up_proj
pruning layer 7 name self_attn.q_proj
pruning layer 7 name self_attn.k_proj
pruning layer 7 name self_attn.v_proj
pruning layer 7 name self_attn.o_proj
pruning layer 7 name mlp.gate_proj
pruning layer 7 name mlp.down_proj
pruning layer 7 name mlp.up_proj
pruning layer 8 name self_attn.q_proj
pruning layer 8 name self_attn.k_proj
pruning layer 8 name self_attn.v_proj
pruning layer 8 name self_attn.o_proj
pruning layer 8 name mlp.gate_proj
pruning layer 8 name mlp.down_proj
pruning layer 8 name mlp.up_proj
pruning layer 9 name self_attn.q_proj
pruning layer 9 name self_attn.k_proj
pruning layer 9 name self_attn.v_proj
pruning layer 9 name self_attn.o_proj
pruning layer 9 name mlp.gate_proj
pruning layer 9 name mlp.down_proj
pruning layer 9 name mlp.up_proj
pruning layer 10 name self_attn.q_proj
pruning layer 10 name self_attn.k_proj
pruning layer 10 name self_attn.v_proj
pruning layer 10 name self_attn.o_proj
pruning layer 10 name mlp.gate_proj
pruning layer 10 name mlp.down_proj
pruning layer 10 name mlp.up_proj
pruning layer 11 name self_attn.q_proj
pruning layer 11 name self_attn.k_proj
pruning layer 11 name self_attn.v_proj
pruning layer 11 name self_attn.o_proj
pruning layer 11 name mlp.gate_proj
pruning layer 11 name mlp.down_proj
pruning layer 11 name mlp.up_proj
pruning layer 12 name self_attn.q_proj
pruning layer 12 name self_attn.k_proj
pruning layer 12 name self_attn.v_proj
pruning layer 12 name self_attn.o_proj
pruning layer 12 name mlp.gate_proj
pruning layer 12 name mlp.down_proj
pruning layer 12 name mlp.up_proj
pruning layer 13 name self_attn.q_proj
pruning layer 13 name self_attn.k_proj
pruning layer 13 name self_attn.v_proj
pruning layer 13 name self_attn.o_proj
pruning layer 13 name mlp.gate_proj
pruning layer 13 name mlp.down_proj
pruning layer 13 name mlp.up_proj
pruning layer 14 name self_attn.q_proj
pruning layer 14 name self_attn.k_proj
pruning layer 14 name self_attn.v_proj
pruning layer 14 name self_attn.o_proj
pruning layer 14 name mlp.gate_proj
pruning layer 14 name mlp.down_proj
pruning layer 14 name mlp.up_proj
pruning layer 15 name self_attn.q_proj
pruning layer 15 name self_attn.k_proj
pruning layer 15 name self_attn.v_proj
pruning layer 15 name self_attn.o_proj
pruning layer 15 name mlp.gate_proj
pruning layer 15 name mlp.down_proj
pruning layer 15 name mlp.up_proj
pruning layer 16 name self_attn.q_proj
pruning layer 16 name self_attn.k_proj
pruning layer 16 name self_attn.v_proj
pruning layer 16 name self_attn.o_proj
pruning layer 16 name mlp.gate_proj
pruning layer 16 name mlp.down_proj
pruning layer 16 name mlp.up_proj
pruning layer 17 name self_attn.q_proj
pruning layer 17 name self_attn.k_proj
pruning layer 17 name self_attn.v_proj
pruning layer 17 name self_attn.o_proj
pruning layer 17 name mlp.gate_proj
pruning layer 17 name mlp.down_proj
pruning layer 17 name mlp.up_proj
pruning layer 18 name self_attn.q_proj
pruning layer 18 name self_attn.k_proj
pruning layer 18 name self_attn.v_proj
pruning layer 18 name self_attn.o_proj
pruning layer 18 name mlp.gate_proj
pruning layer 18 name mlp.down_proj
pruning layer 18 name mlp.up_proj
pruning layer 19 name self_attn.q_proj
pruning layer 19 name self_attn.k_proj
pruning layer 19 name self_attn.v_proj
pruning layer 19 name self_attn.o_proj
pruning layer 19 name mlp.gate_proj
pruning layer 19 name mlp.down_proj
pruning layer 19 name mlp.up_proj
pruning layer 20 name self_attn.q_proj
pruning layer 20 name self_attn.k_proj
pruning layer 20 name self_attn.v_proj
pruning layer 20 name self_attn.o_proj
pruning layer 20 name mlp.gate_proj
pruning layer 20 name mlp.down_proj
pruning layer 20 name mlp.up_proj
pruning layer 21 name self_attn.q_proj
pruning layer 21 name self_attn.k_proj
pruning layer 21 name self_attn.v_proj
pruning layer 21 name self_attn.o_proj
pruning layer 21 name mlp.gate_proj
pruning layer 21 name mlp.down_proj
pruning layer 21 name mlp.up_proj
pruning layer 22 name self_attn.q_proj
pruning layer 22 name self_attn.k_proj
pruning layer 22 name self_attn.v_proj
pruning layer 22 name self_attn.o_proj
pruning layer 22 name mlp.gate_proj
pruning layer 22 name mlp.down_proj
pruning layer 22 name mlp.up_proj
pruning layer 23 name self_attn.q_proj
pruning layer 23 name self_attn.k_proj
pruning layer 23 name self_attn.v_proj
pruning layer 23 name self_attn.o_proj
pruning layer 23 name mlp.gate_proj
pruning layer 23 name mlp.down_proj
pruning layer 23 name mlp.up_proj
pruning layer 24 name self_attn.q_proj
pruning layer 24 name self_attn.k_proj
pruning layer 24 name self_attn.v_proj
pruning layer 24 name self_attn.o_proj
pruning layer 24 name mlp.gate_proj
pruning layer 24 name mlp.down_proj
pruning layer 24 name mlp.up_proj
pruning layer 25 name self_attn.q_proj
pruning layer 25 name self_attn.k_proj
pruning layer 25 name self_attn.v_proj
pruning layer 25 name self_attn.o_proj
pruning layer 25 name mlp.gate_proj
pruning layer 25 name mlp.down_proj
pruning layer 25 name mlp.up_proj
pruning layer 26 name self_attn.q_proj
pruning layer 26 name self_attn.k_proj
pruning layer 26 name self_attn.v_proj
pruning layer 26 name self_attn.o_proj
pruning layer 26 name mlp.gate_proj
pruning layer 26 name mlp.down_proj
pruning layer 26 name mlp.up_proj
pruning layer 27 name self_attn.q_proj
pruning layer 27 name self_attn.k_proj
pruning layer 27 name self_attn.v_proj
pruning layer 27 name self_attn.o_proj
pruning layer 27 name mlp.gate_proj
pruning layer 27 name mlp.down_proj
pruning layer 27 name mlp.up_proj
pruning layer 28 name self_attn.q_proj
pruning layer 28 name self_attn.k_proj
pruning layer 28 name self_attn.v_proj
pruning layer 28 name self_attn.o_proj
pruning layer 28 name mlp.gate_proj
pruning layer 28 name mlp.down_proj
pruning layer 28 name mlp.up_proj
pruning layer 29 name self_attn.q_proj
pruning layer 29 name self_attn.k_proj
pruning layer 29 name self_attn.v_proj
pruning layer 29 name self_attn.o_proj
pruning layer 29 name mlp.gate_proj
pruning layer 29 name mlp.down_proj
pruning layer 29 name mlp.up_proj
pruning layer 30 name self_attn.q_proj
pruning layer 30 name self_attn.k_proj
pruning layer 30 name self_attn.v_proj
pruning layer 30 name self_attn.o_proj
pruning layer 30 name mlp.gate_proj
pruning layer 30 name mlp.down_proj
pruning layer 30 name mlp.up_proj
pruning layer 31 name self_attn.q_proj
pruning layer 31 name self_attn.k_proj
pruning layer 31 name self_attn.v_proj
pruning layer 31 name self_attn.o_proj
pruning layer 31 name mlp.gate_proj
pruning layer 31 name mlp.down_proj
pruning layer 31 name mlp.up_proj
******************************
layer 0 sparsity 0.670203
layer 1 sparsity 0.647937
layer 2 sparsity 0.646745
layer 3 sparsity 0.596966
layer 4 sparsity 0.646014
layer 5 sparsity 0.657502
layer 6 sparsity 0.638222
layer 7 sparsity 0.646725
layer 8 sparsity 0.660657
layer 9 sparsity 0.664083
layer 10 sparsity 0.665064
layer 11 sparsity 0.667508
layer 12 sparsity 0.669932
layer 13 sparsity 0.680188
layer 14 sparsity 0.686308
layer 15 sparsity 0.702164
layer 16 sparsity 0.713612
layer 17 sparsity 0.720984
layer 18 sparsity 0.727544
layer 19 sparsity 0.733684
layer 20 sparsity 0.738532
layer 21 sparsity 0.738301
layer 22 sparsity 0.741246
layer 23 sparsity 0.741687
layer 24 sparsity 0.745403
layer 25 sparsity 0.741707
layer 26 sparsity 0.748558
layer 27 sparsity 0.751483
layer 28 sparsity 0.752484
layer 29 sparsity 0.757081
layer 30 sparsity 0.751733
layer 31 sparsity 0.746094
sparsity sanity check 0.6999
******************************
evaluating on wikitext2
nsamples 166
sample 0
sample 50
sample 100
sample 150
begin calcualte ppl
[TIME] this run took 491.52 seconds (8.19 min)
[RESULT] final ppl on wikitext = 30.4131
===== 1|0.01|0.5|exponential|0.01|0.25|False | 445s | exit=0 =====
/home/xiaokang/miniconda3/envs/prune_llm/lib/python3.9/site-packages/torch/torch_version.py:3: UserWarning: pkg_resources is deprecated as an API. See https://setuptools.pypa.io/en/latest/pkg_resources.html. The pkg_resources package is slated for removal as early as 2025-11-30. Refrain from using this package or pin to Setuptools<81.
  from pkg_resources import packaging  # type: ignore[attr-defined]
[DEBUG] running: /home/xiaokang/OWL/OWL-version2/risk-prune/main.py
[DEBUG] HF_ENDPOINT env: None
[DEBUG] HfApi endpoint: https://huggingface.co
# of gpus:  1
[DEBUG] Parsed args:
  nsamples               = 32
  risk_k                 = 1
  risk_probe             = 0.01
  risk_decay             = 0.5
  risk_decay_type        = exponential
  risk_decay_beta        = 0.01
  risk_alpha             = 0.25
  consider_current_layer_in_risk = True
Loading checkpoint shards:   0%|          | 0/2 [00:00<?, ?it/s]Loading checkpoint shards:  50%|█████     | 1/2 [00:06<00:06,  6.08s/it]Loading checkpoint shards: 100%|██████████| 2/2 [00:08<00:00,  3.79s/it]Loading checkpoint shards: 100%|██████████| 2/2 [00:08<00:00,  4.14s/it]
use device  cuda:0
target sparsity 0.7
pruning starts
loading calibration data
dataset loading complete
after adjustment [0.33248317 0.35974663 0.35228512 0.40250945 0.353249   0.34171396
 0.36117813 0.35283303 0.33879372 0.33539835 0.33447    0.3320549
 0.32977468 0.3194371  0.31330344 0.2974399  0.2861223  0.2785144
 0.27204227 0.26579833 0.26111683 0.2612246  0.25833556 0.25804698
 0.25415277 0.25806537 0.25110978 0.24813733 0.2470479  0.24250945
 0.24925166 0.2518543 ] mean 0.3 max 0.40250945 min 0.24250945
pruning layer 0 name self_attn.q_proj
pruning layer 0 name self_attn.k_proj
pruning layer 0 name self_attn.v_proj
pruning layer 0 name self_attn.o_proj
pruning layer 0 name mlp.gate_proj
pruning layer 0 name mlp.down_proj
pruning layer 0 name mlp.up_proj
pruning layer 1 name self_attn.q_proj
pruning layer 1 name self_attn.k_proj
pruning layer 1 name self_attn.v_proj
pruning layer 1 name self_attn.o_proj
pruning layer 1 name mlp.gate_proj
pruning layer 1 name mlp.down_proj
pruning layer 1 name mlp.up_proj
pruning layer 2 name self_attn.q_proj
pruning layer 2 name self_attn.k_proj
pruning layer 2 name self_attn.v_proj
pruning layer 2 name self_attn.o_proj
pruning layer 2 name mlp.gate_proj
pruning layer 2 name mlp.down_proj
pruning layer 2 name mlp.up_proj
pruning layer 3 name self_attn.q_proj
pruning layer 3 name self_attn.k_proj
pruning layer 3 name self_attn.v_proj
pruning layer 3 name self_attn.o_proj
pruning layer 3 name mlp.gate_proj
pruning layer 3 name mlp.down_proj
pruning layer 3 name mlp.up_proj
pruning layer 4 name self_attn.q_proj
pruning layer 4 name self_attn.k_proj
pruning layer 4 name self_attn.v_proj
pruning layer 4 name self_attn.o_proj
pruning layer 4 name mlp.gate_proj
pruning layer 4 name mlp.down_proj
pruning layer 4 name mlp.up_proj
pruning layer 5 name self_attn.q_proj
pruning layer 5 name self_attn.k_proj
pruning layer 5 name self_attn.v_proj
pruning layer 5 name self_attn.o_proj
pruning layer 5 name mlp.gate_proj
pruning layer 5 name mlp.down_proj
pruning layer 5 name mlp.up_proj
pruning layer 6 name self_attn.q_proj
pruning layer 6 name self_attn.k_proj
pruning layer 6 name self_attn.v_proj
pruning layer 6 name self_attn.o_proj
pruning layer 6 name mlp.gate_proj
pruning layer 6 name mlp.down_proj
pruning layer 6 name mlp.up_proj
pruning layer 7 name self_attn.q_proj
pruning layer 7 name self_attn.k_proj
pruning layer 7 name self_attn.v_proj
pruning layer 7 name self_attn.o_proj
pruning layer 7 name mlp.gate_proj
pruning layer 7 name mlp.down_proj
pruning layer 7 name mlp.up_proj
pruning layer 8 name self_attn.q_proj
pruning layer 8 name self_attn.k_proj
pruning layer 8 name self_attn.v_proj
pruning layer 8 name self_attn.o_proj
pruning layer 8 name mlp.gate_proj
pruning layer 8 name mlp.down_proj
pruning layer 8 name mlp.up_proj
pruning layer 9 name self_attn.q_proj
pruning layer 9 name self_attn.k_proj
pruning layer 9 name self_attn.v_proj
pruning layer 9 name self_attn.o_proj
pruning layer 9 name mlp.gate_proj
pruning layer 9 name mlp.down_proj
pruning layer 9 name mlp.up_proj
pruning layer 10 name self_attn.q_proj
pruning layer 10 name self_attn.k_proj
pruning layer 10 name self_attn.v_proj
pruning layer 10 name self_attn.o_proj
pruning layer 10 name mlp.gate_proj
pruning layer 10 name mlp.down_proj
pruning layer 10 name mlp.up_proj
pruning layer 11 name self_attn.q_proj
pruning layer 11 name self_attn.k_proj
pruning layer 11 name self_attn.v_proj
pruning layer 11 name self_attn.o_proj
pruning layer 11 name mlp.gate_proj
pruning layer 11 name mlp.down_proj
pruning layer 11 name mlp.up_proj
pruning layer 12 name self_attn.q_proj
pruning layer 12 name self_attn.k_proj
pruning layer 12 name self_attn.v_proj
pruning layer 12 name self_attn.o_proj
pruning layer 12 name mlp.gate_proj
pruning layer 12 name mlp.down_proj
pruning layer 12 name mlp.up_proj
pruning layer 13 name self_attn.q_proj
pruning layer 13 name self_attn.k_proj
pruning layer 13 name self_attn.v_proj
pruning layer 13 name self_attn.o_proj
pruning layer 13 name mlp.gate_proj
pruning layer 13 name mlp.down_proj
pruning layer 13 name mlp.up_proj
pruning layer 14 name self_attn.q_proj
pruning layer 14 name self_attn.k_proj
pruning layer 14 name self_attn.v_proj
pruning layer 14 name self_attn.o_proj
pruning layer 14 name mlp.gate_proj
pruning layer 14 name mlp.down_proj
pruning layer 14 name mlp.up_proj
pruning layer 15 name self_attn.q_proj
pruning layer 15 name self_attn.k_proj
pruning layer 15 name self_attn.v_proj
pruning layer 15 name self_attn.o_proj
pruning layer 15 name mlp.gate_proj
pruning layer 15 name mlp.down_proj
pruning layer 15 name mlp.up_proj
pruning layer 16 name self_attn.q_proj
pruning layer 16 name self_attn.k_proj
pruning layer 16 name self_attn.v_proj
pruning layer 16 name self_attn.o_proj
pruning layer 16 name mlp.gate_proj
pruning layer 16 name mlp.down_proj
pruning layer 16 name mlp.up_proj
pruning layer 17 name self_attn.q_proj
pruning layer 17 name self_attn.k_proj
pruning layer 17 name self_attn.v_proj
pruning layer 17 name self_attn.o_proj
pruning layer 17 name mlp.gate_proj
pruning layer 17 name mlp.down_proj
pruning layer 17 name mlp.up_proj
pruning layer 18 name self_attn.q_proj
pruning layer 18 name self_attn.k_proj
pruning layer 18 name self_attn.v_proj
pruning layer 18 name self_attn.o_proj
pruning layer 18 name mlp.gate_proj
pruning layer 18 name mlp.down_proj
pruning layer 18 name mlp.up_proj
pruning layer 19 name self_attn.q_proj
pruning layer 19 name self_attn.k_proj
pruning layer 19 name self_attn.v_proj
pruning layer 19 name self_attn.o_proj
pruning layer 19 name mlp.gate_proj
pruning layer 19 name mlp.down_proj
pruning layer 19 name mlp.up_proj
pruning layer 20 name self_attn.q_proj
pruning layer 20 name self_attn.k_proj
pruning layer 20 name self_attn.v_proj
pruning layer 20 name self_attn.o_proj
pruning layer 20 name mlp.gate_proj
pruning layer 20 name mlp.down_proj
pruning layer 20 name mlp.up_proj
pruning layer 21 name self_attn.q_proj
pruning layer 21 name self_attn.k_proj
pruning layer 21 name self_attn.v_proj
pruning layer 21 name self_attn.o_proj
pruning layer 21 name mlp.gate_proj
pruning layer 21 name mlp.down_proj
pruning layer 21 name mlp.up_proj
pruning layer 22 name self_attn.q_proj
pruning layer 22 name self_attn.k_proj
pruning layer 22 name self_attn.v_proj
pruning layer 22 name self_attn.o_proj
pruning layer 22 name mlp.gate_proj
pruning layer 22 name mlp.down_proj
pruning layer 22 name mlp.up_proj
pruning layer 23 name self_attn.q_proj
pruning layer 23 name self_attn.k_proj
pruning layer 23 name self_attn.v_proj
pruning layer 23 name self_attn.o_proj
pruning layer 23 name mlp.gate_proj
pruning layer 23 name mlp.down_proj
pruning layer 23 name mlp.up_proj
pruning layer 24 name self_attn.q_proj
pruning layer 24 name self_attn.k_proj
pruning layer 24 name self_attn.v_proj
pruning layer 24 name self_attn.o_proj
pruning layer 24 name mlp.gate_proj
pruning layer 24 name mlp.down_proj
pruning layer 24 name mlp.up_proj
pruning layer 25 name self_attn.q_proj
pruning layer 25 name self_attn.k_proj
pruning layer 25 name self_attn.v_proj
pruning layer 25 name self_attn.o_proj
pruning layer 25 name mlp.gate_proj
pruning layer 25 name mlp.down_proj
pruning layer 25 name mlp.up_proj
pruning layer 26 name self_attn.q_proj
pruning layer 26 name self_attn.k_proj
pruning layer 26 name self_attn.v_proj
pruning layer 26 name self_attn.o_proj
pruning layer 26 name mlp.gate_proj
pruning layer 26 name mlp.down_proj
pruning layer 26 name mlp.up_proj
pruning layer 27 name self_attn.q_proj
pruning layer 27 name self_attn.k_proj
pruning layer 27 name self_attn.v_proj
pruning layer 27 name self_attn.o_proj
pruning layer 27 name mlp.gate_proj
pruning layer 27 name mlp.down_proj
pruning layer 27 name mlp.up_proj
pruning layer 28 name self_attn.q_proj
pruning layer 28 name self_attn.k_proj
pruning layer 28 name self_attn.v_proj
pruning layer 28 name self_attn.o_proj
pruning layer 28 name mlp.gate_proj
pruning layer 28 name mlp.down_proj
pruning layer 28 name mlp.up_proj
pruning layer 29 name self_attn.q_proj
pruning layer 29 name self_attn.k_proj
pruning layer 29 name self_attn.v_proj
pruning layer 29 name self_attn.o_proj
pruning layer 29 name mlp.gate_proj
pruning layer 29 name mlp.down_proj
pruning layer 29 name mlp.up_proj
pruning layer 30 name self_attn.q_proj
pruning layer 30 name self_attn.k_proj
pruning layer 30 name self_attn.v_proj
pruning layer 30 name self_attn.o_proj
pruning layer 30 name mlp.gate_proj
pruning layer 30 name mlp.down_proj
pruning layer 30 name mlp.up_proj
pruning layer 31 name self_attn.q_proj
pruning layer 31 name self_attn.k_proj
pruning layer 31 name self_attn.v_proj
pruning layer 31 name self_attn.o_proj
pruning layer 31 name mlp.gate_proj
pruning layer 31 name mlp.down_proj
pruning layer 31 name mlp.up_proj
******************************
layer 0 sparsity 0.667488
layer 1 sparsity 0.640144
layer 2 sparsity 0.647706
layer 3 sparsity 0.597426
layer 4 sparsity 0.646725
layer 5 sparsity 0.658213
layer 6 sparsity 0.638702
layer 7 sparsity 0.647016
layer 8 sparsity 0.661138
layer 9 sparsity 0.664543
layer 10 sparsity 0.665525
layer 11 sparsity 0.667759
layer 12 sparsity 0.670162
layer 13 sparsity 0.680439
layer 14 sparsity 0.686559
layer 15 sparsity 0.702414
layer 16 sparsity 0.713862
layer 17 sparsity 0.721444
layer 18 sparsity 0.727815
layer 19 sparsity 0.734145
layer 20 sparsity 0.738782
layer 21 sparsity 0.738762
layer 22 sparsity 0.741497
layer 23 sparsity 0.741937
layer 24 sparsity 0.745654
layer 25 sparsity 0.741747
layer 26 sparsity 0.748788
layer 27 sparsity 0.751733
layer 28 sparsity 0.752925
layer 29 sparsity 0.757352
layer 30 sparsity 0.750731
layer 31 sparsity 0.748057
sparsity sanity check 0.6999
******************************
evaluating on wikitext2
nsamples 166
sample 0
sample 50
sample 100
sample 150
begin calcualte ppl
[TIME] this run took 441.39 seconds (7.36 min)
[RESULT] final ppl on wikitext = 31.5447
===== 1|0.01|0.5|exponential|0.01|0.25|True | 441s | exit=0 =====
/home/xiaokang/miniconda3/envs/prune_llm/lib/python3.9/site-packages/torch/torch_version.py:3: UserWarning: pkg_resources is deprecated as an API. See https://setuptools.pypa.io/en/latest/pkg_resources.html. The pkg_resources package is slated for removal as early as 2025-11-30. Refrain from using this package or pin to Setuptools<81.
  from pkg_resources import packaging  # type: ignore[attr-defined]
[DEBUG] running: /home/xiaokang/OWL/OWL-version2/risk-prune/main.py
[DEBUG] HF_ENDPOINT env: None
[DEBUG] HfApi endpoint: https://huggingface.co
# of gpus:  1
[DEBUG] Parsed args:
  nsamples               = 32
  risk_k                 = 1
  risk_probe             = 0.01
  risk_decay             = 0.5
  risk_decay_type        = exponential
  risk_decay_beta        = 0.01
  risk_alpha             = 0.25
  consider_current_layer_in_risk = True
Loading checkpoint shards:   0%|          | 0/2 [00:00<?, ?it/s]Loading checkpoint shards:  50%|█████     | 1/2 [00:03<00:03,  3.33s/it]Loading checkpoint shards: 100%|██████████| 2/2 [00:04<00:00,  2.11s/it]Loading checkpoint shards: 100%|██████████| 2/2 [00:04<00:00,  2.29s/it]
use device  cuda:0
target sparsity 0.7
pruning starts
loading calibration data
dataset loading complete
after adjustment [0.33248317 0.35974663 0.35228512 0.40250945 0.353249   0.34171396
 0.36117813 0.35283303 0.33879372 0.33539835 0.33447    0.3320549
 0.32977468 0.3194371  0.31330344 0.2974399  0.2861223  0.2785144
 0.27204227 0.26579833 0.26111683 0.2612246  0.25833556 0.25804698
 0.25415277 0.25806537 0.25110978 0.24813733 0.2470479  0.24250945
 0.24925166 0.2518543 ] mean 0.3 max 0.40250945 min 0.24250945
pruning layer 0 name self_attn.q_proj
pruning layer 0 name self_attn.k_proj
pruning layer 0 name self_attn.v_proj
pruning layer 0 name self_attn.o_proj
pruning layer 0 name mlp.gate_proj
pruning layer 0 name mlp.down_proj
pruning layer 0 name mlp.up_proj
pruning layer 1 name self_attn.q_proj
pruning layer 1 name self_attn.k_proj
pruning layer 1 name self_attn.v_proj
pruning layer 1 name self_attn.o_proj
pruning layer 1 name mlp.gate_proj
pruning layer 1 name mlp.down_proj
pruning layer 1 name mlp.up_proj
pruning layer 2 name self_attn.q_proj
pruning layer 2 name self_attn.k_proj
pruning layer 2 name self_attn.v_proj
pruning layer 2 name self_attn.o_proj
pruning layer 2 name mlp.gate_proj
pruning layer 2 name mlp.down_proj
pruning layer 2 name mlp.up_proj
pruning layer 3 name self_attn.q_proj
pruning layer 3 name self_attn.k_proj
pruning layer 3 name self_attn.v_proj
pruning layer 3 name self_attn.o_proj
pruning layer 3 name mlp.gate_proj
pruning layer 3 name mlp.down_proj
pruning layer 3 name mlp.up_proj
pruning layer 4 name self_attn.q_proj
pruning layer 4 name self_attn.k_proj
pruning layer 4 name self_attn.v_proj
pruning layer 4 name self_attn.o_proj
pruning layer 4 name mlp.gate_proj
pruning layer 4 name mlp.down_proj
pruning layer 4 name mlp.up_proj
pruning layer 5 name self_attn.q_proj
pruning layer 5 name self_attn.k_proj
pruning layer 5 name self_attn.v_proj
pruning layer 5 name self_attn.o_proj
pruning layer 5 name mlp.gate_proj
pruning layer 5 name mlp.down_proj
pruning layer 5 name mlp.up_proj
pruning layer 6 name self_attn.q_proj
pruning layer 6 name self_attn.k_proj
pruning layer 6 name self_attn.v_proj
pruning layer 6 name self_attn.o_proj
pruning layer 6 name mlp.gate_proj
pruning layer 6 name mlp.down_proj
pruning layer 6 name mlp.up_proj
pruning layer 7 name self_attn.q_proj
pruning layer 7 name self_attn.k_proj
pruning layer 7 name self_attn.v_proj
pruning layer 7 name self_attn.o_proj
pruning layer 7 name mlp.gate_proj
pruning layer 7 name mlp.down_proj
pruning layer 7 name mlp.up_proj
pruning layer 8 name self_attn.q_proj
pruning layer 8 name self_attn.k_proj
pruning layer 8 name self_attn.v_proj
pruning layer 8 name self_attn.o_proj
pruning layer 8 name mlp.gate_proj
pruning layer 8 name mlp.down_proj
pruning layer 8 name mlp.up_proj
pruning layer 9 name self_attn.q_proj
pruning layer 9 name self_attn.k_proj
pruning layer 9 name self_attn.v_proj
pruning layer 9 name self_attn.o_proj
pruning layer 9 name mlp.gate_proj
pruning layer 9 name mlp.down_proj
pruning layer 9 name mlp.up_proj
pruning layer 10 name self_attn.q_proj
pruning layer 10 name self_attn.k_proj
pruning layer 10 name self_attn.v_proj
pruning layer 10 name self_attn.o_proj
pruning layer 10 name mlp.gate_proj
pruning layer 10 name mlp.down_proj
pruning layer 10 name mlp.up_proj
pruning layer 11 name self_attn.q_proj
pruning layer 11 name self_attn.k_proj
pruning layer 11 name self_attn.v_proj
pruning layer 11 name self_attn.o_proj
pruning layer 11 name mlp.gate_proj
pruning layer 11 name mlp.down_proj
pruning layer 11 name mlp.up_proj
pruning layer 12 name self_attn.q_proj
pruning layer 12 name self_attn.k_proj
pruning layer 12 name self_attn.v_proj
pruning layer 12 name self_attn.o_proj
pruning layer 12 name mlp.gate_proj
pruning layer 12 name mlp.down_proj
pruning layer 12 name mlp.up_proj
pruning layer 13 name self_attn.q_proj
pruning layer 13 name self_attn.k_proj
pruning layer 13 name self_attn.v_proj
pruning layer 13 name self_attn.o_proj
pruning layer 13 name mlp.gate_proj
pruning layer 13 name mlp.down_proj
pruning layer 13 name mlp.up_proj
pruning layer 14 name self_attn.q_proj
pruning layer 14 name self_attn.k_proj
pruning layer 14 name self_attn.v_proj
pruning layer 14 name self_attn.o_proj
pruning layer 14 name mlp.gate_proj
pruning layer 14 name mlp.down_proj
pruning layer 14 name mlp.up_proj
pruning layer 15 name self_attn.q_proj
pruning layer 15 name self_attn.k_proj
pruning layer 15 name self_attn.v_proj
pruning layer 15 name self_attn.o_proj
pruning layer 15 name mlp.gate_proj
pruning layer 15 name mlp.down_proj
pruning layer 15 name mlp.up_proj
pruning layer 16 name self_attn.q_proj
pruning layer 16 name self_attn.k_proj
pruning layer 16 name self_attn.v_proj
pruning layer 16 name self_attn.o_proj
pruning layer 16 name mlp.gate_proj
pruning layer 16 name mlp.down_proj
pruning layer 16 name mlp.up_proj
pruning layer 17 name self_attn.q_proj
pruning layer 17 name self_attn.k_proj
pruning layer 17 name self_attn.v_proj
pruning layer 17 name self_attn.o_proj
pruning layer 17 name mlp.gate_proj
pruning layer 17 name mlp.down_proj
pruning layer 17 name mlp.up_proj
pruning layer 18 name self_attn.q_proj
pruning layer 18 name self_attn.k_proj
pruning layer 18 name self_attn.v_proj
pruning layer 18 name self_attn.o_proj
pruning layer 18 name mlp.gate_proj
pruning layer 18 name mlp.down_proj
pruning layer 18 name mlp.up_proj
pruning layer 19 name self_attn.q_proj
pruning layer 19 name self_attn.k_proj
pruning layer 19 name self_attn.v_proj
pruning layer 19 name self_attn.o_proj
pruning layer 19 name mlp.gate_proj
pruning layer 19 name mlp.down_proj
pruning layer 19 name mlp.up_proj
pruning layer 20 name self_attn.q_proj
pruning layer 20 name self_attn.k_proj
pruning layer 20 name self_attn.v_proj
pruning layer 20 name self_attn.o_proj
pruning layer 20 name mlp.gate_proj
pruning layer 20 name mlp.down_proj
pruning layer 20 name mlp.up_proj
pruning layer 21 name self_attn.q_proj
pruning layer 21 name self_attn.k_proj
pruning layer 21 name self_attn.v_proj
pruning layer 21 name self_attn.o_proj
pruning layer 21 name mlp.gate_proj
pruning layer 21 name mlp.down_proj
pruning layer 21 name mlp.up_proj
pruning layer 22 name self_attn.q_proj
pruning layer 22 name self_attn.k_proj
pruning layer 22 name self_attn.v_proj
pruning layer 22 name self_attn.o_proj
pruning layer 22 name mlp.gate_proj
pruning layer 22 name mlp.down_proj
pruning layer 22 name mlp.up_proj
pruning layer 23 name self_attn.q_proj
pruning layer 23 name self_attn.k_proj
pruning layer 23 name self_attn.v_proj
pruning layer 23 name self_attn.o_proj
pruning layer 23 name mlp.gate_proj
pruning layer 23 name mlp.down_proj
pruning layer 23 name mlp.up_proj
pruning layer 24 name self_attn.q_proj
pruning layer 24 name self_attn.k_proj
pruning layer 24 name self_attn.v_proj
pruning layer 24 name self_attn.o_proj
pruning layer 24 name mlp.gate_proj
pruning layer 24 name mlp.down_proj
pruning layer 24 name mlp.up_proj
pruning layer 25 name self_attn.q_proj
pruning layer 25 name self_attn.k_proj
pruning layer 25 name self_attn.v_proj
pruning layer 25 name self_attn.o_proj
pruning layer 25 name mlp.gate_proj
pruning layer 25 name mlp.down_proj
pruning layer 25 name mlp.up_proj
pruning layer 26 name self_attn.q_proj
pruning layer 26 name self_attn.k_proj
pruning layer 26 name self_attn.v_proj
pruning layer 26 name self_attn.o_proj
pruning layer 26 name mlp.gate_proj
pruning layer 26 name mlp.down_proj
pruning layer 26 name mlp.up_proj
pruning layer 27 name self_attn.q_proj
pruning layer 27 name self_attn.k_proj
pruning layer 27 name self_attn.v_proj
pruning layer 27 name self_attn.o_proj
pruning layer 27 name mlp.gate_proj
pruning layer 27 name mlp.down_proj
pruning layer 27 name mlp.up_proj
pruning layer 28 name self_attn.q_proj
pruning layer 28 name self_attn.k_proj
pruning layer 28 name self_attn.v_proj
pruning layer 28 name self_attn.o_proj
pruning layer 28 name mlp.gate_proj
pruning layer 28 name mlp.down_proj
pruning layer 28 name mlp.up_proj
pruning layer 29 name self_attn.q_proj
pruning layer 29 name self_attn.k_proj
pruning layer 29 name self_attn.v_proj
pruning layer 29 name self_attn.o_proj
pruning layer 29 name mlp.gate_proj
pruning layer 29 name mlp.down_proj
pruning layer 29 name mlp.up_proj
pruning layer 30 name self_attn.q_proj
pruning layer 30 name self_attn.k_proj
pruning layer 30 name self_attn.v_proj
pruning layer 30 name self_attn.o_proj
pruning layer 30 name mlp.gate_proj
pruning layer 30 name mlp.down_proj
pruning layer 30 name mlp.up_proj
pruning layer 31 name self_attn.q_proj
pruning layer 31 name self_attn.k_proj
pruning layer 31 name self_attn.v_proj
pruning layer 31 name self_attn.o_proj
pruning layer 31 name mlp.gate_proj
pruning layer 31 name mlp.down_proj
pruning layer 31 name mlp.up_proj
******************************
layer 0 sparsity 0.667488
layer 1 sparsity 0.640144
layer 2 sparsity 0.647706
layer 3 sparsity 0.597426
layer 4 sparsity 0.646725
layer 5 sparsity 0.658213
layer 6 sparsity 0.638702
layer 7 sparsity 0.647016
layer 8 sparsity 0.661138
layer 9 sparsity 0.664543
layer 10 sparsity 0.665525
layer 11 sparsity 0.667759
layer 12 sparsity 0.670162
layer 13 sparsity 0.680439
layer 14 sparsity 0.686559
layer 15 sparsity 0.702414
layer 16 sparsity 0.713862
layer 17 sparsity 0.721444
layer 18 sparsity 0.727815
layer 19 sparsity 0.734145
layer 20 sparsity 0.738782
layer 21 sparsity 0.738762
layer 22 sparsity 0.741497
layer 23 sparsity 0.741937
layer 24 sparsity 0.745654
layer 25 sparsity 0.741747
layer 26 sparsity 0.748788
layer 27 sparsity 0.751733
layer 28 sparsity 0.752925
layer 29 sparsity 0.757352
layer 30 sparsity 0.750731
layer 31 sparsity 0.748057
sparsity sanity check 0.6999
******************************
evaluating on wikitext2
nsamples 166
sample 0
sample 50
sample 100
sample 150
begin calcualte ppl
[TIME] this run took 437.63 seconds (7.29 min)
[RESULT] final ppl on wikitext = 31.5447
===== 1|0.01|0.5|exponential|0.01|0.3|False | 439s | exit=0 =====
/home/xiaokang/miniconda3/envs/prune_llm/lib/python3.9/site-packages/torch/torch_version.py:3: UserWarning: pkg_resources is deprecated as an API. See https://setuptools.pypa.io/en/latest/pkg_resources.html. The pkg_resources package is slated for removal as early as 2025-11-30. Refrain from using this package or pin to Setuptools<81.
  from pkg_resources import packaging  # type: ignore[attr-defined]
[DEBUG] running: /home/xiaokang/OWL/OWL-version2/risk-prune/main.py
[DEBUG] HF_ENDPOINT env: None
[DEBUG] HfApi endpoint: https://huggingface.co
# of gpus:  1
[DEBUG] Parsed args:
  nsamples               = 32
  risk_k                 = 1
  risk_probe             = 0.01
  risk_decay             = 0.5
  risk_decay_type        = exponential
  risk_decay_beta        = 0.01
  risk_alpha             = 0.3
  consider_current_layer_in_risk = True
Loading checkpoint shards:   0%|          | 0/2 [00:00<?, ?it/s]Loading checkpoint shards:  50%|█████     | 1/2 [00:03<00:03,  3.34s/it]Loading checkpoint shards: 100%|██████████| 2/2 [00:04<00:00,  2.11s/it]Loading checkpoint shards: 100%|██████████| 2/2 [00:04<00:00,  2.30s/it]
use device  cuda:0
target sparsity 0.7
pruning starts
loading calibration data
dataset loading complete
after adjustment [0.33585465 0.36875322 0.3512834  0.40210265 0.35249633 0.3409298
 0.36067232 0.35234964 0.33829498 0.3349567  0.33409894 0.3317357
 0.32949808 0.31908828 0.31300545 0.29712495 0.2858654  0.2781189
 0.27168593 0.26542023 0.2608     0.26085347 0.25803164 0.25776088
 0.2538181  0.25788656 0.25088722 0.24781239 0.24672535 0.24210265
 0.25050032 0.24948625] mean 0.3 max 0.40210265 min 0.24210265
pruning layer 0 name self_attn.q_proj
pruning layer 0 name self_attn.k_proj
pruning layer 0 name self_attn.v_proj
pruning layer 0 name self_attn.o_proj
pruning layer 0 name mlp.gate_proj
pruning layer 0 name mlp.down_proj
pruning layer 0 name mlp.up_proj
pruning layer 1 name self_attn.q_proj
pruning layer 1 name self_attn.k_proj
pruning layer 1 name self_attn.v_proj
pruning layer 1 name self_attn.o_proj
pruning layer 1 name mlp.gate_proj
pruning layer 1 name mlp.down_proj
pruning layer 1 name mlp.up_proj
pruning layer 2 name self_attn.q_proj
pruning layer 2 name self_attn.k_proj
pruning layer 2 name self_attn.v_proj
pruning layer 2 name self_attn.o_proj
pruning layer 2 name mlp.gate_proj
pruning layer 2 name mlp.down_proj
pruning layer 2 name mlp.up_proj
pruning layer 3 name self_attn.q_proj
pruning layer 3 name self_attn.k_proj
pruning layer 3 name self_attn.v_proj
pruning layer 3 name self_attn.o_proj
pruning layer 3 name mlp.gate_proj
pruning layer 3 name mlp.down_proj
pruning layer 3 name mlp.up_proj
pruning layer 4 name self_attn.q_proj
pruning layer 4 name self_attn.k_proj
pruning layer 4 name self_attn.v_proj
pruning layer 4 name self_attn.o_proj
pruning layer 4 name mlp.gate_proj
pruning layer 4 name mlp.down_proj
pruning layer 4 name mlp.up_proj
pruning layer 5 name self_attn.q_proj
pruning layer 5 name self_attn.k_proj
pruning layer 5 name self_attn.v_proj
pruning layer 5 name self_attn.o_proj
pruning layer 5 name mlp.gate_proj
pruning layer 5 name mlp.down_proj
pruning layer 5 name mlp.up_proj
pruning layer 6 name self_attn.q_proj
pruning layer 6 name self_attn.k_proj
pruning layer 6 name self_attn.v_proj
pruning layer 6 name self_attn.o_proj
pruning layer 6 name mlp.gate_proj
pruning layer 6 name mlp.down_proj
pruning layer 6 name mlp.up_proj
pruning layer 7 name self_attn.q_proj
pruning layer 7 name self_attn.k_proj
pruning layer 7 name self_attn.v_proj
pruning layer 7 name self_attn.o_proj
pruning layer 7 name mlp.gate_proj
pruning layer 7 name mlp.down_proj
pruning layer 7 name mlp.up_proj
pruning layer 8 name self_attn.q_proj
pruning layer 8 name self_attn.k_proj
pruning layer 8 name self_attn.v_proj
pruning layer 8 name self_attn.o_proj
pruning layer 8 name mlp.gate_proj
pruning layer 8 name mlp.down_proj
pruning layer 8 name mlp.up_proj
pruning layer 9 name self_attn.q_proj
pruning layer 9 name self_attn.k_proj
pruning layer 9 name self_attn.v_proj
pruning layer 9 name self_attn.o_proj
pruning layer 9 name mlp.gate_proj
pruning layer 9 name mlp.down_proj
pruning layer 9 name mlp.up_proj
pruning layer 10 name self_attn.q_proj
pruning layer 10 name self_attn.k_proj
pruning layer 10 name self_attn.v_proj
pruning layer 10 name self_attn.o_proj
pruning layer 10 name mlp.gate_proj
pruning layer 10 name mlp.down_proj
pruning layer 10 name mlp.up_proj
pruning layer 11 name self_attn.q_proj
pruning layer 11 name self_attn.k_proj
pruning layer 11 name self_attn.v_proj
pruning layer 11 name self_attn.o_proj
pruning layer 11 name mlp.gate_proj
pruning layer 11 name mlp.down_proj
pruning layer 11 name mlp.up_proj
pruning layer 12 name self_attn.q_proj
pruning layer 12 name self_attn.k_proj
pruning layer 12 name self_attn.v_proj
pruning layer 12 name self_attn.o_proj
pruning layer 12 name mlp.gate_proj
pruning layer 12 name mlp.down_proj
pruning layer 12 name mlp.up_proj
pruning layer 13 name self_attn.q_proj
pruning layer 13 name self_attn.k_proj
pruning layer 13 name self_attn.v_proj
pruning layer 13 name self_attn.o_proj
pruning layer 13 name mlp.gate_proj
pruning layer 13 name mlp.down_proj
pruning layer 13 name mlp.up_proj
pruning layer 14 name self_attn.q_proj
pruning layer 14 name self_attn.k_proj
pruning layer 14 name self_attn.v_proj
pruning layer 14 name self_attn.o_proj
pruning layer 14 name mlp.gate_proj
pruning layer 14 name mlp.down_proj
pruning layer 14 name mlp.up_proj
pruning layer 15 name self_attn.q_proj
pruning layer 15 name self_attn.k_proj
pruning layer 15 name self_attn.v_proj
pruning layer 15 name self_attn.o_proj
pruning layer 15 name mlp.gate_proj
pruning layer 15 name mlp.down_proj
pruning layer 15 name mlp.up_proj
pruning layer 16 name self_attn.q_proj
pruning layer 16 name self_attn.k_proj
pruning layer 16 name self_attn.v_proj
pruning layer 16 name self_attn.o_proj
pruning layer 16 name mlp.gate_proj
pruning layer 16 name mlp.down_proj
pruning layer 16 name mlp.up_proj
pruning layer 17 name self_attn.q_proj
pruning layer 17 name self_attn.k_proj
pruning layer 17 name self_attn.v_proj
pruning layer 17 name self_attn.o_proj
pruning layer 17 name mlp.gate_proj
pruning layer 17 name mlp.down_proj
pruning layer 17 name mlp.up_proj
pruning layer 18 name self_attn.q_proj
pruning layer 18 name self_attn.k_proj
pruning layer 18 name self_attn.v_proj
pruning layer 18 name self_attn.o_proj
pruning layer 18 name mlp.gate_proj
pruning layer 18 name mlp.down_proj
pruning layer 18 name mlp.up_proj
pruning layer 19 name self_attn.q_proj
pruning layer 19 name self_attn.k_proj
pruning layer 19 name self_attn.v_proj
pruning layer 19 name self_attn.o_proj
pruning layer 19 name mlp.gate_proj
pruning layer 19 name mlp.down_proj
pruning layer 19 name mlp.up_proj
pruning layer 20 name self_attn.q_proj
pruning layer 20 name self_attn.k_proj
pruning layer 20 name self_attn.v_proj
pruning layer 20 name self_attn.o_proj
pruning layer 20 name mlp.gate_proj
pruning layer 20 name mlp.down_proj
pruning layer 20 name mlp.up_proj
pruning layer 21 name self_attn.q_proj
pruning layer 21 name self_attn.k_proj
pruning layer 21 name self_attn.v_proj
pruning layer 21 name self_attn.o_proj
pruning layer 21 name mlp.gate_proj
pruning layer 21 name mlp.down_proj
pruning layer 21 name mlp.up_proj
pruning layer 22 name self_attn.q_proj
pruning layer 22 name self_attn.k_proj
pruning layer 22 name self_attn.v_proj
pruning layer 22 name self_attn.o_proj
pruning layer 22 name mlp.gate_proj
pruning layer 22 name mlp.down_proj
pruning layer 22 name mlp.up_proj
pruning layer 23 name self_attn.q_proj
pruning layer 23 name self_attn.k_proj
pruning layer 23 name self_attn.v_proj
pruning layer 23 name self_attn.o_proj
pruning layer 23 name mlp.gate_proj
pruning layer 23 name mlp.down_proj
pruning layer 23 name mlp.up_proj
pruning layer 24 name self_attn.q_proj
pruning layer 24 name self_attn.k_proj
pruning layer 24 name self_attn.v_proj
pruning layer 24 name self_attn.o_proj
pruning layer 24 name mlp.gate_proj
pruning layer 24 name mlp.down_proj
pruning layer 24 name mlp.up_proj
pruning layer 25 name self_attn.q_proj
pruning layer 25 name self_attn.k_proj
pruning layer 25 name self_attn.v_proj
pruning layer 25 name self_attn.o_proj
pruning layer 25 name mlp.gate_proj
pruning layer 25 name mlp.down_proj
pruning layer 25 name mlp.up_proj
pruning layer 26 name self_attn.q_proj
pruning layer 26 name self_attn.k_proj
pruning layer 26 name self_attn.v_proj
pruning layer 26 name self_attn.o_proj
pruning layer 26 name mlp.gate_proj
pruning layer 26 name mlp.down_proj
pruning layer 26 name mlp.up_proj
pruning layer 27 name self_attn.q_proj
pruning layer 27 name self_attn.k_proj
pruning layer 27 name self_attn.v_proj
pruning layer 27 name self_attn.o_proj
pruning layer 27 name mlp.gate_proj
pruning layer 27 name mlp.down_proj
pruning layer 27 name mlp.up_proj
pruning layer 28 name self_attn.q_proj
pruning layer 28 name self_attn.k_proj
pruning layer 28 name self_attn.v_proj
pruning layer 28 name self_attn.o_proj
pruning layer 28 name mlp.gate_proj
pruning layer 28 name mlp.down_proj
pruning layer 28 name mlp.up_proj
pruning layer 29 name self_attn.q_proj
pruning layer 29 name self_attn.k_proj
pruning layer 29 name self_attn.v_proj
pruning layer 29 name self_attn.o_proj
pruning layer 29 name mlp.gate_proj
pruning layer 29 name mlp.down_proj
pruning layer 29 name mlp.up_proj
pruning layer 30 name self_attn.q_proj
pruning layer 30 name self_attn.k_proj
pruning layer 30 name self_attn.v_proj
pruning layer 30 name self_attn.o_proj
pruning layer 30 name mlp.gate_proj
pruning layer 30 name mlp.down_proj
pruning layer 30 name mlp.up_proj
pruning layer 31 name self_attn.q_proj
pruning layer 31 name self_attn.k_proj
pruning layer 31 name self_attn.v_proj
pruning layer 31 name self_attn.o_proj
pruning layer 31 name mlp.gate_proj
pruning layer 31 name mlp.down_proj
pruning layer 31 name mlp.up_proj
******************************
layer 0 sparsity 0.664062
layer 1 sparsity 0.631120
layer 2 sparsity 0.648688
layer 3 sparsity 0.597697
layer 4 sparsity 0.647456
layer 5 sparsity 0.658965
layer 6 sparsity 0.639183
layer 7 sparsity 0.647496
layer 8 sparsity 0.661639
layer 9 sparsity 0.665024
layer 10 sparsity 0.665796
layer 11 sparsity 0.668219
layer 12 sparsity 0.670413
layer 13 sparsity 0.680899
layer 14 sparsity 0.686809
layer 15 sparsity 0.702685
layer 16 sparsity 0.714113
layer 17 sparsity 0.721715
layer 18 sparsity 0.728275
layer 19 sparsity 0.734415
layer 20 sparsity 0.739053
layer 21 sparsity 0.739033
layer 22 sparsity 0.741937
layer 23 sparsity 0.742188
layer 24 sparsity 0.746094
layer 25 sparsity 0.741978
layer 26 sparsity 0.749039
layer 27 sparsity 0.752004
layer 28 sparsity 0.753195
layer 29 sparsity 0.757812
layer 30 sparsity 0.749309
layer 31 sparsity 0.750481
sparsity sanity check 0.6999
******************************
evaluating on wikitext2
nsamples 166
sample 0
sample 50
sample 100
sample 150
begin calcualte ppl
[TIME] this run took 436.89 seconds (7.28 min)
[RESULT] final ppl on wikitext = 31.2077
===== 1|0.01|0.5|exponential|0.01|0.3|True | 441s | exit=0 =====
/home/xiaokang/miniconda3/envs/prune_llm/lib/python3.9/site-packages/torch/torch_version.py:3: UserWarning: pkg_resources is deprecated as an API. See https://setuptools.pypa.io/en/latest/pkg_resources.html. The pkg_resources package is slated for removal as early as 2025-11-30. Refrain from using this package or pin to Setuptools<81.
  from pkg_resources import packaging  # type: ignore[attr-defined]
[DEBUG] running: /home/xiaokang/OWL/OWL-version2/risk-prune/main.py
[DEBUG] HF_ENDPOINT env: None
[DEBUG] HfApi endpoint: https://huggingface.co
# of gpus:  1
[DEBUG] Parsed args:
  nsamples               = 32
  risk_k                 = 1
  risk_probe             = 0.01
  risk_decay             = 0.5
  risk_decay_type        = exponential
  risk_decay_beta        = 0.01
  risk_alpha             = 0.3
  consider_current_layer_in_risk = True
Loading checkpoint shards:   0%|          | 0/2 [00:00<?, ?it/s]Loading checkpoint shards:  50%|█████     | 1/2 [00:03<00:03,  3.33s/it]Loading checkpoint shards: 100%|██████████| 2/2 [00:04<00:00,  2.11s/it]Loading checkpoint shards: 100%|██████████| 2/2 [00:04<00:00,  2.29s/it]
use device  cuda:0
target sparsity 0.7
pruning starts
loading calibration data
dataset loading complete
after adjustment [0.33585465 0.36875322 0.3512834  0.40210265 0.35249633 0.3409298
 0.36067232 0.35234964 0.33829498 0.3349567  0.33409894 0.3317357
 0.32949808 0.31908828 0.31300545 0.29712495 0.2858654  0.2781189
 0.27168593 0.26542023 0.2608     0.26085347 0.25803164 0.25776088
 0.2538181  0.25788656 0.25088722 0.24781239 0.24672535 0.24210265
 0.25050032 0.24948625] mean 0.3 max 0.40210265 min 0.24210265
pruning layer 0 name self_attn.q_proj
pruning layer 0 name self_attn.k_proj
pruning layer 0 name self_attn.v_proj
pruning layer 0 name self_attn.o_proj
pruning layer 0 name mlp.gate_proj
pruning layer 0 name mlp.down_proj
pruning layer 0 name mlp.up_proj
pruning layer 1 name self_attn.q_proj
pruning layer 1 name self_attn.k_proj
pruning layer 1 name self_attn.v_proj
pruning layer 1 name self_attn.o_proj
pruning layer 1 name mlp.gate_proj
pruning layer 1 name mlp.down_proj
pruning layer 1 name mlp.up_proj
pruning layer 2 name self_attn.q_proj
pruning layer 2 name self_attn.k_proj
pruning layer 2 name self_attn.v_proj
pruning layer 2 name self_attn.o_proj
pruning layer 2 name mlp.gate_proj
pruning layer 2 name mlp.down_proj
pruning layer 2 name mlp.up_proj
pruning layer 3 name self_attn.q_proj
pruning layer 3 name self_attn.k_proj
pruning layer 3 name self_attn.v_proj
pruning layer 3 name self_attn.o_proj
pruning layer 3 name mlp.gate_proj
pruning layer 3 name mlp.down_proj
pruning layer 3 name mlp.up_proj
pruning layer 4 name self_attn.q_proj
pruning layer 4 name self_attn.k_proj
pruning layer 4 name self_attn.v_proj
pruning layer 4 name self_attn.o_proj
pruning layer 4 name mlp.gate_proj
pruning layer 4 name mlp.down_proj
pruning layer 4 name mlp.up_proj
pruning layer 5 name self_attn.q_proj
pruning layer 5 name self_attn.k_proj
pruning layer 5 name self_attn.v_proj
pruning layer 5 name self_attn.o_proj
pruning layer 5 name mlp.gate_proj
pruning layer 5 name mlp.down_proj
pruning layer 5 name mlp.up_proj
pruning layer 6 name self_attn.q_proj
pruning layer 6 name self_attn.k_proj
pruning layer 6 name self_attn.v_proj
pruning layer 6 name self_attn.o_proj
pruning layer 6 name mlp.gate_proj
pruning layer 6 name mlp.down_proj
pruning layer 6 name mlp.up_proj
pruning layer 7 name self_attn.q_proj
pruning layer 7 name self_attn.k_proj
pruning layer 7 name self_attn.v_proj
pruning layer 7 name self_attn.o_proj
pruning layer 7 name mlp.gate_proj
pruning layer 7 name mlp.down_proj
pruning layer 7 name mlp.up_proj
pruning layer 8 name self_attn.q_proj
pruning layer 8 name self_attn.k_proj
pruning layer 8 name self_attn.v_proj
pruning layer 8 name self_attn.o_proj
pruning layer 8 name mlp.gate_proj
pruning layer 8 name mlp.down_proj
pruning layer 8 name mlp.up_proj
pruning layer 9 name self_attn.q_proj
pruning layer 9 name self_attn.k_proj
pruning layer 9 name self_attn.v_proj
pruning layer 9 name self_attn.o_proj
pruning layer 9 name mlp.gate_proj
pruning layer 9 name mlp.down_proj
pruning layer 9 name mlp.up_proj
pruning layer 10 name self_attn.q_proj
pruning layer 10 name self_attn.k_proj
pruning layer 10 name self_attn.v_proj
pruning layer 10 name self_attn.o_proj
pruning layer 10 name mlp.gate_proj
pruning layer 10 name mlp.down_proj
pruning layer 10 name mlp.up_proj
pruning layer 11 name self_attn.q_proj
pruning layer 11 name self_attn.k_proj
pruning layer 11 name self_attn.v_proj
pruning layer 11 name self_attn.o_proj
pruning layer 11 name mlp.gate_proj
pruning layer 11 name mlp.down_proj
pruning layer 11 name mlp.up_proj
pruning layer 12 name self_attn.q_proj
pruning layer 12 name self_attn.k_proj
pruning layer 12 name self_attn.v_proj
pruning layer 12 name self_attn.o_proj
pruning layer 12 name mlp.gate_proj
pruning layer 12 name mlp.down_proj
pruning layer 12 name mlp.up_proj
pruning layer 13 name self_attn.q_proj
pruning layer 13 name self_attn.k_proj
pruning layer 13 name self_attn.v_proj
pruning layer 13 name self_attn.o_proj
pruning layer 13 name mlp.gate_proj
pruning layer 13 name mlp.down_proj
pruning layer 13 name mlp.up_proj
pruning layer 14 name self_attn.q_proj
pruning layer 14 name self_attn.k_proj
pruning layer 14 name self_attn.v_proj
pruning layer 14 name self_attn.o_proj
pruning layer 14 name mlp.gate_proj
pruning layer 14 name mlp.down_proj
pruning layer 14 name mlp.up_proj
pruning layer 15 name self_attn.q_proj
pruning layer 15 name self_attn.k_proj
pruning layer 15 name self_attn.v_proj
pruning layer 15 name self_attn.o_proj
pruning layer 15 name mlp.gate_proj
pruning layer 15 name mlp.down_proj
pruning layer 15 name mlp.up_proj
pruning layer 16 name self_attn.q_proj
pruning layer 16 name self_attn.k_proj
pruning layer 16 name self_attn.v_proj
pruning layer 16 name self_attn.o_proj
pruning layer 16 name mlp.gate_proj
pruning layer 16 name mlp.down_proj
pruning layer 16 name mlp.up_proj
pruning layer 17 name self_attn.q_proj
pruning layer 17 name self_attn.k_proj
pruning layer 17 name self_attn.v_proj
pruning layer 17 name self_attn.o_proj
pruning layer 17 name mlp.gate_proj
pruning layer 17 name mlp.down_proj
pruning layer 17 name mlp.up_proj
pruning layer 18 name self_attn.q_proj
pruning layer 18 name self_attn.k_proj
pruning layer 18 name self_attn.v_proj
pruning layer 18 name self_attn.o_proj
pruning layer 18 name mlp.gate_proj
pruning layer 18 name mlp.down_proj
pruning layer 18 name mlp.up_proj
pruning layer 19 name self_attn.q_proj
pruning layer 19 name self_attn.k_proj
pruning layer 19 name self_attn.v_proj
pruning layer 19 name self_attn.o_proj
pruning layer 19 name mlp.gate_proj
pruning layer 19 name mlp.down_proj
pruning layer 19 name mlp.up_proj
pruning layer 20 name self_attn.q_proj
pruning layer 20 name self_attn.k_proj
pruning layer 20 name self_attn.v_proj
pruning layer 20 name self_attn.o_proj
pruning layer 20 name mlp.gate_proj
pruning layer 20 name mlp.down_proj
pruning layer 20 name mlp.up_proj
pruning layer 21 name self_attn.q_proj
pruning layer 21 name self_attn.k_proj
pruning layer 21 name self_attn.v_proj
pruning layer 21 name self_attn.o_proj
pruning layer 21 name mlp.gate_proj
pruning layer 21 name mlp.down_proj
pruning layer 21 name mlp.up_proj
pruning layer 22 name self_attn.q_proj
pruning layer 22 name self_attn.k_proj
pruning layer 22 name self_attn.v_proj
pruning layer 22 name self_attn.o_proj
pruning layer 22 name mlp.gate_proj
pruning layer 22 name mlp.down_proj
pruning layer 22 name mlp.up_proj
pruning layer 23 name self_attn.q_proj
pruning layer 23 name self_attn.k_proj
pruning layer 23 name self_attn.v_proj
pruning layer 23 name self_attn.o_proj
pruning layer 23 name mlp.gate_proj
pruning layer 23 name mlp.down_proj
pruning layer 23 name mlp.up_proj
pruning layer 24 name self_attn.q_proj
pruning layer 24 name self_attn.k_proj
pruning layer 24 name self_attn.v_proj
pruning layer 24 name self_attn.o_proj
pruning layer 24 name mlp.gate_proj
pruning layer 24 name mlp.down_proj
pruning layer 24 name mlp.up_proj
pruning layer 25 name self_attn.q_proj
pruning layer 25 name self_attn.k_proj
pruning layer 25 name self_attn.v_proj
pruning layer 25 name self_attn.o_proj
pruning layer 25 name mlp.gate_proj
pruning layer 25 name mlp.down_proj
pruning layer 25 name mlp.up_proj
pruning layer 26 name self_attn.q_proj
pruning layer 26 name self_attn.k_proj
pruning layer 26 name self_attn.v_proj
pruning layer 26 name self_attn.o_proj
pruning layer 26 name mlp.gate_proj
pruning layer 26 name mlp.down_proj
pruning layer 26 name mlp.up_proj
pruning layer 27 name self_attn.q_proj
pruning layer 27 name self_attn.k_proj
pruning layer 27 name self_attn.v_proj
pruning layer 27 name self_attn.o_proj
pruning layer 27 name mlp.gate_proj
pruning layer 27 name mlp.down_proj
pruning layer 27 name mlp.up_proj
pruning layer 28 name self_attn.q_proj
pruning layer 28 name self_attn.k_proj
pruning layer 28 name self_attn.v_proj
pruning layer 28 name self_attn.o_proj
pruning layer 28 name mlp.gate_proj
pruning layer 28 name mlp.down_proj
pruning layer 28 name mlp.up_proj
pruning layer 29 name self_attn.q_proj
pruning layer 29 name self_attn.k_proj
pruning layer 29 name self_attn.v_proj
pruning layer 29 name self_attn.o_proj
pruning layer 29 name mlp.gate_proj
pruning layer 29 name mlp.down_proj
pruning layer 29 name mlp.up_proj
pruning layer 30 name self_attn.q_proj
pruning layer 30 name self_attn.k_proj
pruning layer 30 name self_attn.v_proj
pruning layer 30 name self_attn.o_proj
pruning layer 30 name mlp.gate_proj
pruning layer 30 name mlp.down_proj
pruning layer 30 name mlp.up_proj
pruning layer 31 name self_attn.q_proj
pruning layer 31 name self_attn.k_proj
pruning layer 31 name self_attn.v_proj
pruning layer 31 name self_attn.o_proj
pruning layer 31 name mlp.gate_proj
pruning layer 31 name mlp.down_proj
pruning layer 31 name mlp.up_proj
******************************
layer 0 sparsity 0.664062
layer 1 sparsity 0.631120
layer 2 sparsity 0.648688
layer 3 sparsity 0.597697
layer 4 sparsity 0.647456
layer 5 sparsity 0.658965
layer 6 sparsity 0.639183
layer 7 sparsity 0.647496
layer 8 sparsity 0.661639
layer 9 sparsity 0.665024
layer 10 sparsity 0.665796
layer 11 sparsity 0.668219
layer 12 sparsity 0.670413
layer 13 sparsity 0.680899
layer 14 sparsity 0.686809
layer 15 sparsity 0.702685
layer 16 sparsity 0.714113
layer 17 sparsity 0.721715
layer 18 sparsity 0.728275
layer 19 sparsity 0.734415
layer 20 sparsity 0.739053
layer 21 sparsity 0.739033
layer 22 sparsity 0.741937
layer 23 sparsity 0.742188
layer 24 sparsity 0.746094
layer 25 sparsity 0.741978
layer 26 sparsity 0.749039
layer 27 sparsity 0.752004
layer 28 sparsity 0.753195
layer 29 sparsity 0.757812
layer 30 sparsity 0.749309
layer 31 sparsity 0.750481
sparsity sanity check 0.6999
******************************
evaluating on wikitext2
nsamples 166
sample 0
sample 50
sample 100
sample 150
begin calcualte ppl
[TIME] this run took 437.89 seconds (7.30 min)
[RESULT] final ppl on wikitext = 31.2077
===== 1|0.01|0.5|exponential|0.01|0.35|False | 441s | exit=0 =====
/home/xiaokang/miniconda3/envs/prune_llm/lib/python3.9/site-packages/torch/torch_version.py:3: UserWarning: pkg_resources is deprecated as an API. See https://setuptools.pypa.io/en/latest/pkg_resources.html. The pkg_resources package is slated for removal as early as 2025-11-30. Refrain from using this package or pin to Setuptools<81.
  from pkg_resources import packaging  # type: ignore[attr-defined]
[DEBUG] running: /home/xiaokang/OWL/OWL-version2/risk-prune/main.py
[DEBUG] HF_ENDPOINT env: None
[DEBUG] HfApi endpoint: https://huggingface.co
# of gpus:  1
[DEBUG] Parsed args:
  nsamples               = 32
  risk_k                 = 1
  risk_probe             = 0.01
  risk_decay             = 0.5
  risk_decay_type        = exponential
  risk_decay_beta        = 0.01
  risk_alpha             = 0.35
  consider_current_layer_in_risk = True
Loading checkpoint shards:   0%|          | 0/2 [00:00<?, ?it/s]Loading checkpoint shards:  50%|█████     | 1/2 [00:03<00:03,  3.34s/it]Loading checkpoint shards: 100%|██████████| 2/2 [00:04<00:00,  2.11s/it]Loading checkpoint shards: 100%|██████████| 2/2 [00:04<00:00,  2.29s/it]
use device  cuda:0
target sparsity 0.7
pruning starts
loading calibration data
dataset loading complete
after adjustment [0.33983362 0.37938267 0.3501012  0.40162256 0.351608   0.34000438
 0.36007538 0.35177913 0.3377064  0.33443546 0.33366096 0.33135897
 0.3291717  0.31867656 0.31265378 0.29675323 0.28556222 0.2776522
 0.2712654  0.264974   0.26042607 0.2604155  0.25767297 0.25742325
 0.2534231  0.25767553 0.2506245  0.24742891 0.24634469 0.24162257
 0.25197396 0.24669151] mean 0.3 max 0.40162256 min 0.24162257
pruning layer 0 name self_attn.q_proj
pruning layer 0 name self_attn.k_proj
pruning layer 0 name self_attn.v_proj
pruning layer 0 name self_attn.o_proj
pruning layer 0 name mlp.gate_proj
pruning layer 0 name mlp.down_proj
pruning layer 0 name mlp.up_proj
pruning layer 1 name self_attn.q_proj
pruning layer 1 name self_attn.k_proj
pruning layer 1 name self_attn.v_proj
pruning layer 1 name self_attn.o_proj
pruning layer 1 name mlp.gate_proj
pruning layer 1 name mlp.down_proj
pruning layer 1 name mlp.up_proj
pruning layer 2 name self_attn.q_proj
pruning layer 2 name self_attn.k_proj
pruning layer 2 name self_attn.v_proj
pruning layer 2 name self_attn.o_proj
pruning layer 2 name mlp.gate_proj
pruning layer 2 name mlp.down_proj
pruning layer 2 name mlp.up_proj
pruning layer 3 name self_attn.q_proj
pruning layer 3 name self_attn.k_proj
pruning layer 3 name self_attn.v_proj
pruning layer 3 name self_attn.o_proj
pruning layer 3 name mlp.gate_proj
pruning layer 3 name mlp.down_proj
pruning layer 3 name mlp.up_proj
pruning layer 4 name self_attn.q_proj
pruning layer 4 name self_attn.k_proj
pruning layer 4 name self_attn.v_proj
pruning layer 4 name self_attn.o_proj
pruning layer 4 name mlp.gate_proj
pruning layer 4 name mlp.down_proj
pruning layer 4 name mlp.up_proj
pruning layer 5 name self_attn.q_proj
pruning layer 5 name self_attn.k_proj
pruning layer 5 name self_attn.v_proj
pruning layer 5 name self_attn.o_proj
pruning layer 5 name mlp.gate_proj
pruning layer 5 name mlp.down_proj
pruning layer 5 name mlp.up_proj
pruning layer 6 name self_attn.q_proj
pruning layer 6 name self_attn.k_proj
pruning layer 6 name self_attn.v_proj
pruning layer 6 name self_attn.o_proj
pruning layer 6 name mlp.gate_proj
pruning layer 6 name mlp.down_proj
pruning layer 6 name mlp.up_proj
pruning layer 7 name self_attn.q_proj
pruning layer 7 name self_attn.k_proj
pruning layer 7 name self_attn.v_proj
pruning layer 7 name self_attn.o_proj
pruning layer 7 name mlp.gate_proj
pruning layer 7 name mlp.down_proj
pruning layer 7 name mlp.up_proj
pruning layer 8 name self_attn.q_proj
pruning layer 8 name self_attn.k_proj
pruning layer 8 name self_attn.v_proj
pruning layer 8 name self_attn.o_proj
pruning layer 8 name mlp.gate_proj
pruning layer 8 name mlp.down_proj
pruning layer 8 name mlp.up_proj
pruning layer 9 name self_attn.q_proj
pruning layer 9 name self_attn.k_proj
pruning layer 9 name self_attn.v_proj
pruning layer 9 name self_attn.o_proj
pruning layer 9 name mlp.gate_proj
pruning layer 9 name mlp.down_proj
pruning layer 9 name mlp.up_proj
pruning layer 10 name self_attn.q_proj
pruning layer 10 name self_attn.k_proj
pruning layer 10 name self_attn.v_proj
pruning layer 10 name self_attn.o_proj
pruning layer 10 name mlp.gate_proj
pruning layer 10 name mlp.down_proj
pruning layer 10 name mlp.up_proj
pruning layer 11 name self_attn.q_proj
pruning layer 11 name self_attn.k_proj
pruning layer 11 name self_attn.v_proj
pruning layer 11 name self_attn.o_proj
pruning layer 11 name mlp.gate_proj
pruning layer 11 name mlp.down_proj
pruning layer 11 name mlp.up_proj
pruning layer 12 name self_attn.q_proj
pruning layer 12 name self_attn.k_proj
pruning layer 12 name self_attn.v_proj
pruning layer 12 name self_attn.o_proj
pruning layer 12 name mlp.gate_proj
pruning layer 12 name mlp.down_proj
pruning layer 12 name mlp.up_proj
pruning layer 13 name self_attn.q_proj
pruning layer 13 name self_attn.k_proj
pruning layer 13 name self_attn.v_proj
pruning layer 13 name self_attn.o_proj
pruning layer 13 name mlp.gate_proj
pruning layer 13 name mlp.down_proj
pruning layer 13 name mlp.up_proj
pruning layer 14 name self_attn.q_proj
pruning layer 14 name self_attn.k_proj
pruning layer 14 name self_attn.v_proj
pruning layer 14 name self_attn.o_proj
pruning layer 14 name mlp.gate_proj
pruning layer 14 name mlp.down_proj
pruning layer 14 name mlp.up_proj
pruning layer 15 name self_attn.q_proj
pruning layer 15 name self_attn.k_proj
pruning layer 15 name self_attn.v_proj
pruning layer 15 name self_attn.o_proj
pruning layer 15 name mlp.gate_proj
pruning layer 15 name mlp.down_proj
pruning layer 15 name mlp.up_proj
pruning layer 16 name self_attn.q_proj
pruning layer 16 name self_attn.k_proj
pruning layer 16 name self_attn.v_proj
pruning layer 16 name self_attn.o_proj
pruning layer 16 name mlp.gate_proj
pruning layer 16 name mlp.down_proj
pruning layer 16 name mlp.up_proj
pruning layer 17 name self_attn.q_proj
pruning layer 17 name self_attn.k_proj
pruning layer 17 name self_attn.v_proj
pruning layer 17 name self_attn.o_proj
pruning layer 17 name mlp.gate_proj
pruning layer 17 name mlp.down_proj
pruning layer 17 name mlp.up_proj
pruning layer 18 name self_attn.q_proj
pruning layer 18 name self_attn.k_proj
pruning layer 18 name self_attn.v_proj
pruning layer 18 name self_attn.o_proj
pruning layer 18 name mlp.gate_proj
pruning layer 18 name mlp.down_proj
pruning layer 18 name mlp.up_proj
pruning layer 19 name self_attn.q_proj
pruning layer 19 name self_attn.k_proj
pruning layer 19 name self_attn.v_proj
pruning layer 19 name self_attn.o_proj
pruning layer 19 name mlp.gate_proj
pruning layer 19 name mlp.down_proj
pruning layer 19 name mlp.up_proj
pruning layer 20 name self_attn.q_proj
pruning layer 20 name self_attn.k_proj
pruning layer 20 name self_attn.v_proj
pruning layer 20 name self_attn.o_proj
pruning layer 20 name mlp.gate_proj
pruning layer 20 name mlp.down_proj
pruning layer 20 name mlp.up_proj
pruning layer 21 name self_attn.q_proj
pruning layer 21 name self_attn.k_proj
pruning layer 21 name self_attn.v_proj
pruning layer 21 name self_attn.o_proj
pruning layer 21 name mlp.gate_proj
pruning layer 21 name mlp.down_proj
pruning layer 21 name mlp.up_proj
pruning layer 22 name self_attn.q_proj
pruning layer 22 name self_attn.k_proj
pruning layer 22 name self_attn.v_proj
pruning layer 22 name self_attn.o_proj
pruning layer 22 name mlp.gate_proj
pruning layer 22 name mlp.down_proj
pruning layer 22 name mlp.up_proj
pruning layer 23 name self_attn.q_proj
pruning layer 23 name self_attn.k_proj
pruning layer 23 name self_attn.v_proj
pruning layer 23 name self_attn.o_proj
pruning layer 23 name mlp.gate_proj
pruning layer 23 name mlp.down_proj
pruning layer 23 name mlp.up_proj
pruning layer 24 name self_attn.q_proj
pruning layer 24 name self_attn.k_proj
pruning layer 24 name self_attn.v_proj
pruning layer 24 name self_attn.o_proj
pruning layer 24 name mlp.gate_proj
pruning layer 24 name mlp.down_proj
pruning layer 24 name mlp.up_proj
pruning layer 25 name self_attn.q_proj
pruning layer 25 name self_attn.k_proj
pruning layer 25 name self_attn.v_proj
pruning layer 25 name self_attn.o_proj
pruning layer 25 name mlp.gate_proj
pruning layer 25 name mlp.down_proj
pruning layer 25 name mlp.up_proj
pruning layer 26 name self_attn.q_proj
pruning layer 26 name self_attn.k_proj
pruning layer 26 name self_attn.v_proj
pruning layer 26 name self_attn.o_proj
pruning layer 26 name mlp.gate_proj
pruning layer 26 name mlp.down_proj
pruning layer 26 name mlp.up_proj
pruning layer 27 name self_attn.q_proj
pruning layer 27 name self_attn.k_proj
pruning layer 27 name self_attn.v_proj
pruning layer 27 name self_attn.o_proj
pruning layer 27 name mlp.gate_proj
pruning layer 27 name mlp.down_proj
pruning layer 27 name mlp.up_proj
pruning layer 28 name self_attn.q_proj
pruning layer 28 name self_attn.k_proj
pruning layer 28 name self_attn.v_proj
pruning layer 28 name self_attn.o_proj
pruning layer 28 name mlp.gate_proj
pruning layer 28 name mlp.down_proj
pruning layer 28 name mlp.up_proj
pruning layer 29 name self_attn.q_proj
pruning layer 29 name self_attn.k_proj
pruning layer 29 name self_attn.v_proj
pruning layer 29 name self_attn.o_proj
pruning layer 29 name mlp.gate_proj
pruning layer 29 name mlp.down_proj
pruning layer 29 name mlp.up_proj
pruning layer 30 name self_attn.q_proj
pruning layer 30 name self_attn.k_proj
pruning layer 30 name self_attn.v_proj
pruning layer 30 name self_attn.o_proj
pruning layer 30 name mlp.gate_proj
pruning layer 30 name mlp.down_proj
pruning layer 30 name mlp.up_proj
pruning layer 31 name self_attn.q_proj
pruning layer 31 name self_attn.k_proj
pruning layer 31 name self_attn.v_proj
pruning layer 31 name self_attn.o_proj
pruning layer 31 name mlp.gate_proj
pruning layer 31 name mlp.down_proj
pruning layer 31 name mlp.up_proj
******************************
layer 0 sparsity 0.660156
layer 1 sparsity 0.620593
layer 2 sparsity 0.649710
layer 3 sparsity 0.598177
layer 4 sparsity 0.648228
layer 5 sparsity 0.659926
layer 6 sparsity 0.639894
layer 7 sparsity 0.648187
layer 8 sparsity 0.662140
layer 9 sparsity 0.665525
layer 10 sparsity 0.666276
layer 11 sparsity 0.668490
layer 12 sparsity 0.670683
layer 13 sparsity 0.681190
layer 14 sparsity 0.687270
layer 15 sparsity 0.703145
layer 16 sparsity 0.714363
layer 17 sparsity 0.722196
layer 18 sparsity 0.728546
layer 19 sparsity 0.734896
layer 20 sparsity 0.739513
layer 21 sparsity 0.739513
layer 22 sparsity 0.742208
layer 23 sparsity 0.742458
layer 24 sparsity 0.746385
layer 25 sparsity 0.742208
layer 26 sparsity 0.749289
layer 27 sparsity 0.752464
layer 28 sparsity 0.753466
layer 29 sparsity 0.758313
layer 30 sparsity 0.747847
layer 31 sparsity 0.753195
sparsity sanity check 0.6999
******************************
evaluating on wikitext2
nsamples 166
sample 0
sample 50
sample 100
sample 150
begin calcualte ppl
[TIME] this run took 437.74 seconds (7.30 min)
[RESULT] final ppl on wikitext = 31.2691
===== 1|0.01|0.5|exponential|0.01|0.35|True | 442s | exit=0 =====
/home/xiaokang/miniconda3/envs/prune_llm/lib/python3.9/site-packages/torch/torch_version.py:3: UserWarning: pkg_resources is deprecated as an API. See https://setuptools.pypa.io/en/latest/pkg_resources.html. The pkg_resources package is slated for removal as early as 2025-11-30. Refrain from using this package or pin to Setuptools<81.
  from pkg_resources import packaging  # type: ignore[attr-defined]
[DEBUG] running: /home/xiaokang/OWL/OWL-version2/risk-prune/main.py
[DEBUG] HF_ENDPOINT env: None
[DEBUG] HfApi endpoint: https://huggingface.co
# of gpus:  1
[DEBUG] Parsed args:
  nsamples               = 32
  risk_k                 = 1
  risk_probe             = 0.01
  risk_decay             = 0.5
  risk_decay_type        = exponential
  risk_decay_beta        = 0.01
  risk_alpha             = 0.35
  consider_current_layer_in_risk = True
Loading checkpoint shards:   0%|          | 0/2 [00:00<?, ?it/s]Loading checkpoint shards:  50%|█████     | 1/2 [00:03<00:03,  3.30s/it]Loading checkpoint shards: 100%|██████████| 2/2 [00:04<00:00,  2.10s/it]Loading checkpoint shards: 100%|██████████| 2/2 [00:04<00:00,  2.28s/it]
use device  cuda:0
target sparsity 0.7
pruning starts
loading calibration data
dataset loading complete
after adjustment [0.33983362 0.37938267 0.3501012  0.40162256 0.351608   0.34000438
 0.36007538 0.35177913 0.3377064  0.33443546 0.33366096 0.33135897
 0.3291717  0.31867656 0.31265378 0.29675323 0.28556222 0.2776522
 0.2712654  0.264974   0.26042607 0.2604155  0.25767297 0.25742325
 0.2534231  0.25767553 0.2506245  0.24742891 0.24634469 0.24162257
 0.25197396 0.24669151] mean 0.3 max 0.40162256 min 0.24162257
pruning layer 0 name self_attn.q_proj
pruning layer 0 name self_attn.k_proj
pruning layer 0 name self_attn.v_proj
pruning layer 0 name self_attn.o_proj
pruning layer 0 name mlp.gate_proj
pruning layer 0 name mlp.down_proj
pruning layer 0 name mlp.up_proj
pruning layer 1 name self_attn.q_proj
pruning layer 1 name self_attn.k_proj
pruning layer 1 name self_attn.v_proj
pruning layer 1 name self_attn.o_proj
pruning layer 1 name mlp.gate_proj
pruning layer 1 name mlp.down_proj
pruning layer 1 name mlp.up_proj
pruning layer 2 name self_attn.q_proj
pruning layer 2 name self_attn.k_proj
pruning layer 2 name self_attn.v_proj
pruning layer 2 name self_attn.o_proj
pruning layer 2 name mlp.gate_proj
pruning layer 2 name mlp.down_proj
pruning layer 2 name mlp.up_proj
pruning layer 3 name self_attn.q_proj
pruning layer 3 name self_attn.k_proj
pruning layer 3 name self_attn.v_proj
pruning layer 3 name self_attn.o_proj
pruning layer 3 name mlp.gate_proj
pruning layer 3 name mlp.down_proj
pruning layer 3 name mlp.up_proj
pruning layer 4 name self_attn.q_proj
pruning layer 4 name self_attn.k_proj
pruning layer 4 name self_attn.v_proj
pruning layer 4 name self_attn.o_proj
pruning layer 4 name mlp.gate_proj
pruning layer 4 name mlp.down_proj
pruning layer 4 name mlp.up_proj
pruning layer 5 name self_attn.q_proj
pruning layer 5 name self_attn.k_proj
pruning layer 5 name self_attn.v_proj
pruning layer 5 name self_attn.o_proj
pruning layer 5 name mlp.gate_proj
pruning layer 5 name mlp.down_proj
pruning layer 5 name mlp.up_proj
pruning layer 6 name self_attn.q_proj
pruning layer 6 name self_attn.k_proj
pruning layer 6 name self_attn.v_proj
pruning layer 6 name self_attn.o_proj
pruning layer 6 name mlp.gate_proj
pruning layer 6 name mlp.down_proj
pruning layer 6 name mlp.up_proj
pruning layer 7 name self_attn.q_proj
pruning layer 7 name self_attn.k_proj
pruning layer 7 name self_attn.v_proj
pruning layer 7 name self_attn.o_proj
pruning layer 7 name mlp.gate_proj
pruning layer 7 name mlp.down_proj
pruning layer 7 name mlp.up_proj
pruning layer 8 name self_attn.q_proj
pruning layer 8 name self_attn.k_proj
pruning layer 8 name self_attn.v_proj
pruning layer 8 name self_attn.o_proj
pruning layer 8 name mlp.gate_proj
pruning layer 8 name mlp.down_proj
pruning layer 8 name mlp.up_proj
pruning layer 9 name self_attn.q_proj
pruning layer 9 name self_attn.k_proj
pruning layer 9 name self_attn.v_proj
pruning layer 9 name self_attn.o_proj
pruning layer 9 name mlp.gate_proj
pruning layer 9 name mlp.down_proj
pruning layer 9 name mlp.up_proj
pruning layer 10 name self_attn.q_proj
pruning layer 10 name self_attn.k_proj
pruning layer 10 name self_attn.v_proj
pruning layer 10 name self_attn.o_proj
pruning layer 10 name mlp.gate_proj
pruning layer 10 name mlp.down_proj
pruning layer 10 name mlp.up_proj
pruning layer 11 name self_attn.q_proj
pruning layer 11 name self_attn.k_proj
pruning layer 11 name self_attn.v_proj
pruning layer 11 name self_attn.o_proj
pruning layer 11 name mlp.gate_proj
pruning layer 11 name mlp.down_proj
pruning layer 11 name mlp.up_proj
pruning layer 12 name self_attn.q_proj
pruning layer 12 name self_attn.k_proj
pruning layer 12 name self_attn.v_proj
pruning layer 12 name self_attn.o_proj
pruning layer 12 name mlp.gate_proj
pruning layer 12 name mlp.down_proj
pruning layer 12 name mlp.up_proj
pruning layer 13 name self_attn.q_proj
pruning layer 13 name self_attn.k_proj
pruning layer 13 name self_attn.v_proj
pruning layer 13 name self_attn.o_proj
pruning layer 13 name mlp.gate_proj
pruning layer 13 name mlp.down_proj
pruning layer 13 name mlp.up_proj
pruning layer 14 name self_attn.q_proj
pruning layer 14 name self_attn.k_proj
pruning layer 14 name self_attn.v_proj
pruning layer 14 name self_attn.o_proj
pruning layer 14 name mlp.gate_proj
pruning layer 14 name mlp.down_proj
pruning layer 14 name mlp.up_proj
pruning layer 15 name self_attn.q_proj
pruning layer 15 name self_attn.k_proj
pruning layer 15 name self_attn.v_proj
pruning layer 15 name self_attn.o_proj
pruning layer 15 name mlp.gate_proj
pruning layer 15 name mlp.down_proj
pruning layer 15 name mlp.up_proj
pruning layer 16 name self_attn.q_proj
pruning layer 16 name self_attn.k_proj
pruning layer 16 name self_attn.v_proj
pruning layer 16 name self_attn.o_proj
pruning layer 16 name mlp.gate_proj
pruning layer 16 name mlp.down_proj
pruning layer 16 name mlp.up_proj
pruning layer 17 name self_attn.q_proj
pruning layer 17 name self_attn.k_proj
pruning layer 17 name self_attn.v_proj
pruning layer 17 name self_attn.o_proj
pruning layer 17 name mlp.gate_proj
pruning layer 17 name mlp.down_proj
pruning layer 17 name mlp.up_proj
pruning layer 18 name self_attn.q_proj
pruning layer 18 name self_attn.k_proj
pruning layer 18 name self_attn.v_proj
pruning layer 18 name self_attn.o_proj
pruning layer 18 name mlp.gate_proj
pruning layer 18 name mlp.down_proj
pruning layer 18 name mlp.up_proj
pruning layer 19 name self_attn.q_proj
pruning layer 19 name self_attn.k_proj
pruning layer 19 name self_attn.v_proj
pruning layer 19 name self_attn.o_proj
pruning layer 19 name mlp.gate_proj
pruning layer 19 name mlp.down_proj
pruning layer 19 name mlp.up_proj
pruning layer 20 name self_attn.q_proj
pruning layer 20 name self_attn.k_proj
pruning layer 20 name self_attn.v_proj
pruning layer 20 name self_attn.o_proj
pruning layer 20 name mlp.gate_proj
pruning layer 20 name mlp.down_proj
pruning layer 20 name mlp.up_proj
pruning layer 21 name self_attn.q_proj
pruning layer 21 name self_attn.k_proj
pruning layer 21 name self_attn.v_proj
pruning layer 21 name self_attn.o_proj
pruning layer 21 name mlp.gate_proj
pruning layer 21 name mlp.down_proj
pruning layer 21 name mlp.up_proj
pruning layer 22 name self_attn.q_proj
pruning layer 22 name self_attn.k_proj
pruning layer 22 name self_attn.v_proj
pruning layer 22 name self_attn.o_proj
pruning layer 22 name mlp.gate_proj
pruning layer 22 name mlp.down_proj
pruning layer 22 name mlp.up_proj
pruning layer 23 name self_attn.q_proj
pruning layer 23 name self_attn.k_proj
pruning layer 23 name self_attn.v_proj
pruning layer 23 name self_attn.o_proj
pruning layer 23 name mlp.gate_proj
pruning layer 23 name mlp.down_proj
pruning layer 23 name mlp.up_proj
pruning layer 24 name self_attn.q_proj
pruning layer 24 name self_attn.k_proj
pruning layer 24 name self_attn.v_proj
pruning layer 24 name self_attn.o_proj
pruning layer 24 name mlp.gate_proj
pruning layer 24 name mlp.down_proj
pruning layer 24 name mlp.up_proj
pruning layer 25 name self_attn.q_proj
pruning layer 25 name self_attn.k_proj
pruning layer 25 name self_attn.v_proj
pruning layer 25 name self_attn.o_proj
pruning layer 25 name mlp.gate_proj
pruning layer 25 name mlp.down_proj
pruning layer 25 name mlp.up_proj
pruning layer 26 name self_attn.q_proj
pruning layer 26 name self_attn.k_proj
pruning layer 26 name self_attn.v_proj
pruning layer 26 name self_attn.o_proj
pruning layer 26 name mlp.gate_proj
pruning layer 26 name mlp.down_proj
pruning layer 26 name mlp.up_proj
pruning layer 27 name self_attn.q_proj
pruning layer 27 name self_attn.k_proj
pruning layer 27 name self_attn.v_proj
pruning layer 27 name self_attn.o_proj
pruning layer 27 name mlp.gate_proj
pruning layer 27 name mlp.down_proj
pruning layer 27 name mlp.up_proj
pruning layer 28 name self_attn.q_proj
pruning layer 28 name self_attn.k_proj
pruning layer 28 name self_attn.v_proj
pruning layer 28 name self_attn.o_proj
pruning layer 28 name mlp.gate_proj
pruning layer 28 name mlp.down_proj
pruning layer 28 name mlp.up_proj
pruning layer 29 name self_attn.q_proj
pruning layer 29 name self_attn.k_proj
pruning layer 29 name self_attn.v_proj
pruning layer 29 name self_attn.o_proj
pruning layer 29 name mlp.gate_proj
pruning layer 29 name mlp.down_proj
pruning layer 29 name mlp.up_proj
pruning layer 30 name self_attn.q_proj
pruning layer 30 name self_attn.k_proj
pruning layer 30 name self_attn.v_proj
pruning layer 30 name self_attn.o_proj
pruning layer 30 name mlp.gate_proj
pruning layer 30 name mlp.down_proj
pruning layer 30 name mlp.up_proj
pruning layer 31 name self_attn.q_proj
pruning layer 31 name self_attn.k_proj
pruning layer 31 name self_attn.v_proj
pruning layer 31 name self_attn.o_proj
pruning layer 31 name mlp.gate_proj
pruning layer 31 name mlp.down_proj
pruning layer 31 name mlp.up_proj
******************************
layer 0 sparsity 0.660156
layer 1 sparsity 0.620593
layer 2 sparsity 0.649710
layer 3 sparsity 0.598177
layer 4 sparsity 0.648228
layer 5 sparsity 0.659926
layer 6 sparsity 0.639894
layer 7 sparsity 0.648187
layer 8 sparsity 0.662140
layer 9 sparsity 0.665525
layer 10 sparsity 0.666276
layer 11 sparsity 0.668490
layer 12 sparsity 0.670683
layer 13 sparsity 0.681190
layer 14 sparsity 0.687270
layer 15 sparsity 0.703145
layer 16 sparsity 0.714363
layer 17 sparsity 0.722196
layer 18 sparsity 0.728546
layer 19 sparsity 0.734896
layer 20 sparsity 0.739513
layer 21 sparsity 0.739513
layer 22 sparsity 0.742208
layer 23 sparsity 0.742458
layer 24 sparsity 0.746385
layer 25 sparsity 0.742208
layer 26 sparsity 0.749289
layer 27 sparsity 0.752464
layer 28 sparsity 0.753466
layer 29 sparsity 0.758313
layer 30 sparsity 0.747847
layer 31 sparsity 0.753195
sparsity sanity check 0.6999
******************************
evaluating on wikitext2
nsamples 166
sample 0
sample 50
sample 100
sample 150
begin calcualte ppl
[TIME] this run took 439.77 seconds (7.33 min)
[RESULT] final ppl on wikitext = 31.2691
===== 1|0.01|0.5|exponential|0.01|0.4|False | 442s | exit=0 =====
/home/xiaokang/miniconda3/envs/prune_llm/lib/python3.9/site-packages/torch/torch_version.py:3: UserWarning: pkg_resources is deprecated as an API. See https://setuptools.pypa.io/en/latest/pkg_resources.html. The pkg_resources package is slated for removal as early as 2025-11-30. Refrain from using this package or pin to Setuptools<81.
  from pkg_resources import packaging  # type: ignore[attr-defined]
[DEBUG] running: /home/xiaokang/OWL/OWL-version2/risk-prune/main.py
[DEBUG] HF_ENDPOINT env: None
[DEBUG] HfApi endpoint: https://huggingface.co
# of gpus:  1
[DEBUG] Parsed args:
  nsamples               = 32
  risk_k                 = 1
  risk_probe             = 0.01
  risk_decay             = 0.5
  risk_decay_type        = exponential
  risk_decay_beta        = 0.01
  risk_alpha             = 0.4
  consider_current_layer_in_risk = True
Loading checkpoint shards:   0%|          | 0/2 [00:00<?, ?it/s]Loading checkpoint shards:  50%|█████     | 1/2 [00:03<00:03,  3.32s/it]Loading checkpoint shards: 100%|██████████| 2/2 [00:04<00:00,  2.11s/it]Loading checkpoint shards: 100%|██████████| 2/2 [00:04<00:00,  2.30s/it]
use device  cuda:0
target sparsity 0.7
pruning starts
loading calibration data
dataset loading complete
after adjustment [0.34460053 0.39211708 0.34868488 0.4010474  0.3505438  0.33889568
 0.35936025 0.35109565 0.33700123 0.33381104 0.3331363  0.33090764
 0.32878065 0.31818336 0.31223246 0.29630792 0.285199   0.27709308
 0.27076158 0.26443937 0.25997806 0.25989074 0.25724328 0.25701874
 0.2529499  0.2574227  0.25030977 0.24696946 0.24588864 0.2410474
 0.2537394  0.24334332] mean 0.3 max 0.4010474 min 0.2410474
pruning layer 0 name self_attn.q_proj
pruning layer 0 name self_attn.k_proj
pruning layer 0 name self_attn.v_proj
pruning layer 0 name self_attn.o_proj
pruning layer 0 name mlp.gate_proj
pruning layer 0 name mlp.down_proj
pruning layer 0 name mlp.up_proj
pruning layer 1 name self_attn.q_proj
pruning layer 1 name self_attn.k_proj
pruning layer 1 name self_attn.v_proj
pruning layer 1 name self_attn.o_proj
pruning layer 1 name mlp.gate_proj
pruning layer 1 name mlp.down_proj
pruning layer 1 name mlp.up_proj
pruning layer 2 name self_attn.q_proj
pruning layer 2 name self_attn.k_proj
pruning layer 2 name self_attn.v_proj
pruning layer 2 name self_attn.o_proj
pruning layer 2 name mlp.gate_proj
pruning layer 2 name mlp.down_proj
pruning layer 2 name mlp.up_proj
pruning layer 3 name self_attn.q_proj
pruning layer 3 name self_attn.k_proj
pruning layer 3 name self_attn.v_proj
pruning layer 3 name self_attn.o_proj
pruning layer 3 name mlp.gate_proj
pruning layer 3 name mlp.down_proj
pruning layer 3 name mlp.up_proj
pruning layer 4 name self_attn.q_proj
pruning layer 4 name self_attn.k_proj
pruning layer 4 name self_attn.v_proj
pruning layer 4 name self_attn.o_proj
pruning layer 4 name mlp.gate_proj
pruning layer 4 name mlp.down_proj
pruning layer 4 name mlp.up_proj
pruning layer 5 name self_attn.q_proj
pruning layer 5 name self_attn.k_proj
pruning layer 5 name self_attn.v_proj
pruning layer 5 name self_attn.o_proj
pruning layer 5 name mlp.gate_proj
pruning layer 5 name mlp.down_proj
pruning layer 5 name mlp.up_proj
pruning layer 6 name self_attn.q_proj
pruning layer 6 name self_attn.k_proj
pruning layer 6 name self_attn.v_proj
pruning layer 6 name self_attn.o_proj
pruning layer 6 name mlp.gate_proj
pruning layer 6 name mlp.down_proj
pruning layer 6 name mlp.up_proj
pruning layer 7 name self_attn.q_proj
pruning layer 7 name self_attn.k_proj
pruning layer 7 name self_attn.v_proj
pruning layer 7 name self_attn.o_proj
pruning layer 7 name mlp.gate_proj
pruning layer 7 name mlp.down_proj
pruning layer 7 name mlp.up_proj
pruning layer 8 name self_attn.q_proj
pruning layer 8 name self_attn.k_proj
pruning layer 8 name self_attn.v_proj
pruning layer 8 name self_attn.o_proj
pruning layer 8 name mlp.gate_proj
pruning layer 8 name mlp.down_proj
pruning layer 8 name mlp.up_proj
pruning layer 9 name self_attn.q_proj
pruning layer 9 name self_attn.k_proj
pruning layer 9 name self_attn.v_proj
pruning layer 9 name self_attn.o_proj
pruning layer 9 name mlp.gate_proj
pruning layer 9 name mlp.down_proj
pruning layer 9 name mlp.up_proj
pruning layer 10 name self_attn.q_proj
pruning layer 10 name self_attn.k_proj
pruning layer 10 name self_attn.v_proj
pruning layer 10 name self_attn.o_proj
pruning layer 10 name mlp.gate_proj
pruning layer 10 name mlp.down_proj
pruning layer 10 name mlp.up_proj
pruning layer 11 name self_attn.q_proj
pruning layer 11 name self_attn.k_proj
pruning layer 11 name self_attn.v_proj
pruning layer 11 name self_attn.o_proj
pruning layer 11 name mlp.gate_proj
pruning layer 11 name mlp.down_proj
pruning layer 11 name mlp.up_proj
pruning layer 12 name self_attn.q_proj
pruning layer 12 name self_attn.k_proj
pruning layer 12 name self_attn.v_proj
pruning layer 12 name self_attn.o_proj
pruning layer 12 name mlp.gate_proj
pruning layer 12 name mlp.down_proj
pruning layer 12 name mlp.up_proj
pruning layer 13 name self_attn.q_proj
pruning layer 13 name self_attn.k_proj
pruning layer 13 name self_attn.v_proj
pruning layer 13 name self_attn.o_proj
pruning layer 13 name mlp.gate_proj
pruning layer 13 name mlp.down_proj
pruning layer 13 name mlp.up_proj
pruning layer 14 name self_attn.q_proj
pruning layer 14 name self_attn.k_proj
pruning layer 14 name self_attn.v_proj
pruning layer 14 name self_attn.o_proj
pruning layer 14 name mlp.gate_proj
pruning layer 14 name mlp.down_proj
pruning layer 14 name mlp.up_proj
pruning layer 15 name self_attn.q_proj
pruning layer 15 name self_attn.k_proj
pruning layer 15 name self_attn.v_proj
pruning layer 15 name self_attn.o_proj
pruning layer 15 name mlp.gate_proj
pruning layer 15 name mlp.down_proj
pruning layer 15 name mlp.up_proj
pruning layer 16 name self_attn.q_proj
pruning layer 16 name self_attn.k_proj
pruning layer 16 name self_attn.v_proj
pruning layer 16 name self_attn.o_proj
pruning layer 16 name mlp.gate_proj
pruning layer 16 name mlp.down_proj
pruning layer 16 name mlp.up_proj
pruning layer 17 name self_attn.q_proj
pruning layer 17 name self_attn.k_proj
pruning layer 17 name self_attn.v_proj
pruning layer 17 name self_attn.o_proj
pruning layer 17 name mlp.gate_proj
pruning layer 17 name mlp.down_proj
pruning layer 17 name mlp.up_proj
pruning layer 18 name self_attn.q_proj
pruning layer 18 name self_attn.k_proj
pruning layer 18 name self_attn.v_proj
pruning layer 18 name self_attn.o_proj
pruning layer 18 name mlp.gate_proj
pruning layer 18 name mlp.down_proj
pruning layer 18 name mlp.up_proj
pruning layer 19 name self_attn.q_proj
pruning layer 19 name self_attn.k_proj
pruning layer 19 name self_attn.v_proj
pruning layer 19 name self_attn.o_proj
pruning layer 19 name mlp.gate_proj
pruning layer 19 name mlp.down_proj
pruning layer 19 name mlp.up_proj
pruning layer 20 name self_attn.q_proj
pruning layer 20 name self_attn.k_proj
pruning layer 20 name self_attn.v_proj
pruning layer 20 name self_attn.o_proj
pruning layer 20 name mlp.gate_proj
pruning layer 20 name mlp.down_proj
pruning layer 20 name mlp.up_proj
pruning layer 21 name self_attn.q_proj
pruning layer 21 name self_attn.k_proj
pruning layer 21 name self_attn.v_proj
pruning layer 21 name self_attn.o_proj
pruning layer 21 name mlp.gate_proj
pruning layer 21 name mlp.down_proj
pruning layer 21 name mlp.up_proj
pruning layer 22 name self_attn.q_proj
pruning layer 22 name self_attn.k_proj
pruning layer 22 name self_attn.v_proj
pruning layer 22 name self_attn.o_proj
pruning layer 22 name mlp.gate_proj
pruning layer 22 name mlp.down_proj
pruning layer 22 name mlp.up_proj
pruning layer 23 name self_attn.q_proj
pruning layer 23 name self_attn.k_proj
pruning layer 23 name self_attn.v_proj
pruning layer 23 name self_attn.o_proj
pruning layer 23 name mlp.gate_proj
pruning layer 23 name mlp.down_proj
pruning layer 23 name mlp.up_proj
pruning layer 24 name self_attn.q_proj
pruning layer 24 name self_attn.k_proj
pruning layer 24 name self_attn.v_proj
pruning layer 24 name self_attn.o_proj
pruning layer 24 name mlp.gate_proj
pruning layer 24 name mlp.down_proj
pruning layer 24 name mlp.up_proj
pruning layer 25 name self_attn.q_proj
pruning layer 25 name self_attn.k_proj
pruning layer 25 name self_attn.v_proj
pruning layer 25 name self_attn.o_proj
pruning layer 25 name mlp.gate_proj
pruning layer 25 name mlp.down_proj
pruning layer 25 name mlp.up_proj
pruning layer 26 name self_attn.q_proj
pruning layer 26 name self_attn.k_proj
pruning layer 26 name self_attn.v_proj
pruning layer 26 name self_attn.o_proj
pruning layer 26 name mlp.gate_proj
pruning layer 26 name mlp.down_proj
pruning layer 26 name mlp.up_proj
pruning layer 27 name self_attn.q_proj
pruning layer 27 name self_attn.k_proj
pruning layer 27 name self_attn.v_proj
pruning layer 27 name self_attn.o_proj
pruning layer 27 name mlp.gate_proj
pruning layer 27 name mlp.down_proj
pruning layer 27 name mlp.up_proj
pruning layer 28 name self_attn.q_proj
pruning layer 28 name self_attn.k_proj
pruning layer 28 name self_attn.v_proj
pruning layer 28 name self_attn.o_proj
pruning layer 28 name mlp.gate_proj
pruning layer 28 name mlp.down_proj
pruning layer 28 name mlp.up_proj
pruning layer 29 name self_attn.q_proj
pruning layer 29 name self_attn.k_proj
pruning layer 29 name self_attn.v_proj
pruning layer 29 name self_attn.o_proj
pruning layer 29 name mlp.gate_proj
pruning layer 29 name mlp.down_proj
pruning layer 29 name mlp.up_proj
pruning layer 30 name self_attn.q_proj
pruning layer 30 name self_attn.k_proj
pruning layer 30 name self_attn.v_proj
pruning layer 30 name self_attn.o_proj
pruning layer 30 name mlp.gate_proj
pruning layer 30 name mlp.down_proj
pruning layer 30 name mlp.up_proj
pruning layer 31 name self_attn.q_proj
pruning layer 31 name self_attn.k_proj
pruning layer 31 name self_attn.v_proj
pruning layer 31 name self_attn.o_proj
pruning layer 31 name mlp.gate_proj
pruning layer 31 name mlp.down_proj
pruning layer 31 name mlp.up_proj
******************************
layer 0 sparsity 0.655289
layer 1 sparsity 0.607703
layer 2 sparsity 0.651152
layer 3 sparsity 0.598888
layer 4 sparsity 0.649419
layer 5 sparsity 0.660928
layer 6 sparsity 0.640625
layer 7 sparsity 0.648728
layer 8 sparsity 0.662871
layer 9 sparsity 0.666046
layer 10 sparsity 0.666757
layer 11 sparsity 0.668971
layer 12 sparsity 0.671144
layer 13 sparsity 0.681671
layer 14 sparsity 0.687730
layer 15 sparsity 0.703626
layer 16 sparsity 0.714634
layer 17 sparsity 0.722886
layer 18 sparsity 0.729047
layer 19 sparsity 0.735397
layer 20 sparsity 0.739994
layer 21 sparsity 0.740014
layer 22 sparsity 0.742688
layer 23 sparsity 0.742919
layer 24 sparsity 0.746865
layer 25 sparsity 0.742458
layer 26 sparsity 0.749540
layer 27 sparsity 0.752945
layer 28 sparsity 0.753947
layer 29 sparsity 0.758814
layer 30 sparsity 0.746114
layer 31 sparsity 0.756601
sparsity sanity check 0.6999
******************************
evaluating on wikitext2
nsamples 166
sample 0
sample 50
sample 100
sample 150
begin calcualte ppl
[TIME] this run took 438.70 seconds (7.31 min)
[RESULT] final ppl on wikitext = 31.3617
===== 1|0.01|0.5|exponential|0.01|0.4|True | 441s | exit=0 =====
/home/xiaokang/miniconda3/envs/prune_llm/lib/python3.9/site-packages/torch/torch_version.py:3: UserWarning: pkg_resources is deprecated as an API. See https://setuptools.pypa.io/en/latest/pkg_resources.html. The pkg_resources package is slated for removal as early as 2025-11-30. Refrain from using this package or pin to Setuptools<81.
  from pkg_resources import packaging  # type: ignore[attr-defined]
[DEBUG] running: /home/xiaokang/OWL/OWL-version2/risk-prune/main.py
[DEBUG] HF_ENDPOINT env: None
[DEBUG] HfApi endpoint: https://huggingface.co
# of gpus:  1
[DEBUG] Parsed args:
  nsamples               = 32
  risk_k                 = 1
  risk_probe             = 0.01
  risk_decay             = 0.5
  risk_decay_type        = exponential
  risk_decay_beta        = 0.01
  risk_alpha             = 0.4
  consider_current_layer_in_risk = True
Loading checkpoint shards:   0%|          | 0/2 [00:00<?, ?it/s]Loading checkpoint shards:  50%|█████     | 1/2 [00:03<00:03,  3.30s/it]Loading checkpoint shards: 100%|██████████| 2/2 [00:04<00:00,  2.09s/it]Loading checkpoint shards: 100%|██████████| 2/2 [00:04<00:00,  2.27s/it]
use device  cuda:0
target sparsity 0.7
pruning starts
loading calibration data
dataset loading complete
after adjustment [0.34460053 0.39211708 0.34868488 0.4010474  0.3505438  0.33889568
 0.35936025 0.35109565 0.33700123 0.33381104 0.3331363  0.33090764
 0.32878065 0.31818336 0.31223246 0.29630792 0.285199   0.27709308
 0.27076158 0.26443937 0.25997806 0.25989074 0.25724328 0.25701874
 0.2529499  0.2574227  0.25030977 0.24696946 0.24588864 0.2410474
 0.2537394  0.24334332] mean 0.3 max 0.4010474 min 0.2410474
pruning layer 0 name self_attn.q_proj
pruning layer 0 name self_attn.k_proj
pruning layer 0 name self_attn.v_proj
pruning layer 0 name self_attn.o_proj
pruning layer 0 name mlp.gate_proj
pruning layer 0 name mlp.down_proj
pruning layer 0 name mlp.up_proj
pruning layer 1 name self_attn.q_proj
pruning layer 1 name self_attn.k_proj
pruning layer 1 name self_attn.v_proj
pruning layer 1 name self_attn.o_proj
pruning layer 1 name mlp.gate_proj
pruning layer 1 name mlp.down_proj
pruning layer 1 name mlp.up_proj
pruning layer 2 name self_attn.q_proj
pruning layer 2 name self_attn.k_proj
pruning layer 2 name self_attn.v_proj
pruning layer 2 name self_attn.o_proj
pruning layer 2 name mlp.gate_proj
pruning layer 2 name mlp.down_proj
pruning layer 2 name mlp.up_proj
pruning layer 3 name self_attn.q_proj
pruning layer 3 name self_attn.k_proj
pruning layer 3 name self_attn.v_proj
pruning layer 3 name self_attn.o_proj
pruning layer 3 name mlp.gate_proj
pruning layer 3 name mlp.down_proj
pruning layer 3 name mlp.up_proj
pruning layer 4 name self_attn.q_proj
pruning layer 4 name self_attn.k_proj
pruning layer 4 name self_attn.v_proj
pruning layer 4 name self_attn.o_proj
pruning layer 4 name mlp.gate_proj
pruning layer 4 name mlp.down_proj
pruning layer 4 name mlp.up_proj
pruning layer 5 name self_attn.q_proj
pruning layer 5 name self_attn.k_proj
pruning layer 5 name self_attn.v_proj
pruning layer 5 name self_attn.o_proj
pruning layer 5 name mlp.gate_proj
pruning layer 5 name mlp.down_proj
pruning layer 5 name mlp.up_proj
pruning layer 6 name self_attn.q_proj
pruning layer 6 name self_attn.k_proj
pruning layer 6 name self_attn.v_proj
pruning layer 6 name self_attn.o_proj
pruning layer 6 name mlp.gate_proj
pruning layer 6 name mlp.down_proj
pruning layer 6 name mlp.up_proj
pruning layer 7 name self_attn.q_proj
pruning layer 7 name self_attn.k_proj
pruning layer 7 name self_attn.v_proj
pruning layer 7 name self_attn.o_proj
pruning layer 7 name mlp.gate_proj
pruning layer 7 name mlp.down_proj
pruning layer 7 name mlp.up_proj
pruning layer 8 name self_attn.q_proj
pruning layer 8 name self_attn.k_proj
pruning layer 8 name self_attn.v_proj
pruning layer 8 name self_attn.o_proj
pruning layer 8 name mlp.gate_proj
pruning layer 8 name mlp.down_proj
pruning layer 8 name mlp.up_proj
pruning layer 9 name self_attn.q_proj
pruning layer 9 name self_attn.k_proj
pruning layer 9 name self_attn.v_proj
pruning layer 9 name self_attn.o_proj
pruning layer 9 name mlp.gate_proj
pruning layer 9 name mlp.down_proj
pruning layer 9 name mlp.up_proj
pruning layer 10 name self_attn.q_proj
pruning layer 10 name self_attn.k_proj
pruning layer 10 name self_attn.v_proj
pruning layer 10 name self_attn.o_proj
pruning layer 10 name mlp.gate_proj
pruning layer 10 name mlp.down_proj
pruning layer 10 name mlp.up_proj
pruning layer 11 name self_attn.q_proj
pruning layer 11 name self_attn.k_proj
pruning layer 11 name self_attn.v_proj
pruning layer 11 name self_attn.o_proj
pruning layer 11 name mlp.gate_proj
pruning layer 11 name mlp.down_proj
pruning layer 11 name mlp.up_proj
pruning layer 12 name self_attn.q_proj
pruning layer 12 name self_attn.k_proj
pruning layer 12 name self_attn.v_proj
pruning layer 12 name self_attn.o_proj
pruning layer 12 name mlp.gate_proj
pruning layer 12 name mlp.down_proj
pruning layer 12 name mlp.up_proj
pruning layer 13 name self_attn.q_proj
pruning layer 13 name self_attn.k_proj
pruning layer 13 name self_attn.v_proj
pruning layer 13 name self_attn.o_proj
pruning layer 13 name mlp.gate_proj
pruning layer 13 name mlp.down_proj
pruning layer 13 name mlp.up_proj
pruning layer 14 name self_attn.q_proj
pruning layer 14 name self_attn.k_proj
pruning layer 14 name self_attn.v_proj
pruning layer 14 name self_attn.o_proj
pruning layer 14 name mlp.gate_proj
pruning layer 14 name mlp.down_proj
pruning layer 14 name mlp.up_proj
pruning layer 15 name self_attn.q_proj
pruning layer 15 name self_attn.k_proj
pruning layer 15 name self_attn.v_proj
pruning layer 15 name self_attn.o_proj
pruning layer 15 name mlp.gate_proj
pruning layer 15 name mlp.down_proj
pruning layer 15 name mlp.up_proj
pruning layer 16 name self_attn.q_proj
pruning layer 16 name self_attn.k_proj
pruning layer 16 name self_attn.v_proj
pruning layer 16 name self_attn.o_proj
pruning layer 16 name mlp.gate_proj
pruning layer 16 name mlp.down_proj
pruning layer 16 name mlp.up_proj
pruning layer 17 name self_attn.q_proj
pruning layer 17 name self_attn.k_proj
pruning layer 17 name self_attn.v_proj
pruning layer 17 name self_attn.o_proj
pruning layer 17 name mlp.gate_proj
pruning layer 17 name mlp.down_proj
pruning layer 17 name mlp.up_proj
pruning layer 18 name self_attn.q_proj
pruning layer 18 name self_attn.k_proj
pruning layer 18 name self_attn.v_proj
pruning layer 18 name self_attn.o_proj
pruning layer 18 name mlp.gate_proj
pruning layer 18 name mlp.down_proj
pruning layer 18 name mlp.up_proj
pruning layer 19 name self_attn.q_proj
pruning layer 19 name self_attn.k_proj
pruning layer 19 name self_attn.v_proj
pruning layer 19 name self_attn.o_proj
pruning layer 19 name mlp.gate_proj
pruning layer 19 name mlp.down_proj
pruning layer 19 name mlp.up_proj
pruning layer 20 name self_attn.q_proj
pruning layer 20 name self_attn.k_proj
pruning layer 20 name self_attn.v_proj
pruning layer 20 name self_attn.o_proj
pruning layer 20 name mlp.gate_proj
pruning layer 20 name mlp.down_proj
pruning layer 20 name mlp.up_proj
pruning layer 21 name self_attn.q_proj
pruning layer 21 name self_attn.k_proj
pruning layer 21 name self_attn.v_proj
pruning layer 21 name self_attn.o_proj
pruning layer 21 name mlp.gate_proj
pruning layer 21 name mlp.down_proj
pruning layer 21 name mlp.up_proj
pruning layer 22 name self_attn.q_proj
pruning layer 22 name self_attn.k_proj
pruning layer 22 name self_attn.v_proj
pruning layer 22 name self_attn.o_proj
pruning layer 22 name mlp.gate_proj
pruning layer 22 name mlp.down_proj
pruning layer 22 name mlp.up_proj
pruning layer 23 name self_attn.q_proj
pruning layer 23 name self_attn.k_proj
pruning layer 23 name self_attn.v_proj
pruning layer 23 name self_attn.o_proj
pruning layer 23 name mlp.gate_proj
pruning layer 23 name mlp.down_proj
pruning layer 23 name mlp.up_proj
pruning layer 24 name self_attn.q_proj
pruning layer 24 name self_attn.k_proj
pruning layer 24 name self_attn.v_proj
pruning layer 24 name self_attn.o_proj
pruning layer 24 name mlp.gate_proj
pruning layer 24 name mlp.down_proj
pruning layer 24 name mlp.up_proj
pruning layer 25 name self_attn.q_proj
pruning layer 25 name self_attn.k_proj
pruning layer 25 name self_attn.v_proj
pruning layer 25 name self_attn.o_proj
pruning layer 25 name mlp.gate_proj
pruning layer 25 name mlp.down_proj
pruning layer 25 name mlp.up_proj
pruning layer 26 name self_attn.q_proj
pruning layer 26 name self_attn.k_proj
pruning layer 26 name self_attn.v_proj
pruning layer 26 name self_attn.o_proj
pruning layer 26 name mlp.gate_proj
pruning layer 26 name mlp.down_proj
pruning layer 26 name mlp.up_proj
pruning layer 27 name self_attn.q_proj
pruning layer 27 name self_attn.k_proj
pruning layer 27 name self_attn.v_proj
pruning layer 27 name self_attn.o_proj
pruning layer 27 name mlp.gate_proj
pruning layer 27 name mlp.down_proj
pruning layer 27 name mlp.up_proj
pruning layer 28 name self_attn.q_proj
pruning layer 28 name self_attn.k_proj
pruning layer 28 name self_attn.v_proj
pruning layer 28 name self_attn.o_proj
pruning layer 28 name mlp.gate_proj
pruning layer 28 name mlp.down_proj
pruning layer 28 name mlp.up_proj
pruning layer 29 name self_attn.q_proj
pruning layer 29 name self_attn.k_proj
pruning layer 29 name self_attn.v_proj
pruning layer 29 name self_attn.o_proj
pruning layer 29 name mlp.gate_proj
pruning layer 29 name mlp.down_proj
pruning layer 29 name mlp.up_proj
pruning layer 30 name self_attn.q_proj
pruning layer 30 name self_attn.k_proj
pruning layer 30 name self_attn.v_proj
pruning layer 30 name self_attn.o_proj
pruning layer 30 name mlp.gate_proj
pruning layer 30 name mlp.down_proj
pruning layer 30 name mlp.up_proj
pruning layer 31 name self_attn.q_proj
pruning layer 31 name self_attn.k_proj
pruning layer 31 name self_attn.v_proj
pruning layer 31 name self_attn.o_proj
pruning layer 31 name mlp.gate_proj
pruning layer 31 name mlp.down_proj
pruning layer 31 name mlp.up_proj
******************************
layer 0 sparsity 0.655289
layer 1 sparsity 0.607703
layer 2 sparsity 0.651152
layer 3 sparsity 0.598888
layer 4 sparsity 0.649419
layer 5 sparsity 0.660928
layer 6 sparsity 0.640625
layer 7 sparsity 0.648728
layer 8 sparsity 0.662871
layer 9 sparsity 0.666046
layer 10 sparsity 0.666757
layer 11 sparsity 0.668971
layer 12 sparsity 0.671144
layer 13 sparsity 0.681671
layer 14 sparsity 0.687730
layer 15 sparsity 0.703626
layer 16 sparsity 0.714634
layer 17 sparsity 0.722886
layer 18 sparsity 0.729047
layer 19 sparsity 0.735397
layer 20 sparsity 0.739994
layer 21 sparsity 0.740014
layer 22 sparsity 0.742688
layer 23 sparsity 0.742919
layer 24 sparsity 0.746865
layer 25 sparsity 0.742458
layer 26 sparsity 0.749540
layer 27 sparsity 0.752945
layer 28 sparsity 0.753947
layer 29 sparsity 0.758814
layer 30 sparsity 0.746114
layer 31 sparsity 0.756601
sparsity sanity check 0.6999
******************************
evaluating on wikitext2
nsamples 166
sample 0
sample 50
sample 100
sample 150
begin calcualte ppl
[TIME] this run took 438.18 seconds (7.30 min)
[RESULT] final ppl on wikitext = 31.3617
===== 1|0.01|0.5|exponential|0.019|0.01|False | 440s | exit=0 =====
/home/xiaokang/miniconda3/envs/prune_llm/lib/python3.9/site-packages/torch/torch_version.py:3: UserWarning: pkg_resources is deprecated as an API. See https://setuptools.pypa.io/en/latest/pkg_resources.html. The pkg_resources package is slated for removal as early as 2025-11-30. Refrain from using this package or pin to Setuptools<81.
  from pkg_resources import packaging  # type: ignore[attr-defined]
[DEBUG] running: /home/xiaokang/OWL/OWL-version2/risk-prune/main.py
[DEBUG] HF_ENDPOINT env: None
[DEBUG] HfApi endpoint: https://huggingface.co
# of gpus:  1
[DEBUG] Parsed args:
  nsamples               = 32
  risk_k                 = 1
  risk_probe             = 0.01
  risk_decay             = 0.5
  risk_decay_type        = exponential
  risk_decay_beta        = 0.019
  risk_alpha             = 0.01
  consider_current_layer_in_risk = True
Loading checkpoint shards:   0%|          | 0/2 [00:00<?, ?it/s]Loading checkpoint shards:  50%|█████     | 1/2 [00:03<00:03,  3.33s/it]Loading checkpoint shards: 100%|██████████| 2/2 [00:04<00:00,  2.10s/it]Loading checkpoint shards: 100%|██████████| 2/2 [00:04<00:00,  2.29s/it]
use device  cuda:0
target sparsity 0.7
pruning starts
loading calibration data
dataset loading complete
after adjustment [0.32154387 0.33052334 0.35553527 0.40382937 0.3556912  0.34425825
 0.36281928 0.35440147 0.34041196 0.33683133 0.33567408 0.3330906
 0.33067206 0.32056895 0.31427026 0.29846182 0.28695586 0.27979746
 0.27319846 0.26702517 0.2621449  0.26242876 0.25932163 0.2589753
 0.25523868 0.25864556 0.25183204 0.24919166 0.24809445 0.24382937
 0.24520025 0.25953785] mean 0.3 max 0.40382937 min 0.24382937
pruning layer 0 name self_attn.q_proj
pruning layer 0 name self_attn.k_proj
pruning layer 0 name self_attn.v_proj
pruning layer 0 name self_attn.o_proj
pruning layer 0 name mlp.gate_proj
pruning layer 0 name mlp.down_proj
pruning layer 0 name mlp.up_proj
pruning layer 1 name self_attn.q_proj
pruning layer 1 name self_attn.k_proj
pruning layer 1 name self_attn.v_proj
pruning layer 1 name self_attn.o_proj
pruning layer 1 name mlp.gate_proj
pruning layer 1 name mlp.down_proj
pruning layer 1 name mlp.up_proj
pruning layer 2 name self_attn.q_proj
pruning layer 2 name self_attn.k_proj
pruning layer 2 name self_attn.v_proj
pruning layer 2 name self_attn.o_proj
pruning layer 2 name mlp.gate_proj
pruning layer 2 name mlp.down_proj
pruning layer 2 name mlp.up_proj
pruning layer 3 name self_attn.q_proj
pruning layer 3 name self_attn.k_proj
pruning layer 3 name self_attn.v_proj
pruning layer 3 name self_attn.o_proj
pruning layer 3 name mlp.gate_proj
pruning layer 3 name mlp.down_proj
pruning layer 3 name mlp.up_proj
pruning layer 4 name self_attn.q_proj
pruning layer 4 name self_attn.k_proj
pruning layer 4 name self_attn.v_proj
pruning layer 4 name self_attn.o_proj
pruning layer 4 name mlp.gate_proj
pruning layer 4 name mlp.down_proj
pruning layer 4 name mlp.up_proj
pruning layer 5 name self_attn.q_proj
pruning layer 5 name self_attn.k_proj
pruning layer 5 name self_attn.v_proj
pruning layer 5 name self_attn.o_proj
pruning layer 5 name mlp.gate_proj
pruning layer 5 name mlp.down_proj
pruning layer 5 name mlp.up_proj
pruning layer 6 name self_attn.q_proj
pruning layer 6 name self_attn.k_proj
pruning layer 6 name self_attn.v_proj
pruning layer 6 name self_attn.o_proj
pruning layer 6 name mlp.gate_proj
pruning layer 6 name mlp.down_proj
pruning layer 6 name mlp.up_proj
pruning layer 7 name self_attn.q_proj
pruning layer 7 name self_attn.k_proj
pruning layer 7 name self_attn.v_proj
pruning layer 7 name self_attn.o_proj
pruning layer 7 name mlp.gate_proj
pruning layer 7 name mlp.down_proj
pruning layer 7 name mlp.up_proj
pruning layer 8 name self_attn.q_proj
pruning layer 8 name self_attn.k_proj
pruning layer 8 name self_attn.v_proj
pruning layer 8 name self_attn.o_proj
pruning layer 8 name mlp.gate_proj
pruning layer 8 name mlp.down_proj
pruning layer 8 name mlp.up_proj
pruning layer 9 name self_attn.q_proj
pruning layer 9 name self_attn.k_proj
pruning layer 9 name self_attn.v_proj
pruning layer 9 name self_attn.o_proj
pruning layer 9 name mlp.gate_proj
pruning layer 9 name mlp.down_proj
pruning layer 9 name mlp.up_proj
pruning layer 10 name self_attn.q_proj
pruning layer 10 name self_attn.k_proj
pruning layer 10 name self_attn.v_proj
pruning layer 10 name self_attn.o_proj
pruning layer 10 name mlp.gate_proj
pruning layer 10 name mlp.down_proj
pruning layer 10 name mlp.up_proj
pruning layer 11 name self_attn.q_proj
pruning layer 11 name self_attn.k_proj
pruning layer 11 name self_attn.v_proj
pruning layer 11 name self_attn.o_proj
pruning layer 11 name mlp.gate_proj
pruning layer 11 name mlp.down_proj
pruning layer 11 name mlp.up_proj
pruning layer 12 name self_attn.q_proj
pruning layer 12 name self_attn.k_proj
pruning layer 12 name self_attn.v_proj
pruning layer 12 name self_attn.o_proj
pruning layer 12 name mlp.gate_proj
pruning layer 12 name mlp.down_proj
pruning layer 12 name mlp.up_proj
pruning layer 13 name self_attn.q_proj
pruning layer 13 name self_attn.k_proj
pruning layer 13 name self_attn.v_proj
pruning layer 13 name self_attn.o_proj
pruning layer 13 name mlp.gate_proj
pruning layer 13 name mlp.down_proj
pruning layer 13 name mlp.up_proj
pruning layer 14 name self_attn.q_proj
pruning layer 14 name self_attn.k_proj
pruning layer 14 name self_attn.v_proj
pruning layer 14 name self_attn.o_proj
pruning layer 14 name mlp.gate_proj
pruning layer 14 name mlp.down_proj
pruning layer 14 name mlp.up_proj
pruning layer 15 name self_attn.q_proj
pruning layer 15 name self_attn.k_proj
pruning layer 15 name self_attn.v_proj
pruning layer 15 name self_attn.o_proj
pruning layer 15 name mlp.gate_proj
pruning layer 15 name mlp.down_proj
pruning layer 15 name mlp.up_proj
pruning layer 16 name self_attn.q_proj
pruning layer 16 name self_attn.k_proj
pruning layer 16 name self_attn.v_proj
pruning layer 16 name self_attn.o_proj
pruning layer 16 name mlp.gate_proj
pruning layer 16 name mlp.down_proj
pruning layer 16 name mlp.up_proj
pruning layer 17 name self_attn.q_proj
pruning layer 17 name self_attn.k_proj
pruning layer 17 name self_attn.v_proj
pruning layer 17 name self_attn.o_proj
pruning layer 17 name mlp.gate_proj
pruning layer 17 name mlp.down_proj
pruning layer 17 name mlp.up_proj
pruning layer 18 name self_attn.q_proj
pruning layer 18 name self_attn.k_proj
pruning layer 18 name self_attn.v_proj
pruning layer 18 name self_attn.o_proj
pruning layer 18 name mlp.gate_proj
pruning layer 18 name mlp.down_proj
pruning layer 18 name mlp.up_proj
pruning layer 19 name self_attn.q_proj
pruning layer 19 name self_attn.k_proj
pruning layer 19 name self_attn.v_proj
pruning layer 19 name self_attn.o_proj
pruning layer 19 name mlp.gate_proj
pruning layer 19 name mlp.down_proj
pruning layer 19 name mlp.up_proj
pruning layer 20 name self_attn.q_proj
pruning layer 20 name self_attn.k_proj
pruning layer 20 name self_attn.v_proj
pruning layer 20 name self_attn.o_proj
pruning layer 20 name mlp.gate_proj
pruning layer 20 name mlp.down_proj
pruning layer 20 name mlp.up_proj
pruning layer 21 name self_attn.q_proj
pruning layer 21 name self_attn.k_proj
pruning layer 21 name self_attn.v_proj
pruning layer 21 name self_attn.o_proj
pruning layer 21 name mlp.gate_proj
pruning layer 21 name mlp.down_proj
pruning layer 21 name mlp.up_proj
pruning layer 22 name self_attn.q_proj
pruning layer 22 name self_attn.k_proj
pruning layer 22 name self_attn.v_proj
pruning layer 22 name self_attn.o_proj
pruning layer 22 name mlp.gate_proj
pruning layer 22 name mlp.down_proj
pruning layer 22 name mlp.up_proj
pruning layer 23 name self_attn.q_proj
pruning layer 23 name self_attn.k_proj
pruning layer 23 name self_attn.v_proj
pruning layer 23 name self_attn.o_proj
pruning layer 23 name mlp.gate_proj
pruning layer 23 name mlp.down_proj
pruning layer 23 name mlp.up_proj
pruning layer 24 name self_attn.q_proj
pruning layer 24 name self_attn.k_proj
pruning layer 24 name self_attn.v_proj
pruning layer 24 name self_attn.o_proj
pruning layer 24 name mlp.gate_proj
pruning layer 24 name mlp.down_proj
pruning layer 24 name mlp.up_proj
pruning layer 25 name self_attn.q_proj
pruning layer 25 name self_attn.k_proj
pruning layer 25 name self_attn.v_proj
pruning layer 25 name self_attn.o_proj
pruning layer 25 name mlp.gate_proj
pruning layer 25 name mlp.down_proj
pruning layer 25 name mlp.up_proj
pruning layer 26 name self_attn.q_proj
pruning layer 26 name self_attn.k_proj
pruning layer 26 name self_attn.v_proj
pruning layer 26 name self_attn.o_proj
pruning layer 26 name mlp.gate_proj
pruning layer 26 name mlp.down_proj
pruning layer 26 name mlp.up_proj
pruning layer 27 name self_attn.q_proj
pruning layer 27 name self_attn.k_proj
pruning layer 27 name self_attn.v_proj
pruning layer 27 name self_attn.o_proj
pruning layer 27 name mlp.gate_proj
pruning layer 27 name mlp.down_proj
pruning layer 27 name mlp.up_proj
pruning layer 28 name self_attn.q_proj
pruning layer 28 name self_attn.k_proj
pruning layer 28 name self_attn.v_proj
pruning layer 28 name self_attn.o_proj
pruning layer 28 name mlp.gate_proj
pruning layer 28 name mlp.down_proj
pruning layer 28 name mlp.up_proj
pruning layer 29 name self_attn.q_proj
pruning layer 29 name self_attn.k_proj
pruning layer 29 name self_attn.v_proj
pruning layer 29 name self_attn.o_proj
pruning layer 29 name mlp.gate_proj
pruning layer 29 name mlp.down_proj
pruning layer 29 name mlp.up_proj
pruning layer 30 name self_attn.q_proj
pruning layer 30 name self_attn.k_proj
pruning layer 30 name self_attn.v_proj
pruning layer 30 name self_attn.o_proj
pruning layer 30 name mlp.gate_proj
pruning layer 30 name mlp.down_proj
pruning layer 30 name mlp.up_proj
pruning layer 31 name self_attn.q_proj
pruning layer 31 name self_attn.k_proj
pruning layer 31 name self_attn.v_proj
pruning layer 31 name self_attn.o_proj
pruning layer 31 name mlp.gate_proj
pruning layer 31 name mlp.down_proj
pruning layer 31 name mlp.up_proj
******************************
layer 0 sparsity 0.678266
layer 1 sparsity 0.669431
layer 2 sparsity 0.644321
layer 3 sparsity 0.595984
layer 4 sparsity 0.644281
layer 5 sparsity 0.655559
layer 6 sparsity 0.637010
layer 7 sparsity 0.645513
layer 8 sparsity 0.659445
layer 9 sparsity 0.663101
layer 10 sparsity 0.664293
layer 11 sparsity 0.666777
layer 12 sparsity 0.669201
layer 13 sparsity 0.679247
layer 14 sparsity 0.685577
layer 15 sparsity 0.701432
layer 16 sparsity 0.712921
layer 17 sparsity 0.720002
layer 18 sparsity 0.726603
layer 19 sparsity 0.732913
layer 20 sparsity 0.737801
layer 21 sparsity 0.737550
layer 22 sparsity 0.740515
layer 23 sparsity 0.740976
layer 24 sparsity 0.744652
layer 25 sparsity 0.741226
layer 26 sparsity 0.748057
layer 27 sparsity 0.750731
layer 28 sparsity 0.751733
layer 29 sparsity 0.756100
layer 30 sparsity 0.754658
layer 31 sparsity 0.740285
sparsity sanity check 0.6999
******************************
evaluating on wikitext2
nsamples 166
sample 0
sample 50
sample 100
sample 150
begin calcualte ppl
[TIME] this run took 437.80 seconds (7.30 min)
[RESULT] final ppl on wikitext = 30.6834
===== 1|0.01|0.5|exponential|0.019|0.01|True | 441s | exit=0 =====
/home/xiaokang/miniconda3/envs/prune_llm/lib/python3.9/site-packages/torch/torch_version.py:3: UserWarning: pkg_resources is deprecated as an API. See https://setuptools.pypa.io/en/latest/pkg_resources.html. The pkg_resources package is slated for removal as early as 2025-11-30. Refrain from using this package or pin to Setuptools<81.
  from pkg_resources import packaging  # type: ignore[attr-defined]
[DEBUG] running: /home/xiaokang/OWL/OWL-version2/risk-prune/main.py
[DEBUG] HF_ENDPOINT env: None
[DEBUG] HfApi endpoint: https://huggingface.co
# of gpus:  1
[DEBUG] Parsed args:
  nsamples               = 32
  risk_k                 = 1
  risk_probe             = 0.01
  risk_decay             = 0.5
  risk_decay_type        = exponential
  risk_decay_beta        = 0.019
  risk_alpha             = 0.01
  consider_current_layer_in_risk = True
Loading checkpoint shards:   0%|          | 0/2 [00:00<?, ?it/s]Loading checkpoint shards:  50%|█████     | 1/2 [00:03<00:03,  3.31s/it]Loading checkpoint shards: 100%|██████████| 2/2 [00:04<00:00,  2.10s/it]Loading checkpoint shards: 100%|██████████| 2/2 [00:04<00:00,  2.28s/it]
use device  cuda:0
target sparsity 0.7
pruning starts
loading calibration data
dataset loading complete
after adjustment [0.32154387 0.33052334 0.35553527 0.40382937 0.3556912  0.34425825
 0.36281928 0.35440147 0.34041196 0.33683133 0.33567408 0.3330906
 0.33067206 0.32056895 0.31427026 0.29846182 0.28695586 0.27979746
 0.27319846 0.26702517 0.2621449  0.26242876 0.25932163 0.2589753
 0.25523868 0.25864556 0.25183204 0.24919166 0.24809445 0.24382937
 0.24520025 0.25953785] mean 0.3 max 0.40382937 min 0.24382937
pruning layer 0 name self_attn.q_proj
pruning layer 0 name self_attn.k_proj
pruning layer 0 name self_attn.v_proj
pruning layer 0 name self_attn.o_proj
pruning layer 0 name mlp.gate_proj
pruning layer 0 name mlp.down_proj
pruning layer 0 name mlp.up_proj
pruning layer 1 name self_attn.q_proj
pruning layer 1 name self_attn.k_proj
pruning layer 1 name self_attn.v_proj
pruning layer 1 name self_attn.o_proj
pruning layer 1 name mlp.gate_proj
pruning layer 1 name mlp.down_proj
pruning layer 1 name mlp.up_proj
pruning layer 2 name self_attn.q_proj
pruning layer 2 name self_attn.k_proj
pruning layer 2 name self_attn.v_proj
pruning layer 2 name self_attn.o_proj
pruning layer 2 name mlp.gate_proj
pruning layer 2 name mlp.down_proj
pruning layer 2 name mlp.up_proj
pruning layer 3 name self_attn.q_proj
pruning layer 3 name self_attn.k_proj
pruning layer 3 name self_attn.v_proj
pruning layer 3 name self_attn.o_proj
pruning layer 3 name mlp.gate_proj
pruning layer 3 name mlp.down_proj
pruning layer 3 name mlp.up_proj
pruning layer 4 name self_attn.q_proj
pruning layer 4 name self_attn.k_proj
pruning layer 4 name self_attn.v_proj
pruning layer 4 name self_attn.o_proj
pruning layer 4 name mlp.gate_proj
pruning layer 4 name mlp.down_proj
pruning layer 4 name mlp.up_proj
pruning layer 5 name self_attn.q_proj
pruning layer 5 name self_attn.k_proj
pruning layer 5 name self_attn.v_proj
pruning layer 5 name self_attn.o_proj
pruning layer 5 name mlp.gate_proj
pruning layer 5 name mlp.down_proj
pruning layer 5 name mlp.up_proj
pruning layer 6 name self_attn.q_proj
pruning layer 6 name self_attn.k_proj
pruning layer 6 name self_attn.v_proj
pruning layer 6 name self_attn.o_proj
pruning layer 6 name mlp.gate_proj
pruning layer 6 name mlp.down_proj
pruning layer 6 name mlp.up_proj
pruning layer 7 name self_attn.q_proj
pruning layer 7 name self_attn.k_proj
pruning layer 7 name self_attn.v_proj
pruning layer 7 name self_attn.o_proj
pruning layer 7 name mlp.gate_proj
pruning layer 7 name mlp.down_proj
pruning layer 7 name mlp.up_proj
pruning layer 8 name self_attn.q_proj
pruning layer 8 name self_attn.k_proj
pruning layer 8 name self_attn.v_proj
pruning layer 8 name self_attn.o_proj
pruning layer 8 name mlp.gate_proj
pruning layer 8 name mlp.down_proj
pruning layer 8 name mlp.up_proj
pruning layer 9 name self_attn.q_proj
pruning layer 9 name self_attn.k_proj
pruning layer 9 name self_attn.v_proj
pruning layer 9 name self_attn.o_proj
pruning layer 9 name mlp.gate_proj
pruning layer 9 name mlp.down_proj
pruning layer 9 name mlp.up_proj
pruning layer 10 name self_attn.q_proj
pruning layer 10 name self_attn.k_proj
pruning layer 10 name self_attn.v_proj
pruning layer 10 name self_attn.o_proj
pruning layer 10 name mlp.gate_proj
pruning layer 10 name mlp.down_proj
pruning layer 10 name mlp.up_proj
pruning layer 11 name self_attn.q_proj
pruning layer 11 name self_attn.k_proj
pruning layer 11 name self_attn.v_proj
pruning layer 11 name self_attn.o_proj
pruning layer 11 name mlp.gate_proj
pruning layer 11 name mlp.down_proj
pruning layer 11 name mlp.up_proj
pruning layer 12 name self_attn.q_proj
pruning layer 12 name self_attn.k_proj
pruning layer 12 name self_attn.v_proj
pruning layer 12 name self_attn.o_proj
pruning layer 12 name mlp.gate_proj
pruning layer 12 name mlp.down_proj
pruning layer 12 name mlp.up_proj
pruning layer 13 name self_attn.q_proj
pruning layer 13 name self_attn.k_proj
pruning layer 13 name self_attn.v_proj
pruning layer 13 name self_attn.o_proj
pruning layer 13 name mlp.gate_proj
pruning layer 13 name mlp.down_proj
pruning layer 13 name mlp.up_proj
pruning layer 14 name self_attn.q_proj
pruning layer 14 name self_attn.k_proj
pruning layer 14 name self_attn.v_proj
pruning layer 14 name self_attn.o_proj
pruning layer 14 name mlp.gate_proj
pruning layer 14 name mlp.down_proj
pruning layer 14 name mlp.up_proj
pruning layer 15 name self_attn.q_proj
pruning layer 15 name self_attn.k_proj
pruning layer 15 name self_attn.v_proj
pruning layer 15 name self_attn.o_proj
pruning layer 15 name mlp.gate_proj
pruning layer 15 name mlp.down_proj
pruning layer 15 name mlp.up_proj
pruning layer 16 name self_attn.q_proj
pruning layer 16 name self_attn.k_proj
pruning layer 16 name self_attn.v_proj
pruning layer 16 name self_attn.o_proj
pruning layer 16 name mlp.gate_proj
pruning layer 16 name mlp.down_proj
pruning layer 16 name mlp.up_proj
pruning layer 17 name self_attn.q_proj
pruning layer 17 name self_attn.k_proj
pruning layer 17 name self_attn.v_proj
pruning layer 17 name self_attn.o_proj
pruning layer 17 name mlp.gate_proj
pruning layer 17 name mlp.down_proj
pruning layer 17 name mlp.up_proj
pruning layer 18 name self_attn.q_proj
pruning layer 18 name self_attn.k_proj
pruning layer 18 name self_attn.v_proj
pruning layer 18 name self_attn.o_proj
pruning layer 18 name mlp.gate_proj
pruning layer 18 name mlp.down_proj
pruning layer 18 name mlp.up_proj
pruning layer 19 name self_attn.q_proj
pruning layer 19 name self_attn.k_proj
pruning layer 19 name self_attn.v_proj
pruning layer 19 name self_attn.o_proj
pruning layer 19 name mlp.gate_proj
pruning layer 19 name mlp.down_proj
pruning layer 19 name mlp.up_proj
pruning layer 20 name self_attn.q_proj
pruning layer 20 name self_attn.k_proj
pruning layer 20 name self_attn.v_proj
pruning layer 20 name self_attn.o_proj
pruning layer 20 name mlp.gate_proj
pruning layer 20 name mlp.down_proj
pruning layer 20 name mlp.up_proj
pruning layer 21 name self_attn.q_proj
pruning layer 21 name self_attn.k_proj
pruning layer 21 name self_attn.v_proj
pruning layer 21 name self_attn.o_proj
pruning layer 21 name mlp.gate_proj
pruning layer 21 name mlp.down_proj
pruning layer 21 name mlp.up_proj
pruning layer 22 name self_attn.q_proj
pruning layer 22 name self_attn.k_proj
pruning layer 22 name self_attn.v_proj
pruning layer 22 name self_attn.o_proj
pruning layer 22 name mlp.gate_proj
pruning layer 22 name mlp.down_proj
pruning layer 22 name mlp.up_proj
pruning layer 23 name self_attn.q_proj
pruning layer 23 name self_attn.k_proj
pruning layer 23 name self_attn.v_proj
pruning layer 23 name self_attn.o_proj
pruning layer 23 name mlp.gate_proj
pruning layer 23 name mlp.down_proj
pruning layer 23 name mlp.up_proj
pruning layer 24 name self_attn.q_proj
pruning layer 24 name self_attn.k_proj
pruning layer 24 name self_attn.v_proj
pruning layer 24 name self_attn.o_proj
pruning layer 24 name mlp.gate_proj
pruning layer 24 name mlp.down_proj
pruning layer 24 name mlp.up_proj
pruning layer 25 name self_attn.q_proj
pruning layer 25 name self_attn.k_proj
pruning layer 25 name self_attn.v_proj
pruning layer 25 name self_attn.o_proj
pruning layer 25 name mlp.gate_proj
pruning layer 25 name mlp.down_proj
pruning layer 25 name mlp.up_proj
pruning layer 26 name self_attn.q_proj
pruning layer 26 name self_attn.k_proj
pruning layer 26 name self_attn.v_proj
pruning layer 26 name self_attn.o_proj
pruning layer 26 name mlp.gate_proj
pruning layer 26 name mlp.down_proj
pruning layer 26 name mlp.up_proj
pruning layer 27 name self_attn.q_proj
pruning layer 27 name self_attn.k_proj
pruning layer 27 name self_attn.v_proj
pruning layer 27 name self_attn.o_proj
pruning layer 27 name mlp.gate_proj
pruning layer 27 name mlp.down_proj
pruning layer 27 name mlp.up_proj
pruning layer 28 name self_attn.q_proj
pruning layer 28 name self_attn.k_proj
pruning layer 28 name self_attn.v_proj
pruning layer 28 name self_attn.o_proj
pruning layer 28 name mlp.gate_proj
pruning layer 28 name mlp.down_proj
pruning layer 28 name mlp.up_proj
pruning layer 29 name self_attn.q_proj
pruning layer 29 name self_attn.k_proj
pruning layer 29 name self_attn.v_proj
pruning layer 29 name self_attn.o_proj
pruning layer 29 name mlp.gate_proj
pruning layer 29 name mlp.down_proj
pruning layer 29 name mlp.up_proj
pruning layer 30 name self_attn.q_proj
pruning layer 30 name self_attn.k_proj
pruning layer 30 name self_attn.v_proj
pruning layer 30 name self_attn.o_proj
pruning layer 30 name mlp.gate_proj
pruning layer 30 name mlp.down_proj
pruning layer 30 name mlp.up_proj
pruning layer 31 name self_attn.q_proj
pruning layer 31 name self_attn.k_proj
pruning layer 31 name self_attn.v_proj
pruning layer 31 name self_attn.o_proj
pruning layer 31 name mlp.gate_proj
pruning layer 31 name mlp.down_proj
pruning layer 31 name mlp.up_proj
******************************
layer 0 sparsity 0.678266
layer 1 sparsity 0.669431
layer 2 sparsity 0.644321
layer 3 sparsity 0.595984
layer 4 sparsity 0.644281
layer 5 sparsity 0.655559
layer 6 sparsity 0.637010
layer 7 sparsity 0.645513
layer 8 sparsity 0.659445
layer 9 sparsity 0.663101
layer 10 sparsity 0.664293
layer 11 sparsity 0.666777
layer 12 sparsity 0.669201
layer 13 sparsity 0.679247
layer 14 sparsity 0.685577
layer 15 sparsity 0.701432
layer 16 sparsity 0.712921
layer 17 sparsity 0.720002
layer 18 sparsity 0.726603
layer 19 sparsity 0.732913
layer 20 sparsity 0.737801
layer 21 sparsity 0.737550
layer 22 sparsity 0.740515
layer 23 sparsity 0.740976
layer 24 sparsity 0.744652
layer 25 sparsity 0.741226
layer 26 sparsity 0.748057
layer 27 sparsity 0.750731
layer 28 sparsity 0.751733
layer 29 sparsity 0.756100
layer 30 sparsity 0.754658
layer 31 sparsity 0.740285
sparsity sanity check 0.6999
******************************
evaluating on wikitext2
nsamples 166
sample 0
sample 50
sample 100
sample 150
begin calcualte ppl
[TIME] this run took 437.94 seconds (7.30 min)
[RESULT] final ppl on wikitext = 30.6834
===== 1|0.01|0.5|exponential|0.019|0.05|False | 440s | exit=0 =====
/home/xiaokang/miniconda3/envs/prune_llm/lib/python3.9/site-packages/torch/torch_version.py:3: UserWarning: pkg_resources is deprecated as an API. See https://setuptools.pypa.io/en/latest/pkg_resources.html. The pkg_resources package is slated for removal as early as 2025-11-30. Refrain from using this package or pin to Setuptools<81.
  from pkg_resources import packaging  # type: ignore[attr-defined]
[DEBUG] running: /home/xiaokang/OWL/OWL-version2/risk-prune/main.py
[DEBUG] HF_ENDPOINT env: None
[DEBUG] HfApi endpoint: https://huggingface.co
# of gpus:  1
[DEBUG] Parsed args:
  nsamples               = 32
  risk_k                 = 1
  risk_probe             = 0.01
  risk_decay             = 0.5
  risk_decay_type        = exponential
  risk_decay_beta        = 0.019
  risk_alpha             = 0.05
  consider_current_layer_in_risk = True
Loading checkpoint shards:   0%|          | 0/2 [00:00<?, ?it/s]Loading checkpoint shards:  50%|█████     | 1/2 [00:03<00:03,  3.32s/it]Loading checkpoint shards: 100%|██████████| 2/2 [00:04<00:00,  2.10s/it]Loading checkpoint shards: 100%|██████████| 2/2 [00:04<00:00,  2.28s/it]
use device  cuda:0
target sparsity 0.7
pruning starts
loading calibration data
dataset loading complete
after adjustment [0.3229406  0.33425453 0.3551203  0.40366083 0.35537934 0.34393337
 0.3626097  0.3542012  0.34020534 0.33664834 0.33552033 0.33295837
 0.33055747 0.32042444 0.31414682 0.29833135 0.28684944 0.27963364
 0.27305084 0.26686853 0.2620136  0.26227504 0.25919572 0.25885677
 0.2551     0.2585715  0.25173983 0.24905704 0.24796084 0.24366084
 0.24571753 0.2585568 ] mean 0.3 max 0.40366083 min 0.24366084
pruning layer 0 name self_attn.q_proj
pruning layer 0 name self_attn.k_proj
pruning layer 0 name self_attn.v_proj
pruning layer 0 name self_attn.o_proj
pruning layer 0 name mlp.gate_proj
pruning layer 0 name mlp.down_proj
pruning layer 0 name mlp.up_proj
pruning layer 1 name self_attn.q_proj
pruning layer 1 name self_attn.k_proj
pruning layer 1 name self_attn.v_proj
pruning layer 1 name self_attn.o_proj
pruning layer 1 name mlp.gate_proj
pruning layer 1 name mlp.down_proj
pruning layer 1 name mlp.up_proj
pruning layer 2 name self_attn.q_proj
pruning layer 2 name self_attn.k_proj
pruning layer 2 name self_attn.v_proj
pruning layer 2 name self_attn.o_proj
pruning layer 2 name mlp.gate_proj
pruning layer 2 name mlp.down_proj
pruning layer 2 name mlp.up_proj
pruning layer 3 name self_attn.q_proj
pruning layer 3 name self_attn.k_proj
pruning layer 3 name self_attn.v_proj
pruning layer 3 name self_attn.o_proj
pruning layer 3 name mlp.gate_proj
pruning layer 3 name mlp.down_proj
pruning layer 3 name mlp.up_proj
pruning layer 4 name self_attn.q_proj
pruning layer 4 name self_attn.k_proj
pruning layer 4 name self_attn.v_proj
pruning layer 4 name self_attn.o_proj
pruning layer 4 name mlp.gate_proj
pruning layer 4 name mlp.down_proj
pruning layer 4 name mlp.up_proj
pruning layer 5 name self_attn.q_proj
pruning layer 5 name self_attn.k_proj
pruning layer 5 name self_attn.v_proj
pruning layer 5 name self_attn.o_proj
pruning layer 5 name mlp.gate_proj
pruning layer 5 name mlp.down_proj
pruning layer 5 name mlp.up_proj
pruning layer 6 name self_attn.q_proj
pruning layer 6 name self_attn.k_proj
pruning layer 6 name self_attn.v_proj
pruning layer 6 name self_attn.o_proj
pruning layer 6 name mlp.gate_proj
pruning layer 6 name mlp.down_proj
pruning layer 6 name mlp.up_proj
pruning layer 7 name self_attn.q_proj
pruning layer 7 name self_attn.k_proj
pruning layer 7 name self_attn.v_proj
pruning layer 7 name self_attn.o_proj
pruning layer 7 name mlp.gate_proj
pruning layer 7 name mlp.down_proj
pruning layer 7 name mlp.up_proj
pruning layer 8 name self_attn.q_proj
pruning layer 8 name self_attn.k_proj
pruning layer 8 name self_attn.v_proj
pruning layer 8 name self_attn.o_proj
pruning layer 8 name mlp.gate_proj
pruning layer 8 name mlp.down_proj
pruning layer 8 name mlp.up_proj
pruning layer 9 name self_attn.q_proj
pruning layer 9 name self_attn.k_proj
pruning layer 9 name self_attn.v_proj
pruning layer 9 name self_attn.o_proj
pruning layer 9 name mlp.gate_proj
pruning layer 9 name mlp.down_proj
pruning layer 9 name mlp.up_proj
pruning layer 10 name self_attn.q_proj
pruning layer 10 name self_attn.k_proj
pruning layer 10 name self_attn.v_proj
pruning layer 10 name self_attn.o_proj
pruning layer 10 name mlp.gate_proj
pruning layer 10 name mlp.down_proj
pruning layer 10 name mlp.up_proj
pruning layer 11 name self_attn.q_proj
pruning layer 11 name self_attn.k_proj
pruning layer 11 name self_attn.v_proj
pruning layer 11 name self_attn.o_proj
pruning layer 11 name mlp.gate_proj
pruning layer 11 name mlp.down_proj
pruning layer 11 name mlp.up_proj
pruning layer 12 name self_attn.q_proj
pruning layer 12 name self_attn.k_proj
pruning layer 12 name self_attn.v_proj
pruning layer 12 name self_attn.o_proj
pruning layer 12 name mlp.gate_proj
pruning layer 12 name mlp.down_proj
pruning layer 12 name mlp.up_proj
pruning layer 13 name self_attn.q_proj
pruning layer 13 name self_attn.k_proj
pruning layer 13 name self_attn.v_proj
pruning layer 13 name self_attn.o_proj
pruning layer 13 name mlp.gate_proj
pruning layer 13 name mlp.down_proj
pruning layer 13 name mlp.up_proj
pruning layer 14 name self_attn.q_proj
pruning layer 14 name self_attn.k_proj
pruning layer 14 name self_attn.v_proj
pruning layer 14 name self_attn.o_proj
pruning layer 14 name mlp.gate_proj
pruning layer 14 name mlp.down_proj
pruning layer 14 name mlp.up_proj
pruning layer 15 name self_attn.q_proj
pruning layer 15 name self_attn.k_proj
pruning layer 15 name self_attn.v_proj
pruning layer 15 name self_attn.o_proj
pruning layer 15 name mlp.gate_proj
pruning layer 15 name mlp.down_proj
pruning layer 15 name mlp.up_proj
pruning layer 16 name self_attn.q_proj
pruning layer 16 name self_attn.k_proj
pruning layer 16 name self_attn.v_proj
pruning layer 16 name self_attn.o_proj
pruning layer 16 name mlp.gate_proj
pruning layer 16 name mlp.down_proj
pruning layer 16 name mlp.up_proj
pruning layer 17 name self_attn.q_proj
pruning layer 17 name self_attn.k_proj
pruning layer 17 name self_attn.v_proj
pruning layer 17 name self_attn.o_proj
pruning layer 17 name mlp.gate_proj
pruning layer 17 name mlp.down_proj
pruning layer 17 name mlp.up_proj
pruning layer 18 name self_attn.q_proj
pruning layer 18 name self_attn.k_proj
pruning layer 18 name self_attn.v_proj
pruning layer 18 name self_attn.o_proj
pruning layer 18 name mlp.gate_proj
pruning layer 18 name mlp.down_proj
pruning layer 18 name mlp.up_proj
pruning layer 19 name self_attn.q_proj
pruning layer 19 name self_attn.k_proj
pruning layer 19 name self_attn.v_proj
pruning layer 19 name self_attn.o_proj
pruning layer 19 name mlp.gate_proj
pruning layer 19 name mlp.down_proj
pruning layer 19 name mlp.up_proj
pruning layer 20 name self_attn.q_proj
pruning layer 20 name self_attn.k_proj
pruning layer 20 name self_attn.v_proj
pruning layer 20 name self_attn.o_proj
pruning layer 20 name mlp.gate_proj
pruning layer 20 name mlp.down_proj
pruning layer 20 name mlp.up_proj
pruning layer 21 name self_attn.q_proj
pruning layer 21 name self_attn.k_proj
pruning layer 21 name self_attn.v_proj
pruning layer 21 name self_attn.o_proj
pruning layer 21 name mlp.gate_proj
pruning layer 21 name mlp.down_proj
pruning layer 21 name mlp.up_proj
pruning layer 22 name self_attn.q_proj
pruning layer 22 name self_attn.k_proj
pruning layer 22 name self_attn.v_proj
pruning layer 22 name self_attn.o_proj
pruning layer 22 name mlp.gate_proj
pruning layer 22 name mlp.down_proj
pruning layer 22 name mlp.up_proj
pruning layer 23 name self_attn.q_proj
pruning layer 23 name self_attn.k_proj
pruning layer 23 name self_attn.v_proj
pruning layer 23 name self_attn.o_proj
pruning layer 23 name mlp.gate_proj
pruning layer 23 name mlp.down_proj
pruning layer 23 name mlp.up_proj
pruning layer 24 name self_attn.q_proj
pruning layer 24 name self_attn.k_proj
pruning layer 24 name self_attn.v_proj
pruning layer 24 name self_attn.o_proj
pruning layer 24 name mlp.gate_proj
pruning layer 24 name mlp.down_proj
pruning layer 24 name mlp.up_proj
pruning layer 25 name self_attn.q_proj
pruning layer 25 name self_attn.k_proj
pruning layer 25 name self_attn.v_proj
pruning layer 25 name self_attn.o_proj
pruning layer 25 name mlp.gate_proj
pruning layer 25 name mlp.down_proj
pruning layer 25 name mlp.up_proj
pruning layer 26 name self_attn.q_proj
pruning layer 26 name self_attn.k_proj
pruning layer 26 name self_attn.v_proj
pruning layer 26 name self_attn.o_proj
pruning layer 26 name mlp.gate_proj
pruning layer 26 name mlp.down_proj
pruning layer 26 name mlp.up_proj
pruning layer 27 name self_attn.q_proj
pruning layer 27 name self_attn.k_proj
pruning layer 27 name self_attn.v_proj
pruning layer 27 name self_attn.o_proj
pruning layer 27 name mlp.gate_proj
pruning layer 27 name mlp.down_proj
pruning layer 27 name mlp.up_proj
pruning layer 28 name self_attn.q_proj
pruning layer 28 name self_attn.k_proj
pruning layer 28 name self_attn.v_proj
pruning layer 28 name self_attn.o_proj
pruning layer 28 name mlp.gate_proj
pruning layer 28 name mlp.down_proj
pruning layer 28 name mlp.up_proj
pruning layer 29 name self_attn.q_proj
pruning layer 29 name self_attn.k_proj
pruning layer 29 name self_attn.v_proj
pruning layer 29 name self_attn.o_proj
pruning layer 29 name mlp.gate_proj
pruning layer 29 name mlp.down_proj
pruning layer 29 name mlp.up_proj
pruning layer 30 name self_attn.q_proj
pruning layer 30 name self_attn.k_proj
pruning layer 30 name self_attn.v_proj
pruning layer 30 name self_attn.o_proj
pruning layer 30 name mlp.gate_proj
pruning layer 30 name mlp.down_proj
pruning layer 30 name mlp.up_proj
pruning layer 31 name self_attn.q_proj
pruning layer 31 name self_attn.k_proj
pruning layer 31 name self_attn.v_proj
pruning layer 31 name self_attn.o_proj
pruning layer 31 name mlp.gate_proj
pruning layer 31 name mlp.down_proj
pruning layer 31 name mlp.up_proj
******************************
layer 0 sparsity 0.677013
layer 1 sparsity 0.665565
layer 2 sparsity 0.644782
layer 3 sparsity 0.596214
layer 4 sparsity 0.644531
layer 5 sparsity 0.656000
layer 6 sparsity 0.637240
layer 7 sparsity 0.645743
layer 8 sparsity 0.659696
layer 9 sparsity 0.663331
layer 10 sparsity 0.664333
layer 11 sparsity 0.666987
layer 12 sparsity 0.669431
layer 13 sparsity 0.679457
layer 14 sparsity 0.685787
layer 15 sparsity 0.701642
layer 16 sparsity 0.713131
layer 17 sparsity 0.720233
layer 18 sparsity 0.726833
layer 19 sparsity 0.732953
layer 20 sparsity 0.737821
layer 21 sparsity 0.737570
layer 22 sparsity 0.740725
layer 23 sparsity 0.740996
layer 24 sparsity 0.744862
layer 25 sparsity 0.741246
layer 26 sparsity 0.748077
layer 27 sparsity 0.750772
layer 28 sparsity 0.751963
layer 29 sparsity 0.756140
layer 30 sparsity 0.754177
layer 31 sparsity 0.741246
sparsity sanity check 0.6999
******************************
evaluating on wikitext2
nsamples 166
sample 0
sample 50
sample 100
sample 150
begin calcualte ppl
[TIME] this run took 437.65 seconds (7.29 min)
[RESULT] final ppl on wikitext = 30.2518
===== 1|0.01|0.5|exponential|0.019|0.05|True | 441s | exit=0 =====
/home/xiaokang/miniconda3/envs/prune_llm/lib/python3.9/site-packages/torch/torch_version.py:3: UserWarning: pkg_resources is deprecated as an API. See https://setuptools.pypa.io/en/latest/pkg_resources.html. The pkg_resources package is slated for removal as early as 2025-11-30. Refrain from using this package or pin to Setuptools<81.
  from pkg_resources import packaging  # type: ignore[attr-defined]
[DEBUG] running: /home/xiaokang/OWL/OWL-version2/risk-prune/main.py
[DEBUG] HF_ENDPOINT env: None
[DEBUG] HfApi endpoint: https://huggingface.co
# of gpus:  1
[DEBUG] Parsed args:
  nsamples               = 32
  risk_k                 = 1
  risk_probe             = 0.01
  risk_decay             = 0.5
  risk_decay_type        = exponential
  risk_decay_beta        = 0.019
  risk_alpha             = 0.05
  consider_current_layer_in_risk = True
Loading checkpoint shards:   0%|          | 0/2 [00:00<?, ?it/s]Loading checkpoint shards:  50%|█████     | 1/2 [00:03<00:03,  3.32s/it]Loading checkpoint shards: 100%|██████████| 2/2 [00:05<00:00,  2.40s/it]Loading checkpoint shards: 100%|██████████| 2/2 [00:05<00:00,  2.54s/it]
use device  cuda:0
target sparsity 0.7
pruning starts
loading calibration data
dataset loading complete
after adjustment [0.3229406  0.33425453 0.3551203  0.40366083 0.35537934 0.34393337
 0.3626097  0.3542012  0.34020534 0.33664834 0.33552033 0.33295837
 0.33055747 0.32042444 0.31414682 0.29833135 0.28684944 0.27963364
 0.27305084 0.26686853 0.2620136  0.26227504 0.25919572 0.25885677
 0.2551     0.2585715  0.25173983 0.24905704 0.24796084 0.24366084
 0.24571753 0.2585568 ] mean 0.3 max 0.40366083 min 0.24366084
pruning layer 0 name self_attn.q_proj
pruning layer 0 name self_attn.k_proj
pruning layer 0 name self_attn.v_proj
pruning layer 0 name self_attn.o_proj
pruning layer 0 name mlp.gate_proj
pruning layer 0 name mlp.down_proj
pruning layer 0 name mlp.up_proj
pruning layer 1 name self_attn.q_proj
pruning layer 1 name self_attn.k_proj
pruning layer 1 name self_attn.v_proj
pruning layer 1 name self_attn.o_proj
pruning layer 1 name mlp.gate_proj
pruning layer 1 name mlp.down_proj
pruning layer 1 name mlp.up_proj
pruning layer 2 name self_attn.q_proj
pruning layer 2 name self_attn.k_proj
pruning layer 2 name self_attn.v_proj
pruning layer 2 name self_attn.o_proj
pruning layer 2 name mlp.gate_proj
pruning layer 2 name mlp.down_proj
pruning layer 2 name mlp.up_proj
pruning layer 3 name self_attn.q_proj
pruning layer 3 name self_attn.k_proj
pruning layer 3 name self_attn.v_proj
pruning layer 3 name self_attn.o_proj
pruning layer 3 name mlp.gate_proj
pruning layer 3 name mlp.down_proj
pruning layer 3 name mlp.up_proj
pruning layer 4 name self_attn.q_proj
pruning layer 4 name self_attn.k_proj
pruning layer 4 name self_attn.v_proj
pruning layer 4 name self_attn.o_proj
pruning layer 4 name mlp.gate_proj
pruning layer 4 name mlp.down_proj
pruning layer 4 name mlp.up_proj
pruning layer 5 name self_attn.q_proj
pruning layer 5 name self_attn.k_proj
pruning layer 5 name self_attn.v_proj
pruning layer 5 name self_attn.o_proj
pruning layer 5 name mlp.gate_proj
pruning layer 5 name mlp.down_proj
pruning layer 5 name mlp.up_proj
pruning layer 6 name self_attn.q_proj
pruning layer 6 name self_attn.k_proj
pruning layer 6 name self_attn.v_proj
pruning layer 6 name self_attn.o_proj
pruning layer 6 name mlp.gate_proj
pruning layer 6 name mlp.down_proj
pruning layer 6 name mlp.up_proj
pruning layer 7 name self_attn.q_proj
pruning layer 7 name self_attn.k_proj
pruning layer 7 name self_attn.v_proj
pruning layer 7 name self_attn.o_proj
pruning layer 7 name mlp.gate_proj
pruning layer 7 name mlp.down_proj
pruning layer 7 name mlp.up_proj
pruning layer 8 name self_attn.q_proj
pruning layer 8 name self_attn.k_proj
pruning layer 8 name self_attn.v_proj
pruning layer 8 name self_attn.o_proj
pruning layer 8 name mlp.gate_proj
pruning layer 8 name mlp.down_proj
pruning layer 8 name mlp.up_proj
pruning layer 9 name self_attn.q_proj
pruning layer 9 name self_attn.k_proj
pruning layer 9 name self_attn.v_proj
pruning layer 9 name self_attn.o_proj
pruning layer 9 name mlp.gate_proj
pruning layer 9 name mlp.down_proj
pruning layer 9 name mlp.up_proj
pruning layer 10 name self_attn.q_proj
pruning layer 10 name self_attn.k_proj
pruning layer 10 name self_attn.v_proj
pruning layer 10 name self_attn.o_proj
pruning layer 10 name mlp.gate_proj
pruning layer 10 name mlp.down_proj
pruning layer 10 name mlp.up_proj
pruning layer 11 name self_attn.q_proj
pruning layer 11 name self_attn.k_proj
pruning layer 11 name self_attn.v_proj
pruning layer 11 name self_attn.o_proj
pruning layer 11 name mlp.gate_proj
pruning layer 11 name mlp.down_proj
pruning layer 11 name mlp.up_proj
pruning layer 12 name self_attn.q_proj
pruning layer 12 name self_attn.k_proj
pruning layer 12 name self_attn.v_proj
pruning layer 12 name self_attn.o_proj
pruning layer 12 name mlp.gate_proj
pruning layer 12 name mlp.down_proj
pruning layer 12 name mlp.up_proj
pruning layer 13 name self_attn.q_proj
pruning layer 13 name self_attn.k_proj
pruning layer 13 name self_attn.v_proj
pruning layer 13 name self_attn.o_proj
pruning layer 13 name mlp.gate_proj
pruning layer 13 name mlp.down_proj
pruning layer 13 name mlp.up_proj
pruning layer 14 name self_attn.q_proj
pruning layer 14 name self_attn.k_proj
pruning layer 14 name self_attn.v_proj
pruning layer 14 name self_attn.o_proj
pruning layer 14 name mlp.gate_proj
pruning layer 14 name mlp.down_proj
pruning layer 14 name mlp.up_proj
pruning layer 15 name self_attn.q_proj
pruning layer 15 name self_attn.k_proj
pruning layer 15 name self_attn.v_proj
pruning layer 15 name self_attn.o_proj
pruning layer 15 name mlp.gate_proj
pruning layer 15 name mlp.down_proj
pruning layer 15 name mlp.up_proj
pruning layer 16 name self_attn.q_proj
pruning layer 16 name self_attn.k_proj
pruning layer 16 name self_attn.v_proj
pruning layer 16 name self_attn.o_proj
pruning layer 16 name mlp.gate_proj
pruning layer 16 name mlp.down_proj
pruning layer 16 name mlp.up_proj
pruning layer 17 name self_attn.q_proj
pruning layer 17 name self_attn.k_proj
pruning layer 17 name self_attn.v_proj
pruning layer 17 name self_attn.o_proj
pruning layer 17 name mlp.gate_proj
pruning layer 17 name mlp.down_proj
pruning layer 17 name mlp.up_proj
pruning layer 18 name self_attn.q_proj
pruning layer 18 name self_attn.k_proj
pruning layer 18 name self_attn.v_proj
pruning layer 18 name self_attn.o_proj
pruning layer 18 name mlp.gate_proj
pruning layer 18 name mlp.down_proj
pruning layer 18 name mlp.up_proj
pruning layer 19 name self_attn.q_proj
pruning layer 19 name self_attn.k_proj
pruning layer 19 name self_attn.v_proj
pruning layer 19 name self_attn.o_proj
pruning layer 19 name mlp.gate_proj
pruning layer 19 name mlp.down_proj
pruning layer 19 name mlp.up_proj
pruning layer 20 name self_attn.q_proj
pruning layer 20 name self_attn.k_proj
pruning layer 20 name self_attn.v_proj
pruning layer 20 name self_attn.o_proj
pruning layer 20 name mlp.gate_proj
pruning layer 20 name mlp.down_proj
pruning layer 20 name mlp.up_proj
pruning layer 21 name self_attn.q_proj
pruning layer 21 name self_attn.k_proj
pruning layer 21 name self_attn.v_proj
pruning layer 21 name self_attn.o_proj
pruning layer 21 name mlp.gate_proj
pruning layer 21 name mlp.down_proj
pruning layer 21 name mlp.up_proj
pruning layer 22 name self_attn.q_proj
pruning layer 22 name self_attn.k_proj
pruning layer 22 name self_attn.v_proj
pruning layer 22 name self_attn.o_proj
pruning layer 22 name mlp.gate_proj
pruning layer 22 name mlp.down_proj
pruning layer 22 name mlp.up_proj
pruning layer 23 name self_attn.q_proj
pruning layer 23 name self_attn.k_proj
pruning layer 23 name self_attn.v_proj
pruning layer 23 name self_attn.o_proj
pruning layer 23 name mlp.gate_proj
pruning layer 23 name mlp.down_proj
pruning layer 23 name mlp.up_proj
pruning layer 24 name self_attn.q_proj
pruning layer 24 name self_attn.k_proj
pruning layer 24 name self_attn.v_proj
pruning layer 24 name self_attn.o_proj
pruning layer 24 name mlp.gate_proj
pruning layer 24 name mlp.down_proj
pruning layer 24 name mlp.up_proj
pruning layer 25 name self_attn.q_proj
pruning layer 25 name self_attn.k_proj
pruning layer 25 name self_attn.v_proj
pruning layer 25 name self_attn.o_proj
pruning layer 25 name mlp.gate_proj
pruning layer 25 name mlp.down_proj
pruning layer 25 name mlp.up_proj
pruning layer 26 name self_attn.q_proj
pruning layer 26 name self_attn.k_proj
pruning layer 26 name self_attn.v_proj
pruning layer 26 name self_attn.o_proj
pruning layer 26 name mlp.gate_proj
pruning layer 26 name mlp.down_proj
pruning layer 26 name mlp.up_proj
pruning layer 27 name self_attn.q_proj
pruning layer 27 name self_attn.k_proj
pruning layer 27 name self_attn.v_proj
pruning layer 27 name self_attn.o_proj
pruning layer 27 name mlp.gate_proj
pruning layer 27 name mlp.down_proj
pruning layer 27 name mlp.up_proj
pruning layer 28 name self_attn.q_proj
pruning layer 28 name self_attn.k_proj
pruning layer 28 name self_attn.v_proj
pruning layer 28 name self_attn.o_proj
pruning layer 28 name mlp.gate_proj
pruning layer 28 name mlp.down_proj
pruning layer 28 name mlp.up_proj
pruning layer 29 name self_attn.q_proj
pruning layer 29 name self_attn.k_proj
pruning layer 29 name self_attn.v_proj
pruning layer 29 name self_attn.o_proj
pruning layer 29 name mlp.gate_proj
pruning layer 29 name mlp.down_proj
pruning layer 29 name mlp.up_proj
pruning layer 30 name self_attn.q_proj
pruning layer 30 name self_attn.k_proj
pruning layer 30 name self_attn.v_proj
pruning layer 30 name self_attn.o_proj
pruning layer 30 name mlp.gate_proj
pruning layer 30 name mlp.down_proj
pruning layer 30 name mlp.up_proj
pruning layer 31 name self_attn.q_proj
pruning layer 31 name self_attn.k_proj
pruning layer 31 name self_attn.v_proj
pruning layer 31 name self_attn.o_proj
pruning layer 31 name mlp.gate_proj
pruning layer 31 name mlp.down_proj
pruning layer 31 name mlp.up_proj
******************************
layer 0 sparsity 0.677013
layer 1 sparsity 0.665565
layer 2 sparsity 0.644782
layer 3 sparsity 0.596214
layer 4 sparsity 0.644531
layer 5 sparsity 0.656000
layer 6 sparsity 0.637240
layer 7 sparsity 0.645743
layer 8 sparsity 0.659696
layer 9 sparsity 0.663331
layer 10 sparsity 0.664333
layer 11 sparsity 0.666987
layer 12 sparsity 0.669431
layer 13 sparsity 0.679457
layer 14 sparsity 0.685787
layer 15 sparsity 0.701642
layer 16 sparsity 0.713131
layer 17 sparsity 0.720233
layer 18 sparsity 0.726833
layer 19 sparsity 0.732953
layer 20 sparsity 0.737821
layer 21 sparsity 0.737570
layer 22 sparsity 0.740725
layer 23 sparsity 0.740996
layer 24 sparsity 0.744862
layer 25 sparsity 0.741246
layer 26 sparsity 0.748077
layer 27 sparsity 0.750772
layer 28 sparsity 0.751963
layer 29 sparsity 0.756140
layer 30 sparsity 0.754177
layer 31 sparsity 0.741246
sparsity sanity check 0.6999
******************************
evaluating on wikitext2
nsamples 166
sample 0
sample 50
sample 100
sample 150
begin calcualte ppl
[TIME] this run took 437.70 seconds (7.29 min)
[RESULT] final ppl on wikitext = 30.2518
===== 1|0.01|0.5|exponential|0.019|0.1|False | 440s | exit=0 =====
/home/xiaokang/miniconda3/envs/prune_llm/lib/python3.9/site-packages/torch/torch_version.py:3: UserWarning: pkg_resources is deprecated as an API. See https://setuptools.pypa.io/en/latest/pkg_resources.html. The pkg_resources package is slated for removal as early as 2025-11-30. Refrain from using this package or pin to Setuptools<81.
  from pkg_resources import packaging  # type: ignore[attr-defined]
[DEBUG] running: /home/xiaokang/OWL/OWL-version2/risk-prune/main.py
[DEBUG] HF_ENDPOINT env: None
[DEBUG] HfApi endpoint: https://huggingface.co
# of gpus:  1
[DEBUG] Parsed args:
  nsamples               = 32
  risk_k                 = 1
  risk_probe             = 0.01
  risk_decay             = 0.5
  risk_decay_type        = exponential
  risk_decay_beta        = 0.019
  risk_alpha             = 0.1
  consider_current_layer_in_risk = True
Loading checkpoint shards:   0%|          | 0/2 [00:00<?, ?it/s]Loading checkpoint shards:  50%|█████     | 1/2 [00:03<00:03,  3.33s/it]Loading checkpoint shards: 100%|██████████| 2/2 [00:04<00:00,  2.10s/it]Loading checkpoint shards: 100%|██████████| 2/2 [00:04<00:00,  2.29s/it]
use device  cuda:0
target sparsity 0.7
pruning starts
loading calibration data
dataset loading complete
after adjustment [0.3248817  0.33944002 0.35454357 0.40342665 0.35494602 0.3434819
 0.3623185  0.3539229  0.3399182  0.33639407 0.3353067  0.33277458
 0.33039823 0.3202236  0.31397527 0.29815    0.28670153 0.27940598
 0.2728457  0.26665083 0.26183122 0.26206136 0.25902075 0.25869206
 0.25490734 0.25846854 0.25161168 0.24886997 0.24777514 0.24342664
 0.24643643 0.25719342] mean 0.3 max 0.40342665 min 0.24342664
pruning layer 0 name self_attn.q_proj
pruning layer 0 name self_attn.k_proj
pruning layer 0 name self_attn.v_proj
pruning layer 0 name self_attn.o_proj
pruning layer 0 name mlp.gate_proj
pruning layer 0 name mlp.down_proj
pruning layer 0 name mlp.up_proj
pruning layer 1 name self_attn.q_proj
pruning layer 1 name self_attn.k_proj
pruning layer 1 name self_attn.v_proj
pruning layer 1 name self_attn.o_proj
pruning layer 1 name mlp.gate_proj
pruning layer 1 name mlp.down_proj
pruning layer 1 name mlp.up_proj
pruning layer 2 name self_attn.q_proj
pruning layer 2 name self_attn.k_proj
pruning layer 2 name self_attn.v_proj
pruning layer 2 name self_attn.o_proj
pruning layer 2 name mlp.gate_proj
pruning layer 2 name mlp.down_proj
pruning layer 2 name mlp.up_proj
pruning layer 3 name self_attn.q_proj
pruning layer 3 name self_attn.k_proj
pruning layer 3 name self_attn.v_proj
pruning layer 3 name self_attn.o_proj
pruning layer 3 name mlp.gate_proj
pruning layer 3 name mlp.down_proj
pruning layer 3 name mlp.up_proj
pruning layer 4 name self_attn.q_proj
pruning layer 4 name self_attn.k_proj
pruning layer 4 name self_attn.v_proj
pruning layer 4 name self_attn.o_proj
pruning layer 4 name mlp.gate_proj
pruning layer 4 name mlp.down_proj
pruning layer 4 name mlp.up_proj
pruning layer 5 name self_attn.q_proj
pruning layer 5 name self_attn.k_proj
pruning layer 5 name self_attn.v_proj
pruning layer 5 name self_attn.o_proj
pruning layer 5 name mlp.gate_proj
pruning layer 5 name mlp.down_proj
pruning layer 5 name mlp.up_proj
pruning layer 6 name self_attn.q_proj
pruning layer 6 name self_attn.k_proj
pruning layer 6 name self_attn.v_proj
pruning layer 6 name self_attn.o_proj
pruning layer 6 name mlp.gate_proj
pruning layer 6 name mlp.down_proj
pruning layer 6 name mlp.up_proj
pruning layer 7 name self_attn.q_proj
pruning layer 7 name self_attn.k_proj
pruning layer 7 name self_attn.v_proj
pruning layer 7 name self_attn.o_proj
pruning layer 7 name mlp.gate_proj
pruning layer 7 name mlp.down_proj
pruning layer 7 name mlp.up_proj
pruning layer 8 name self_attn.q_proj
pruning layer 8 name self_attn.k_proj
pruning layer 8 name self_attn.v_proj
pruning layer 8 name self_attn.o_proj
pruning layer 8 name mlp.gate_proj
pruning layer 8 name mlp.down_proj
pruning layer 8 name mlp.up_proj
pruning layer 9 name self_attn.q_proj
pruning layer 9 name self_attn.k_proj
pruning layer 9 name self_attn.v_proj
pruning layer 9 name self_attn.o_proj
pruning layer 9 name mlp.gate_proj
pruning layer 9 name mlp.down_proj
pruning layer 9 name mlp.up_proj
pruning layer 10 name self_attn.q_proj
pruning layer 10 name self_attn.k_proj
pruning layer 10 name self_attn.v_proj
pruning layer 10 name self_attn.o_proj
pruning layer 10 name mlp.gate_proj
pruning layer 10 name mlp.down_proj
pruning layer 10 name mlp.up_proj
pruning layer 11 name self_attn.q_proj
pruning layer 11 name self_attn.k_proj
pruning layer 11 name self_attn.v_proj
pruning layer 11 name self_attn.o_proj
pruning layer 11 name mlp.gate_proj
pruning layer 11 name mlp.down_proj
pruning layer 11 name mlp.up_proj
pruning layer 12 name self_attn.q_proj
pruning layer 12 name self_attn.k_proj
pruning layer 12 name self_attn.v_proj
pruning layer 12 name self_attn.o_proj
pruning layer 12 name mlp.gate_proj
pruning layer 12 name mlp.down_proj
pruning layer 12 name mlp.up_proj
pruning layer 13 name self_attn.q_proj
pruning layer 13 name self_attn.k_proj
pruning layer 13 name self_attn.v_proj
pruning layer 13 name self_attn.o_proj
pruning layer 13 name mlp.gate_proj
pruning layer 13 name mlp.down_proj
pruning layer 13 name mlp.up_proj
pruning layer 14 name self_attn.q_proj
pruning layer 14 name self_attn.k_proj
pruning layer 14 name self_attn.v_proj
pruning layer 14 name self_attn.o_proj
pruning layer 14 name mlp.gate_proj
pruning layer 14 name mlp.down_proj
pruning layer 14 name mlp.up_proj
pruning layer 15 name self_attn.q_proj
pruning layer 15 name self_attn.k_proj
pruning layer 15 name self_attn.v_proj
pruning layer 15 name self_attn.o_proj
pruning layer 15 name mlp.gate_proj
pruning layer 15 name mlp.down_proj
pruning layer 15 name mlp.up_proj
pruning layer 16 name self_attn.q_proj
pruning layer 16 name self_attn.k_proj
pruning layer 16 name self_attn.v_proj
pruning layer 16 name self_attn.o_proj
pruning layer 16 name mlp.gate_proj
pruning layer 16 name mlp.down_proj
pruning layer 16 name mlp.up_proj
pruning layer 17 name self_attn.q_proj
pruning layer 17 name self_attn.k_proj
pruning layer 17 name self_attn.v_proj
pruning layer 17 name self_attn.o_proj
pruning layer 17 name mlp.gate_proj
pruning layer 17 name mlp.down_proj
pruning layer 17 name mlp.up_proj
pruning layer 18 name self_attn.q_proj
pruning layer 18 name self_attn.k_proj
pruning layer 18 name self_attn.v_proj
pruning layer 18 name self_attn.o_proj
pruning layer 18 name mlp.gate_proj
pruning layer 18 name mlp.down_proj
pruning layer 18 name mlp.up_proj
pruning layer 19 name self_attn.q_proj
pruning layer 19 name self_attn.k_proj
pruning layer 19 name self_attn.v_proj
pruning layer 19 name self_attn.o_proj
pruning layer 19 name mlp.gate_proj
pruning layer 19 name mlp.down_proj
pruning layer 19 name mlp.up_proj
pruning layer 20 name self_attn.q_proj
pruning layer 20 name self_attn.k_proj
pruning layer 20 name self_attn.v_proj
pruning layer 20 name self_attn.o_proj
pruning layer 20 name mlp.gate_proj
pruning layer 20 name mlp.down_proj
pruning layer 20 name mlp.up_proj
pruning layer 21 name self_attn.q_proj
pruning layer 21 name self_attn.k_proj
pruning layer 21 name self_attn.v_proj
pruning layer 21 name self_attn.o_proj
pruning layer 21 name mlp.gate_proj
pruning layer 21 name mlp.down_proj
pruning layer 21 name mlp.up_proj
pruning layer 22 name self_attn.q_proj
pruning layer 22 name self_attn.k_proj
pruning layer 22 name self_attn.v_proj
pruning layer 22 name self_attn.o_proj
pruning layer 22 name mlp.gate_proj
pruning layer 22 name mlp.down_proj
pruning layer 22 name mlp.up_proj
pruning layer 23 name self_attn.q_proj
pruning layer 23 name self_attn.k_proj
pruning layer 23 name self_attn.v_proj
pruning layer 23 name self_attn.o_proj
pruning layer 23 name mlp.gate_proj
pruning layer 23 name mlp.down_proj
pruning layer 23 name mlp.up_proj
pruning layer 24 name self_attn.q_proj
pruning layer 24 name self_attn.k_proj
pruning layer 24 name self_attn.v_proj
pruning layer 24 name self_attn.o_proj
pruning layer 24 name mlp.gate_proj
pruning layer 24 name mlp.down_proj
pruning layer 24 name mlp.up_proj
pruning layer 25 name self_attn.q_proj
pruning layer 25 name self_attn.k_proj
pruning layer 25 name self_attn.v_proj
pruning layer 25 name self_attn.o_proj
pruning layer 25 name mlp.gate_proj
pruning layer 25 name mlp.down_proj
pruning layer 25 name mlp.up_proj
pruning layer 26 name self_attn.q_proj
pruning layer 26 name self_attn.k_proj
pruning layer 26 name self_attn.v_proj
pruning layer 26 name self_attn.o_proj
pruning layer 26 name mlp.gate_proj
pruning layer 26 name mlp.down_proj
pruning layer 26 name mlp.up_proj
pruning layer 27 name self_attn.q_proj
pruning layer 27 name self_attn.k_proj
pruning layer 27 name self_attn.v_proj
pruning layer 27 name self_attn.o_proj
pruning layer 27 name mlp.gate_proj
pruning layer 27 name mlp.down_proj
pruning layer 27 name mlp.up_proj
pruning layer 28 name self_attn.q_proj
pruning layer 28 name self_attn.k_proj
pruning layer 28 name self_attn.v_proj
pruning layer 28 name self_attn.o_proj
pruning layer 28 name mlp.gate_proj
pruning layer 28 name mlp.down_proj
pruning layer 28 name mlp.up_proj
pruning layer 29 name self_attn.q_proj
pruning layer 29 name self_attn.k_proj
pruning layer 29 name self_attn.v_proj
pruning layer 29 name self_attn.o_proj
pruning layer 29 name mlp.gate_proj
pruning layer 29 name mlp.down_proj
pruning layer 29 name mlp.up_proj
pruning layer 30 name self_attn.q_proj
pruning layer 30 name self_attn.k_proj
pruning layer 30 name self_attn.v_proj
pruning layer 30 name self_attn.o_proj
pruning layer 30 name mlp.gate_proj
pruning layer 30 name mlp.down_proj
pruning layer 30 name mlp.up_proj
pruning layer 31 name self_attn.q_proj
pruning layer 31 name self_attn.k_proj
pruning layer 31 name self_attn.v_proj
pruning layer 31 name self_attn.o_proj
pruning layer 31 name mlp.gate_proj
pruning layer 31 name mlp.down_proj
pruning layer 31 name mlp.up_proj
******************************
layer 0 sparsity 0.675050
layer 1 sparsity 0.660427
layer 2 sparsity 0.645303
layer 3 sparsity 0.596465
layer 4 sparsity 0.645012
layer 5 sparsity 0.656480
layer 6 sparsity 0.637490
layer 7 sparsity 0.646014
layer 8 sparsity 0.659946
layer 9 sparsity 0.663562
layer 10 sparsity 0.664563
layer 11 sparsity 0.667028
layer 12 sparsity 0.669451
layer 13 sparsity 0.679688
layer 14 sparsity 0.685828
layer 15 sparsity 0.701683
layer 16 sparsity 0.713151
layer 17 sparsity 0.720483
layer 18 sparsity 0.727063
layer 19 sparsity 0.733183
layer 20 sparsity 0.738051
layer 21 sparsity 0.737821
layer 22 sparsity 0.740955
layer 23 sparsity 0.741226
layer 24 sparsity 0.744902
layer 25 sparsity 0.741456
layer 26 sparsity 0.748307
layer 27 sparsity 0.751002
layer 28 sparsity 0.752193
layer 29 sparsity 0.756391
layer 30 sparsity 0.753446
layer 31 sparsity 0.742688
sparsity sanity check 0.6999
******************************
evaluating on wikitext2
nsamples 166
sample 0
sample 50
sample 100
sample 150
begin calcualte ppl
[TIME] this run took 437.54 seconds (7.29 min)
[RESULT] final ppl on wikitext = 30.4264
===== 1|0.01|0.5|exponential|0.019|0.1|True | 440s | exit=0 =====
/home/xiaokang/miniconda3/envs/prune_llm/lib/python3.9/site-packages/torch/torch_version.py:3: UserWarning: pkg_resources is deprecated as an API. See https://setuptools.pypa.io/en/latest/pkg_resources.html. The pkg_resources package is slated for removal as early as 2025-11-30. Refrain from using this package or pin to Setuptools<81.
  from pkg_resources import packaging  # type: ignore[attr-defined]
[DEBUG] running: /home/xiaokang/OWL/OWL-version2/risk-prune/main.py
[DEBUG] HF_ENDPOINT env: None
[DEBUG] HfApi endpoint: https://huggingface.co
# of gpus:  1
[DEBUG] Parsed args:
  nsamples               = 32
  risk_k                 = 1
  risk_probe             = 0.01
  risk_decay             = 0.5
  risk_decay_type        = exponential
  risk_decay_beta        = 0.019
  risk_alpha             = 0.1
  consider_current_layer_in_risk = True
Loading checkpoint shards:   0%|          | 0/2 [00:00<?, ?it/s]Loading checkpoint shards:  50%|█████     | 1/2 [00:03<00:03,  3.31s/it]Loading checkpoint shards: 100%|██████████| 2/2 [00:04<00:00,  2.09s/it]Loading checkpoint shards: 100%|██████████| 2/2 [00:04<00:00,  2.28s/it]
use device  cuda:0
target sparsity 0.7
pruning starts
loading calibration data
dataset loading complete
after adjustment [0.3248817  0.33944002 0.35454357 0.40342665 0.35494602 0.3434819
 0.3623185  0.3539229  0.3399182  0.33639407 0.3353067  0.33277458
 0.33039823 0.3202236  0.31397527 0.29815    0.28670153 0.27940598
 0.2728457  0.26665083 0.26183122 0.26206136 0.25902075 0.25869206
 0.25490734 0.25846854 0.25161168 0.24886997 0.24777514 0.24342664
 0.24643643 0.25719342] mean 0.3 max 0.40342665 min 0.24342664
pruning layer 0 name self_attn.q_proj
pruning layer 0 name self_attn.k_proj
pruning layer 0 name self_attn.v_proj
pruning layer 0 name self_attn.o_proj
pruning layer 0 name mlp.gate_proj
pruning layer 0 name mlp.down_proj
pruning layer 0 name mlp.up_proj
pruning layer 1 name self_attn.q_proj
pruning layer 1 name self_attn.k_proj
pruning layer 1 name self_attn.v_proj
pruning layer 1 name self_attn.o_proj
pruning layer 1 name mlp.gate_proj
pruning layer 1 name mlp.down_proj
pruning layer 1 name mlp.up_proj
pruning layer 2 name self_attn.q_proj
pruning layer 2 name self_attn.k_proj
pruning layer 2 name self_attn.v_proj
pruning layer 2 name self_attn.o_proj
pruning layer 2 name mlp.gate_proj
pruning layer 2 name mlp.down_proj
pruning layer 2 name mlp.up_proj
pruning layer 3 name self_attn.q_proj
pruning layer 3 name self_attn.k_proj
pruning layer 3 name self_attn.v_proj
pruning layer 3 name self_attn.o_proj
pruning layer 3 name mlp.gate_proj
pruning layer 3 name mlp.down_proj
pruning layer 3 name mlp.up_proj
pruning layer 4 name self_attn.q_proj
pruning layer 4 name self_attn.k_proj
pruning layer 4 name self_attn.v_proj
pruning layer 4 name self_attn.o_proj
pruning layer 4 name mlp.gate_proj
pruning layer 4 name mlp.down_proj
pruning layer 4 name mlp.up_proj
pruning layer 5 name self_attn.q_proj
pruning layer 5 name self_attn.k_proj
pruning layer 5 name self_attn.v_proj
pruning layer 5 name self_attn.o_proj
pruning layer 5 name mlp.gate_proj
pruning layer 5 name mlp.down_proj
pruning layer 5 name mlp.up_proj
pruning layer 6 name self_attn.q_proj
pruning layer 6 name self_attn.k_proj
pruning layer 6 name self_attn.v_proj
pruning layer 6 name self_attn.o_proj
pruning layer 6 name mlp.gate_proj
pruning layer 6 name mlp.down_proj
pruning layer 6 name mlp.up_proj
pruning layer 7 name self_attn.q_proj
pruning layer 7 name self_attn.k_proj
pruning layer 7 name self_attn.v_proj
pruning layer 7 name self_attn.o_proj
pruning layer 7 name mlp.gate_proj
pruning layer 7 name mlp.down_proj
pruning layer 7 name mlp.up_proj
pruning layer 8 name self_attn.q_proj
pruning layer 8 name self_attn.k_proj
pruning layer 8 name self_attn.v_proj
pruning layer 8 name self_attn.o_proj
pruning layer 8 name mlp.gate_proj
pruning layer 8 name mlp.down_proj
pruning layer 8 name mlp.up_proj
pruning layer 9 name self_attn.q_proj
pruning layer 9 name self_attn.k_proj
pruning layer 9 name self_attn.v_proj
pruning layer 9 name self_attn.o_proj
pruning layer 9 name mlp.gate_proj
pruning layer 9 name mlp.down_proj
pruning layer 9 name mlp.up_proj
pruning layer 10 name self_attn.q_proj
pruning layer 10 name self_attn.k_proj
pruning layer 10 name self_attn.v_proj
pruning layer 10 name self_attn.o_proj
pruning layer 10 name mlp.gate_proj
pruning layer 10 name mlp.down_proj
pruning layer 10 name mlp.up_proj
pruning layer 11 name self_attn.q_proj
pruning layer 11 name self_attn.k_proj
pruning layer 11 name self_attn.v_proj
pruning layer 11 name self_attn.o_proj
pruning layer 11 name mlp.gate_proj
pruning layer 11 name mlp.down_proj
pruning layer 11 name mlp.up_proj
pruning layer 12 name self_attn.q_proj
pruning layer 12 name self_attn.k_proj
pruning layer 12 name self_attn.v_proj
pruning layer 12 name self_attn.o_proj
pruning layer 12 name mlp.gate_proj
pruning layer 12 name mlp.down_proj
pruning layer 12 name mlp.up_proj
pruning layer 13 name self_attn.q_proj
pruning layer 13 name self_attn.k_proj
pruning layer 13 name self_attn.v_proj
pruning layer 13 name self_attn.o_proj
pruning layer 13 name mlp.gate_proj
pruning layer 13 name mlp.down_proj
pruning layer 13 name mlp.up_proj
pruning layer 14 name self_attn.q_proj
pruning layer 14 name self_attn.k_proj
pruning layer 14 name self_attn.v_proj
pruning layer 14 name self_attn.o_proj
pruning layer 14 name mlp.gate_proj
pruning layer 14 name mlp.down_proj
pruning layer 14 name mlp.up_proj
pruning layer 15 name self_attn.q_proj
pruning layer 15 name self_attn.k_proj
pruning layer 15 name self_attn.v_proj
pruning layer 15 name self_attn.o_proj
pruning layer 15 name mlp.gate_proj
pruning layer 15 name mlp.down_proj
pruning layer 15 name mlp.up_proj
pruning layer 16 name self_attn.q_proj
pruning layer 16 name self_attn.k_proj
pruning layer 16 name self_attn.v_proj
pruning layer 16 name self_attn.o_proj
pruning layer 16 name mlp.gate_proj
pruning layer 16 name mlp.down_proj
pruning layer 16 name mlp.up_proj
pruning layer 17 name self_attn.q_proj
pruning layer 17 name self_attn.k_proj
pruning layer 17 name self_attn.v_proj
pruning layer 17 name self_attn.o_proj
pruning layer 17 name mlp.gate_proj
pruning layer 17 name mlp.down_proj
pruning layer 17 name mlp.up_proj
pruning layer 18 name self_attn.q_proj
pruning layer 18 name self_attn.k_proj
pruning layer 18 name self_attn.v_proj
pruning layer 18 name self_attn.o_proj
pruning layer 18 name mlp.gate_proj
pruning layer 18 name mlp.down_proj
pruning layer 18 name mlp.up_proj
pruning layer 19 name self_attn.q_proj
pruning layer 19 name self_attn.k_proj
pruning layer 19 name self_attn.v_proj
pruning layer 19 name self_attn.o_proj
pruning layer 19 name mlp.gate_proj
pruning layer 19 name mlp.down_proj
pruning layer 19 name mlp.up_proj
pruning layer 20 name self_attn.q_proj
pruning layer 20 name self_attn.k_proj
pruning layer 20 name self_attn.v_proj
pruning layer 20 name self_attn.o_proj
pruning layer 20 name mlp.gate_proj
pruning layer 20 name mlp.down_proj
pruning layer 20 name mlp.up_proj
pruning layer 21 name self_attn.q_proj
pruning layer 21 name self_attn.k_proj
pruning layer 21 name self_attn.v_proj
pruning layer 21 name self_attn.o_proj
pruning layer 21 name mlp.gate_proj
pruning layer 21 name mlp.down_proj
pruning layer 21 name mlp.up_proj
pruning layer 22 name self_attn.q_proj
pruning layer 22 name self_attn.k_proj
pruning layer 22 name self_attn.v_proj
pruning layer 22 name self_attn.o_proj
pruning layer 22 name mlp.gate_proj
pruning layer 22 name mlp.down_proj
pruning layer 22 name mlp.up_proj
pruning layer 23 name self_attn.q_proj
pruning layer 23 name self_attn.k_proj
pruning layer 23 name self_attn.v_proj
pruning layer 23 name self_attn.o_proj
pruning layer 23 name mlp.gate_proj
pruning layer 23 name mlp.down_proj
pruning layer 23 name mlp.up_proj
pruning layer 24 name self_attn.q_proj
pruning layer 24 name self_attn.k_proj
pruning layer 24 name self_attn.v_proj
pruning layer 24 name self_attn.o_proj
pruning layer 24 name mlp.gate_proj
pruning layer 24 name mlp.down_proj
pruning layer 24 name mlp.up_proj
pruning layer 25 name self_attn.q_proj
pruning layer 25 name self_attn.k_proj
pruning layer 25 name self_attn.v_proj
pruning layer 25 name self_attn.o_proj
pruning layer 25 name mlp.gate_proj
pruning layer 25 name mlp.down_proj
pruning layer 25 name mlp.up_proj
pruning layer 26 name self_attn.q_proj
pruning layer 26 name self_attn.k_proj
pruning layer 26 name self_attn.v_proj
pruning layer 26 name self_attn.o_proj
pruning layer 26 name mlp.gate_proj
pruning layer 26 name mlp.down_proj
pruning layer 26 name mlp.up_proj
pruning layer 27 name self_attn.q_proj
pruning layer 27 name self_attn.k_proj
pruning layer 27 name self_attn.v_proj
pruning layer 27 name self_attn.o_proj
pruning layer 27 name mlp.gate_proj
pruning layer 27 name mlp.down_proj
pruning layer 27 name mlp.up_proj
pruning layer 28 name self_attn.q_proj
pruning layer 28 name self_attn.k_proj
pruning layer 28 name self_attn.v_proj
pruning layer 28 name self_attn.o_proj
pruning layer 28 name mlp.gate_proj
pruning layer 28 name mlp.down_proj
pruning layer 28 name mlp.up_proj
pruning layer 29 name self_attn.q_proj
pruning layer 29 name self_attn.k_proj
pruning layer 29 name self_attn.v_proj
pruning layer 29 name self_attn.o_proj
pruning layer 29 name mlp.gate_proj
pruning layer 29 name mlp.down_proj
pruning layer 29 name mlp.up_proj
pruning layer 30 name self_attn.q_proj
pruning layer 30 name self_attn.k_proj
pruning layer 30 name self_attn.v_proj
pruning layer 30 name self_attn.o_proj
pruning layer 30 name mlp.gate_proj
pruning layer 30 name mlp.down_proj
pruning layer 30 name mlp.up_proj
pruning layer 31 name self_attn.q_proj
pruning layer 31 name self_attn.k_proj
pruning layer 31 name self_attn.v_proj
pruning layer 31 name self_attn.o_proj
pruning layer 31 name mlp.gate_proj
pruning layer 31 name mlp.down_proj
pruning layer 31 name mlp.up_proj
******************************
layer 0 sparsity 0.675050
layer 1 sparsity 0.660427
layer 2 sparsity 0.645303
layer 3 sparsity 0.596465
layer 4 sparsity 0.645012
layer 5 sparsity 0.656480
layer 6 sparsity 0.637490
layer 7 sparsity 0.646014
layer 8 sparsity 0.659946
layer 9 sparsity 0.663562
layer 10 sparsity 0.664563
layer 11 sparsity 0.667028
layer 12 sparsity 0.669451
layer 13 sparsity 0.679688
layer 14 sparsity 0.685828
layer 15 sparsity 0.701683
layer 16 sparsity 0.713151
layer 17 sparsity 0.720483
layer 18 sparsity 0.727063
layer 19 sparsity 0.733183
layer 20 sparsity 0.738051
layer 21 sparsity 0.737821
layer 22 sparsity 0.740955
layer 23 sparsity 0.741226
layer 24 sparsity 0.744902
layer 25 sparsity 0.741456
layer 26 sparsity 0.748307
layer 27 sparsity 0.751002
layer 28 sparsity 0.752193
layer 29 sparsity 0.756391
layer 30 sparsity 0.753446
layer 31 sparsity 0.742688
sparsity sanity check 0.6999
******************************
evaluating on wikitext2
nsamples 166
sample 0
sample 50
sample 100
sample 150
begin calcualte ppl
[TIME] this run took 437.45 seconds (7.29 min)
[RESULT] final ppl on wikitext = 30.4264
===== 1|0.01|0.5|exponential|0.019|0.15|False | 442s | exit=0 =====
/home/xiaokang/miniconda3/envs/prune_llm/lib/python3.9/site-packages/torch/torch_version.py:3: UserWarning: pkg_resources is deprecated as an API. See https://setuptools.pypa.io/en/latest/pkg_resources.html. The pkg_resources package is slated for removal as early as 2025-11-30. Refrain from using this package or pin to Setuptools<81.
  from pkg_resources import packaging  # type: ignore[attr-defined]
[DEBUG] running: /home/xiaokang/OWL/OWL-version2/risk-prune/main.py
[DEBUG] HF_ENDPOINT env: None
[DEBUG] HfApi endpoint: https://huggingface.co
# of gpus:  1
[DEBUG] Parsed args:
  nsamples               = 32
  risk_k                 = 1
  risk_probe             = 0.01
  risk_decay             = 0.5
  risk_decay_type        = exponential
  risk_decay_beta        = 0.019
  risk_alpha             = 0.15
  consider_current_layer_in_risk = True
Loading checkpoint shards:   0%|          | 0/2 [00:00<?, ?it/s]Loading checkpoint shards:  50%|█████     | 1/2 [00:03<00:03,  3.48s/it]Loading checkpoint shards: 100%|██████████| 2/2 [00:04<00:00,  2.16s/it]Loading checkpoint shards: 100%|██████████| 2/2 [00:04<00:00,  2.36s/it]
use device  cuda:0
target sparsity 0.7
pruning starts
loading calibration data
dataset loading complete
after adjustment [0.32707992 0.34531233 0.35389048 0.4031614  0.35445523 0.34297064
 0.36198872 0.3536077  0.339593   0.33610612 0.3350647  0.33256647
 0.3302179  0.31999615 0.31378096 0.29794466 0.286534   0.27914813
 0.27261335 0.2664043  0.26162463 0.26181936 0.2588226  0.2585055
 0.25468913 0.25835195 0.25146654 0.24865809 0.24756482 0.2431614
 0.24725054 0.25564945] mean 0.3 max 0.4031614 min 0.2431614
pruning layer 0 name self_attn.q_proj
pruning layer 0 name self_attn.k_proj
pruning layer 0 name self_attn.v_proj
pruning layer 0 name self_attn.o_proj
pruning layer 0 name mlp.gate_proj
pruning layer 0 name mlp.down_proj
pruning layer 0 name mlp.up_proj
pruning layer 1 name self_attn.q_proj
pruning layer 1 name self_attn.k_proj
pruning layer 1 name self_attn.v_proj
pruning layer 1 name self_attn.o_proj
pruning layer 1 name mlp.gate_proj
pruning layer 1 name mlp.down_proj
pruning layer 1 name mlp.up_proj
pruning layer 2 name self_attn.q_proj
pruning layer 2 name self_attn.k_proj
pruning layer 2 name self_attn.v_proj
pruning layer 2 name self_attn.o_proj
pruning layer 2 name mlp.gate_proj
pruning layer 2 name mlp.down_proj
pruning layer 2 name mlp.up_proj
pruning layer 3 name self_attn.q_proj
pruning layer 3 name self_attn.k_proj
pruning layer 3 name self_attn.v_proj
pruning layer 3 name self_attn.o_proj
pruning layer 3 name mlp.gate_proj
pruning layer 3 name mlp.down_proj
pruning layer 3 name mlp.up_proj
pruning layer 4 name self_attn.q_proj
pruning layer 4 name self_attn.k_proj
pruning layer 4 name self_attn.v_proj
pruning layer 4 name self_attn.o_proj
pruning layer 4 name mlp.gate_proj
pruning layer 4 name mlp.down_proj
pruning layer 4 name mlp.up_proj
pruning layer 5 name self_attn.q_proj
pruning layer 5 name self_attn.k_proj
pruning layer 5 name self_attn.v_proj
pruning layer 5 name self_attn.o_proj
pruning layer 5 name mlp.gate_proj
pruning layer 5 name mlp.down_proj
pruning layer 5 name mlp.up_proj
pruning layer 6 name self_attn.q_proj
pruning layer 6 name self_attn.k_proj
pruning layer 6 name self_attn.v_proj
pruning layer 6 name self_attn.o_proj
pruning layer 6 name mlp.gate_proj
pruning layer 6 name mlp.down_proj
pruning layer 6 name mlp.up_proj
pruning layer 7 name self_attn.q_proj
pruning layer 7 name self_attn.k_proj
pruning layer 7 name self_attn.v_proj
pruning layer 7 name self_attn.o_proj
pruning layer 7 name mlp.gate_proj
pruning layer 7 name mlp.down_proj
pruning layer 7 name mlp.up_proj
pruning layer 8 name self_attn.q_proj
pruning layer 8 name self_attn.k_proj
pruning layer 8 name self_attn.v_proj
pruning layer 8 name self_attn.o_proj
pruning layer 8 name mlp.gate_proj
pruning layer 8 name mlp.down_proj
pruning layer 8 name mlp.up_proj
pruning layer 9 name self_attn.q_proj
pruning layer 9 name self_attn.k_proj
pruning layer 9 name self_attn.v_proj
pruning layer 9 name self_attn.o_proj
pruning layer 9 name mlp.gate_proj
pruning layer 9 name mlp.down_proj
pruning layer 9 name mlp.up_proj
pruning layer 10 name self_attn.q_proj
pruning layer 10 name self_attn.k_proj
pruning layer 10 name self_attn.v_proj
pruning layer 10 name self_attn.o_proj
pruning layer 10 name mlp.gate_proj
pruning layer 10 name mlp.down_proj
pruning layer 10 name mlp.up_proj
pruning layer 11 name self_attn.q_proj
pruning layer 11 name self_attn.k_proj
pruning layer 11 name self_attn.v_proj
pruning layer 11 name self_attn.o_proj
pruning layer 11 name mlp.gate_proj
pruning layer 11 name mlp.down_proj
pruning layer 11 name mlp.up_proj
pruning layer 12 name self_attn.q_proj
pruning layer 12 name self_attn.k_proj
pruning layer 12 name self_attn.v_proj
pruning layer 12 name self_attn.o_proj
pruning layer 12 name mlp.gate_proj
pruning layer 12 name mlp.down_proj
pruning layer 12 name mlp.up_proj
pruning layer 13 name self_attn.q_proj
pruning layer 13 name self_attn.k_proj
pruning layer 13 name self_attn.v_proj
pruning layer 13 name self_attn.o_proj
pruning layer 13 name mlp.gate_proj
pruning layer 13 name mlp.down_proj
pruning layer 13 name mlp.up_proj
pruning layer 14 name self_attn.q_proj
pruning layer 14 name self_attn.k_proj
pruning layer 14 name self_attn.v_proj
pruning layer 14 name self_attn.o_proj
pruning layer 14 name mlp.gate_proj
pruning layer 14 name mlp.down_proj
pruning layer 14 name mlp.up_proj
pruning layer 15 name self_attn.q_proj
pruning layer 15 name self_attn.k_proj
pruning layer 15 name self_attn.v_proj
pruning layer 15 name self_attn.o_proj
pruning layer 15 name mlp.gate_proj
pruning layer 15 name mlp.down_proj
pruning layer 15 name mlp.up_proj
pruning layer 16 name self_attn.q_proj
pruning layer 16 name self_attn.k_proj
pruning layer 16 name self_attn.v_proj
pruning layer 16 name self_attn.o_proj
pruning layer 16 name mlp.gate_proj
pruning layer 16 name mlp.down_proj
pruning layer 16 name mlp.up_proj
pruning layer 17 name self_attn.q_proj
pruning layer 17 name self_attn.k_proj
pruning layer 17 name self_attn.v_proj
pruning layer 17 name self_attn.o_proj
pruning layer 17 name mlp.gate_proj
pruning layer 17 name mlp.down_proj
pruning layer 17 name mlp.up_proj
pruning layer 18 name self_attn.q_proj
pruning layer 18 name self_attn.k_proj
pruning layer 18 name self_attn.v_proj
pruning layer 18 name self_attn.o_proj
pruning layer 18 name mlp.gate_proj
pruning layer 18 name mlp.down_proj
pruning layer 18 name mlp.up_proj
pruning layer 19 name self_attn.q_proj
pruning layer 19 name self_attn.k_proj
pruning layer 19 name self_attn.v_proj
pruning layer 19 name self_attn.o_proj
pruning layer 19 name mlp.gate_proj
pruning layer 19 name mlp.down_proj
pruning layer 19 name mlp.up_proj
pruning layer 20 name self_attn.q_proj
pruning layer 20 name self_attn.k_proj
pruning layer 20 name self_attn.v_proj
pruning layer 20 name self_attn.o_proj
pruning layer 20 name mlp.gate_proj
pruning layer 20 name mlp.down_proj
pruning layer 20 name mlp.up_proj
pruning layer 21 name self_attn.q_proj
pruning layer 21 name self_attn.k_proj
pruning layer 21 name self_attn.v_proj
pruning layer 21 name self_attn.o_proj
pruning layer 21 name mlp.gate_proj
pruning layer 21 name mlp.down_proj
pruning layer 21 name mlp.up_proj
pruning layer 22 name self_attn.q_proj
pruning layer 22 name self_attn.k_proj
pruning layer 22 name self_attn.v_proj
pruning layer 22 name self_attn.o_proj
pruning layer 22 name mlp.gate_proj
pruning layer 22 name mlp.down_proj
pruning layer 22 name mlp.up_proj
pruning layer 23 name self_attn.q_proj
pruning layer 23 name self_attn.k_proj
pruning layer 23 name self_attn.v_proj
pruning layer 23 name self_attn.o_proj
pruning layer 23 name mlp.gate_proj
pruning layer 23 name mlp.down_proj
pruning layer 23 name mlp.up_proj
pruning layer 24 name self_attn.q_proj
pruning layer 24 name self_attn.k_proj
pruning layer 24 name self_attn.v_proj
pruning layer 24 name self_attn.o_proj
pruning layer 24 name mlp.gate_proj
pruning layer 24 name mlp.down_proj
pruning layer 24 name mlp.up_proj
pruning layer 25 name self_attn.q_proj
pruning layer 25 name self_attn.k_proj
pruning layer 25 name self_attn.v_proj
pruning layer 25 name self_attn.o_proj
pruning layer 25 name mlp.gate_proj
pruning layer 25 name mlp.down_proj
pruning layer 25 name mlp.up_proj
pruning layer 26 name self_attn.q_proj
pruning layer 26 name self_attn.k_proj
pruning layer 26 name self_attn.v_proj
pruning layer 26 name self_attn.o_proj
pruning layer 26 name mlp.gate_proj
pruning layer 26 name mlp.down_proj
pruning layer 26 name mlp.up_proj
pruning layer 27 name self_attn.q_proj
pruning layer 27 name self_attn.k_proj
pruning layer 27 name self_attn.v_proj
pruning layer 27 name self_attn.o_proj
pruning layer 27 name mlp.gate_proj
pruning layer 27 name mlp.down_proj
pruning layer 27 name mlp.up_proj
pruning layer 28 name self_attn.q_proj
pruning layer 28 name self_attn.k_proj
pruning layer 28 name self_attn.v_proj
pruning layer 28 name self_attn.o_proj
pruning layer 28 name mlp.gate_proj
pruning layer 28 name mlp.down_proj
pruning layer 28 name mlp.up_proj
pruning layer 29 name self_attn.q_proj
pruning layer 29 name self_attn.k_proj
pruning layer 29 name self_attn.v_proj
pruning layer 29 name self_attn.o_proj
pruning layer 29 name mlp.gate_proj
pruning layer 29 name mlp.down_proj
pruning layer 29 name mlp.up_proj
pruning layer 30 name self_attn.q_proj
pruning layer 30 name self_attn.k_proj
pruning layer 30 name self_attn.v_proj
pruning layer 30 name self_attn.o_proj
pruning layer 30 name mlp.gate_proj
pruning layer 30 name mlp.down_proj
pruning layer 30 name mlp.up_proj
pruning layer 31 name self_attn.q_proj
pruning layer 31 name self_attn.k_proj
pruning layer 31 name self_attn.v_proj
pruning layer 31 name self_attn.o_proj
pruning layer 31 name mlp.gate_proj
pruning layer 31 name mlp.down_proj
pruning layer 31 name mlp.up_proj
******************************
layer 0 sparsity 0.672857
layer 1 sparsity 0.654557
layer 2 sparsity 0.646014
layer 3 sparsity 0.596695
layer 4 sparsity 0.645513
layer 5 sparsity 0.656981
layer 6 sparsity 0.637951
layer 7 sparsity 0.646264
layer 8 sparsity 0.660386
layer 9 sparsity 0.663832
layer 10 sparsity 0.664814
layer 11 sparsity 0.667278
layer 12 sparsity 0.669682
layer 13 sparsity 0.679938
layer 14 sparsity 0.686058
layer 15 sparsity 0.701933
layer 16 sparsity 0.713381
layer 17 sparsity 0.720733
layer 18 sparsity 0.727314
layer 19 sparsity 0.733434
layer 20 sparsity 0.738301
layer 21 sparsity 0.738051
layer 22 sparsity 0.740996
layer 23 sparsity 0.741456
layer 24 sparsity 0.745153
layer 25 sparsity 0.741497
layer 26 sparsity 0.748328
layer 27 sparsity 0.751232
layer 28 sparsity 0.752234
layer 29 sparsity 0.756831
layer 30 sparsity 0.752694
layer 31 sparsity 0.744171
sparsity sanity check 0.6999
******************************
evaluating on wikitext2
nsamples 166
sample 0
sample 50
sample 100
sample 150
begin calcualte ppl
[TIME] this run took 438.47 seconds (7.31 min)
[RESULT] final ppl on wikitext = 30.6250
===== 1|0.01|0.5|exponential|0.019|0.15|True | 444s | exit=0 =====
/home/xiaokang/miniconda3/envs/prune_llm/lib/python3.9/site-packages/torch/torch_version.py:3: UserWarning: pkg_resources is deprecated as an API. See https://setuptools.pypa.io/en/latest/pkg_resources.html. The pkg_resources package is slated for removal as early as 2025-11-30. Refrain from using this package or pin to Setuptools<81.
  from pkg_resources import packaging  # type: ignore[attr-defined]
[DEBUG] running: /home/xiaokang/OWL/OWL-version2/risk-prune/main.py
[DEBUG] HF_ENDPOINT env: None
[DEBUG] HfApi endpoint: https://huggingface.co
# of gpus:  1
[DEBUG] Parsed args:
  nsamples               = 32
  risk_k                 = 1
  risk_probe             = 0.01
  risk_decay             = 0.5
  risk_decay_type        = exponential
  risk_decay_beta        = 0.019
  risk_alpha             = 0.15
  consider_current_layer_in_risk = True
Loading checkpoint shards:   0%|          | 0/2 [00:00<?, ?it/s]Loading checkpoint shards:  50%|█████     | 1/2 [00:06<00:06,  6.11s/it]Loading checkpoint shards: 100%|██████████| 2/2 [00:08<00:00,  3.81s/it]Loading checkpoint shards: 100%|██████████| 2/2 [00:08<00:00,  4.15s/it]
use device  cuda:0
target sparsity 0.7
pruning starts
loading calibration data
dataset loading complete
after adjustment [0.32707992 0.34531233 0.35389048 0.4031614  0.35445523 0.34297064
 0.36198872 0.3536077  0.339593   0.33610612 0.3350647  0.33256647
 0.3302179  0.31999615 0.31378096 0.29794466 0.286534   0.27914813
 0.27261335 0.2664043  0.26162463 0.26181936 0.2588226  0.2585055
 0.25468913 0.25835195 0.25146654 0.24865809 0.24756482 0.2431614
 0.24725054 0.25564945] mean 0.3 max 0.4031614 min 0.2431614
pruning layer 0 name self_attn.q_proj
pruning layer 0 name self_attn.k_proj
pruning layer 0 name self_attn.v_proj
pruning layer 0 name self_attn.o_proj
pruning layer 0 name mlp.gate_proj
pruning layer 0 name mlp.down_proj
pruning layer 0 name mlp.up_proj
pruning layer 1 name self_attn.q_proj
pruning layer 1 name self_attn.k_proj
pruning layer 1 name self_attn.v_proj
pruning layer 1 name self_attn.o_proj
pruning layer 1 name mlp.gate_proj
pruning layer 1 name mlp.down_proj
pruning layer 1 name mlp.up_proj
pruning layer 2 name self_attn.q_proj
pruning layer 2 name self_attn.k_proj
pruning layer 2 name self_attn.v_proj
pruning layer 2 name self_attn.o_proj
pruning layer 2 name mlp.gate_proj
pruning layer 2 name mlp.down_proj
pruning layer 2 name mlp.up_proj
pruning layer 3 name self_attn.q_proj
pruning layer 3 name self_attn.k_proj
pruning layer 3 name self_attn.v_proj
pruning layer 3 name self_attn.o_proj
pruning layer 3 name mlp.gate_proj
pruning layer 3 name mlp.down_proj
pruning layer 3 name mlp.up_proj
pruning layer 4 name self_attn.q_proj
pruning layer 4 name self_attn.k_proj
pruning layer 4 name self_attn.v_proj
pruning layer 4 name self_attn.o_proj
pruning layer 4 name mlp.gate_proj
pruning layer 4 name mlp.down_proj
pruning layer 4 name mlp.up_proj
pruning layer 5 name self_attn.q_proj
pruning layer 5 name self_attn.k_proj
pruning layer 5 name self_attn.v_proj
pruning layer 5 name self_attn.o_proj
pruning layer 5 name mlp.gate_proj
pruning layer 5 name mlp.down_proj
pruning layer 5 name mlp.up_proj
pruning layer 6 name self_attn.q_proj
pruning layer 6 name self_attn.k_proj
pruning layer 6 name self_attn.v_proj
pruning layer 6 name self_attn.o_proj
pruning layer 6 name mlp.gate_proj
pruning layer 6 name mlp.down_proj
pruning layer 6 name mlp.up_proj
pruning layer 7 name self_attn.q_proj
pruning layer 7 name self_attn.k_proj
pruning layer 7 name self_attn.v_proj
pruning layer 7 name self_attn.o_proj
pruning layer 7 name mlp.gate_proj
pruning layer 7 name mlp.down_proj
pruning layer 7 name mlp.up_proj
pruning layer 8 name self_attn.q_proj
pruning layer 8 name self_attn.k_proj
pruning layer 8 name self_attn.v_proj
pruning layer 8 name self_attn.o_proj
pruning layer 8 name mlp.gate_proj
pruning layer 8 name mlp.down_proj
pruning layer 8 name mlp.up_proj
pruning layer 9 name self_attn.q_proj
pruning layer 9 name self_attn.k_proj
pruning layer 9 name self_attn.v_proj
pruning layer 9 name self_attn.o_proj
pruning layer 9 name mlp.gate_proj
pruning layer 9 name mlp.down_proj
pruning layer 9 name mlp.up_proj
pruning layer 10 name self_attn.q_proj
pruning layer 10 name self_attn.k_proj
pruning layer 10 name self_attn.v_proj
pruning layer 10 name self_attn.o_proj
pruning layer 10 name mlp.gate_proj
pruning layer 10 name mlp.down_proj
pruning layer 10 name mlp.up_proj
pruning layer 11 name self_attn.q_proj
pruning layer 11 name self_attn.k_proj
pruning layer 11 name self_attn.v_proj
pruning layer 11 name self_attn.o_proj
pruning layer 11 name mlp.gate_proj
pruning layer 11 name mlp.down_proj
pruning layer 11 name mlp.up_proj
pruning layer 12 name self_attn.q_proj
pruning layer 12 name self_attn.k_proj
pruning layer 12 name self_attn.v_proj
pruning layer 12 name self_attn.o_proj
pruning layer 12 name mlp.gate_proj
pruning layer 12 name mlp.down_proj
pruning layer 12 name mlp.up_proj
pruning layer 13 name self_attn.q_proj
pruning layer 13 name self_attn.k_proj
pruning layer 13 name self_attn.v_proj
pruning layer 13 name self_attn.o_proj
pruning layer 13 name mlp.gate_proj
pruning layer 13 name mlp.down_proj
pruning layer 13 name mlp.up_proj
pruning layer 14 name self_attn.q_proj
pruning layer 14 name self_attn.k_proj
pruning layer 14 name self_attn.v_proj
pruning layer 14 name self_attn.o_proj
pruning layer 14 name mlp.gate_proj
pruning layer 14 name mlp.down_proj
pruning layer 14 name mlp.up_proj
pruning layer 15 name self_attn.q_proj
pruning layer 15 name self_attn.k_proj
pruning layer 15 name self_attn.v_proj
pruning layer 15 name self_attn.o_proj
pruning layer 15 name mlp.gate_proj
pruning layer 15 name mlp.down_proj
pruning layer 15 name mlp.up_proj
pruning layer 16 name self_attn.q_proj
pruning layer 16 name self_attn.k_proj
pruning layer 16 name self_attn.v_proj
pruning layer 16 name self_attn.o_proj
pruning layer 16 name mlp.gate_proj
pruning layer 16 name mlp.down_proj
pruning layer 16 name mlp.up_proj
pruning layer 17 name self_attn.q_proj
pruning layer 17 name self_attn.k_proj
pruning layer 17 name self_attn.v_proj
pruning layer 17 name self_attn.o_proj
pruning layer 17 name mlp.gate_proj
pruning layer 17 name mlp.down_proj
pruning layer 17 name mlp.up_proj
pruning layer 18 name self_attn.q_proj
pruning layer 18 name self_attn.k_proj
pruning layer 18 name self_attn.v_proj
pruning layer 18 name self_attn.o_proj
pruning layer 18 name mlp.gate_proj
pruning layer 18 name mlp.down_proj
pruning layer 18 name mlp.up_proj
pruning layer 19 name self_attn.q_proj
pruning layer 19 name self_attn.k_proj
pruning layer 19 name self_attn.v_proj
pruning layer 19 name self_attn.o_proj
pruning layer 19 name mlp.gate_proj
pruning layer 19 name mlp.down_proj
pruning layer 19 name mlp.up_proj
pruning layer 20 name self_attn.q_proj
pruning layer 20 name self_attn.k_proj
pruning layer 20 name self_attn.v_proj
pruning layer 20 name self_attn.o_proj
pruning layer 20 name mlp.gate_proj
pruning layer 20 name mlp.down_proj
pruning layer 20 name mlp.up_proj
pruning layer 21 name self_attn.q_proj
pruning layer 21 name self_attn.k_proj
pruning layer 21 name self_attn.v_proj
pruning layer 21 name self_attn.o_proj
pruning layer 21 name mlp.gate_proj
pruning layer 21 name mlp.down_proj
pruning layer 21 name mlp.up_proj
pruning layer 22 name self_attn.q_proj
pruning layer 22 name self_attn.k_proj
pruning layer 22 name self_attn.v_proj
pruning layer 22 name self_attn.o_proj
pruning layer 22 name mlp.gate_proj
pruning layer 22 name mlp.down_proj
pruning layer 22 name mlp.up_proj
pruning layer 23 name self_attn.q_proj
pruning layer 23 name self_attn.k_proj
pruning layer 23 name self_attn.v_proj
pruning layer 23 name self_attn.o_proj
pruning layer 23 name mlp.gate_proj
pruning layer 23 name mlp.down_proj
pruning layer 23 name mlp.up_proj
pruning layer 24 name self_attn.q_proj
pruning layer 24 name self_attn.k_proj
pruning layer 24 name self_attn.v_proj
pruning layer 24 name self_attn.o_proj
pruning layer 24 name mlp.gate_proj
pruning layer 24 name mlp.down_proj
pruning layer 24 name mlp.up_proj
pruning layer 25 name self_attn.q_proj
pruning layer 25 name self_attn.k_proj
pruning layer 25 name self_attn.v_proj
pruning layer 25 name self_attn.o_proj
pruning layer 25 name mlp.gate_proj
pruning layer 25 name mlp.down_proj
pruning layer 25 name mlp.up_proj
pruning layer 26 name self_attn.q_proj
pruning layer 26 name self_attn.k_proj
pruning layer 26 name self_attn.v_proj
pruning layer 26 name self_attn.o_proj
pruning layer 26 name mlp.gate_proj
pruning layer 26 name mlp.down_proj
pruning layer 26 name mlp.up_proj
pruning layer 27 name self_attn.q_proj
pruning layer 27 name self_attn.k_proj
pruning layer 27 name self_attn.v_proj
pruning layer 27 name self_attn.o_proj
pruning layer 27 name mlp.gate_proj
pruning layer 27 name mlp.down_proj
pruning layer 27 name mlp.up_proj
pruning layer 28 name self_attn.q_proj
pruning layer 28 name self_attn.k_proj
pruning layer 28 name self_attn.v_proj
pruning layer 28 name self_attn.o_proj
pruning layer 28 name mlp.gate_proj
pruning layer 28 name mlp.down_proj
pruning layer 28 name mlp.up_proj
pruning layer 29 name self_attn.q_proj
pruning layer 29 name self_attn.k_proj
pruning layer 29 name self_attn.v_proj
pruning layer 29 name self_attn.o_proj
pruning layer 29 name mlp.gate_proj
pruning layer 29 name mlp.down_proj
pruning layer 29 name mlp.up_proj
pruning layer 30 name self_attn.q_proj
pruning layer 30 name self_attn.k_proj
pruning layer 30 name self_attn.v_proj
pruning layer 30 name self_attn.o_proj
pruning layer 30 name mlp.gate_proj
pruning layer 30 name mlp.down_proj
pruning layer 30 name mlp.up_proj
pruning layer 31 name self_attn.q_proj
pruning layer 31 name self_attn.k_proj
pruning layer 31 name self_attn.v_proj
pruning layer 31 name self_attn.o_proj
pruning layer 31 name mlp.gate_proj
pruning layer 31 name mlp.down_proj
pruning layer 31 name mlp.up_proj
******************************
layer 0 sparsity 0.672857
layer 1 sparsity 0.654557
layer 2 sparsity 0.646014
layer 3 sparsity 0.596695
layer 4 sparsity 0.645513
layer 5 sparsity 0.656981
layer 6 sparsity 0.637951
layer 7 sparsity 0.646264
layer 8 sparsity 0.660386
layer 9 sparsity 0.663832
layer 10 sparsity 0.664814
layer 11 sparsity 0.667278
layer 12 sparsity 0.669682
layer 13 sparsity 0.679938
layer 14 sparsity 0.686058
layer 15 sparsity 0.701933
layer 16 sparsity 0.713381
layer 17 sparsity 0.720733
layer 18 sparsity 0.727314
layer 19 sparsity 0.733434
layer 20 sparsity 0.738301
layer 21 sparsity 0.738051
layer 22 sparsity 0.740996
layer 23 sparsity 0.741456
layer 24 sparsity 0.745153
layer 25 sparsity 0.741497
layer 26 sparsity 0.748328
layer 27 sparsity 0.751232
layer 28 sparsity 0.752234
layer 29 sparsity 0.756831
layer 30 sparsity 0.752694
layer 31 sparsity 0.744171
sparsity sanity check 0.6999
******************************
evaluating on wikitext2
nsamples 166
sample 0
sample 50
sample 100
sample 150
begin calcualte ppl
[TIME] this run took 441.40 seconds (7.36 min)
[RESULT] final ppl on wikitext = 30.6250
===== 1|0.01|0.5|exponential|0.019|0.2|False | 440s | exit=0 =====
/home/xiaokang/miniconda3/envs/prune_llm/lib/python3.9/site-packages/torch/torch_version.py:3: UserWarning: pkg_resources is deprecated as an API. See https://setuptools.pypa.io/en/latest/pkg_resources.html. The pkg_resources package is slated for removal as early as 2025-11-30. Refrain from using this package or pin to Setuptools<81.
  from pkg_resources import packaging  # type: ignore[attr-defined]
[DEBUG] running: /home/xiaokang/OWL/OWL-version2/risk-prune/main.py
[DEBUG] HF_ENDPOINT env: None
[DEBUG] HfApi endpoint: https://huggingface.co
# of gpus:  1
[DEBUG] Parsed args:
  nsamples               = 32
  risk_k                 = 1
  risk_probe             = 0.01
  risk_decay             = 0.5
  risk_decay_type        = exponential
  risk_decay_beta        = 0.019
  risk_alpha             = 0.2
  consider_current_layer_in_risk = True
Loading checkpoint shards:   0%|          | 0/2 [00:00<?, ?it/s]Loading checkpoint shards:  50%|█████     | 1/2 [00:03<00:03,  3.31s/it]Loading checkpoint shards: 100%|██████████| 2/2 [00:04<00:00,  2.10s/it]Loading checkpoint shards: 100%|██████████| 2/2 [00:04<00:00,  2.28s/it]
use device  cuda:0
target sparsity 0.7
pruning starts
loading calibration data
dataset loading complete
after adjustment [0.32958993 0.35201764 0.3531447  0.40285856 0.35389492 0.34238687
 0.3616122  0.35324785 0.33922172 0.33577734 0.33478847 0.33232886
 0.33001202 0.31973645 0.31355914 0.29771018 0.28634277 0.27885374
 0.27234805 0.26612282 0.26138875 0.2615431  0.25859636 0.2582925
 0.25443995 0.25821882 0.2513008  0.24841619 0.2473247  0.24285854
 0.24818015 0.25388646] mean 0.3 max 0.40285856 min 0.24285854
pruning layer 0 name self_attn.q_proj
pruning layer 0 name self_attn.k_proj
pruning layer 0 name self_attn.v_proj
pruning layer 0 name self_attn.o_proj
pruning layer 0 name mlp.gate_proj
pruning layer 0 name mlp.down_proj
pruning layer 0 name mlp.up_proj
pruning layer 1 name self_attn.q_proj
pruning layer 1 name self_attn.k_proj
pruning layer 1 name self_attn.v_proj
pruning layer 1 name self_attn.o_proj
pruning layer 1 name mlp.gate_proj
pruning layer 1 name mlp.down_proj
pruning layer 1 name mlp.up_proj
pruning layer 2 name self_attn.q_proj
pruning layer 2 name self_attn.k_proj
pruning layer 2 name self_attn.v_proj
pruning layer 2 name self_attn.o_proj
pruning layer 2 name mlp.gate_proj
pruning layer 2 name mlp.down_proj
pruning layer 2 name mlp.up_proj
pruning layer 3 name self_attn.q_proj
pruning layer 3 name self_attn.k_proj
pruning layer 3 name self_attn.v_proj
pruning layer 3 name self_attn.o_proj
pruning layer 3 name mlp.gate_proj
pruning layer 3 name mlp.down_proj
pruning layer 3 name mlp.up_proj
pruning layer 4 name self_attn.q_proj
pruning layer 4 name self_attn.k_proj
pruning layer 4 name self_attn.v_proj
pruning layer 4 name self_attn.o_proj
pruning layer 4 name mlp.gate_proj
pruning layer 4 name mlp.down_proj
pruning layer 4 name mlp.up_proj
pruning layer 5 name self_attn.q_proj
pruning layer 5 name self_attn.k_proj
pruning layer 5 name self_attn.v_proj
pruning layer 5 name self_attn.o_proj
pruning layer 5 name mlp.gate_proj
pruning layer 5 name mlp.down_proj
pruning layer 5 name mlp.up_proj
pruning layer 6 name self_attn.q_proj
pruning layer 6 name self_attn.k_proj
pruning layer 6 name self_attn.v_proj
pruning layer 6 name self_attn.o_proj
pruning layer 6 name mlp.gate_proj
pruning layer 6 name mlp.down_proj
pruning layer 6 name mlp.up_proj
pruning layer 7 name self_attn.q_proj
pruning layer 7 name self_attn.k_proj
pruning layer 7 name self_attn.v_proj
pruning layer 7 name self_attn.o_proj
pruning layer 7 name mlp.gate_proj
pruning layer 7 name mlp.down_proj
pruning layer 7 name mlp.up_proj
pruning layer 8 name self_attn.q_proj
pruning layer 8 name self_attn.k_proj
pruning layer 8 name self_attn.v_proj
pruning layer 8 name self_attn.o_proj
pruning layer 8 name mlp.gate_proj
pruning layer 8 name mlp.down_proj
pruning layer 8 name mlp.up_proj
pruning layer 9 name self_attn.q_proj
pruning layer 9 name self_attn.k_proj
pruning layer 9 name self_attn.v_proj
pruning layer 9 name self_attn.o_proj
pruning layer 9 name mlp.gate_proj
pruning layer 9 name mlp.down_proj
pruning layer 9 name mlp.up_proj
pruning layer 10 name self_attn.q_proj
pruning layer 10 name self_attn.k_proj
pruning layer 10 name self_attn.v_proj
pruning layer 10 name self_attn.o_proj
pruning layer 10 name mlp.gate_proj
pruning layer 10 name mlp.down_proj
pruning layer 10 name mlp.up_proj
pruning layer 11 name self_attn.q_proj
pruning layer 11 name self_attn.k_proj
pruning layer 11 name self_attn.v_proj
pruning layer 11 name self_attn.o_proj
pruning layer 11 name mlp.gate_proj
pruning layer 11 name mlp.down_proj
pruning layer 11 name mlp.up_proj
pruning layer 12 name self_attn.q_proj
pruning layer 12 name self_attn.k_proj
pruning layer 12 name self_attn.v_proj
pruning layer 12 name self_attn.o_proj
pruning layer 12 name mlp.gate_proj
pruning layer 12 name mlp.down_proj
pruning layer 12 name mlp.up_proj
pruning layer 13 name self_attn.q_proj
pruning layer 13 name self_attn.k_proj
pruning layer 13 name self_attn.v_proj
pruning layer 13 name self_attn.o_proj
pruning layer 13 name mlp.gate_proj
pruning layer 13 name mlp.down_proj
pruning layer 13 name mlp.up_proj
pruning layer 14 name self_attn.q_proj
pruning layer 14 name self_attn.k_proj
pruning layer 14 name self_attn.v_proj
pruning layer 14 name self_attn.o_proj
pruning layer 14 name mlp.gate_proj
pruning layer 14 name mlp.down_proj
pruning layer 14 name mlp.up_proj
pruning layer 15 name self_attn.q_proj
pruning layer 15 name self_attn.k_proj
pruning layer 15 name self_attn.v_proj
pruning layer 15 name self_attn.o_proj
pruning layer 15 name mlp.gate_proj
pruning layer 15 name mlp.down_proj
pruning layer 15 name mlp.up_proj
pruning layer 16 name self_attn.q_proj
pruning layer 16 name self_attn.k_proj
pruning layer 16 name self_attn.v_proj
pruning layer 16 name self_attn.o_proj
pruning layer 16 name mlp.gate_proj
pruning layer 16 name mlp.down_proj
pruning layer 16 name mlp.up_proj
pruning layer 17 name self_attn.q_proj
pruning layer 17 name self_attn.k_proj
pruning layer 17 name self_attn.v_proj
pruning layer 17 name self_attn.o_proj
pruning layer 17 name mlp.gate_proj
pruning layer 17 name mlp.down_proj
pruning layer 17 name mlp.up_proj
pruning layer 18 name self_attn.q_proj
pruning layer 18 name self_attn.k_proj
pruning layer 18 name self_attn.v_proj
pruning layer 18 name self_attn.o_proj
pruning layer 18 name mlp.gate_proj
pruning layer 18 name mlp.down_proj
pruning layer 18 name mlp.up_proj
pruning layer 19 name self_attn.q_proj
pruning layer 19 name self_attn.k_proj
pruning layer 19 name self_attn.v_proj
pruning layer 19 name self_attn.o_proj
pruning layer 19 name mlp.gate_proj
pruning layer 19 name mlp.down_proj
pruning layer 19 name mlp.up_proj
pruning layer 20 name self_attn.q_proj
pruning layer 20 name self_attn.k_proj
pruning layer 20 name self_attn.v_proj
pruning layer 20 name self_attn.o_proj
pruning layer 20 name mlp.gate_proj
pruning layer 20 name mlp.down_proj
pruning layer 20 name mlp.up_proj
pruning layer 21 name self_attn.q_proj
pruning layer 21 name self_attn.k_proj
pruning layer 21 name self_attn.v_proj
pruning layer 21 name self_attn.o_proj
pruning layer 21 name mlp.gate_proj
pruning layer 21 name mlp.down_proj
pruning layer 21 name mlp.up_proj
pruning layer 22 name self_attn.q_proj
pruning layer 22 name self_attn.k_proj
pruning layer 22 name self_attn.v_proj
pruning layer 22 name self_attn.o_proj
pruning layer 22 name mlp.gate_proj
pruning layer 22 name mlp.down_proj
pruning layer 22 name mlp.up_proj
pruning layer 23 name self_attn.q_proj
pruning layer 23 name self_attn.k_proj
pruning layer 23 name self_attn.v_proj
pruning layer 23 name self_attn.o_proj
pruning layer 23 name mlp.gate_proj
pruning layer 23 name mlp.down_proj
pruning layer 23 name mlp.up_proj
pruning layer 24 name self_attn.q_proj
pruning layer 24 name self_attn.k_proj
pruning layer 24 name self_attn.v_proj
pruning layer 24 name self_attn.o_proj
pruning layer 24 name mlp.gate_proj
pruning layer 24 name mlp.down_proj
pruning layer 24 name mlp.up_proj
pruning layer 25 name self_attn.q_proj
pruning layer 25 name self_attn.k_proj
pruning layer 25 name self_attn.v_proj
pruning layer 25 name self_attn.o_proj
pruning layer 25 name mlp.gate_proj
pruning layer 25 name mlp.down_proj
pruning layer 25 name mlp.up_proj
pruning layer 26 name self_attn.q_proj
pruning layer 26 name self_attn.k_proj
pruning layer 26 name self_attn.v_proj
pruning layer 26 name self_attn.o_proj
pruning layer 26 name mlp.gate_proj
pruning layer 26 name mlp.down_proj
pruning layer 26 name mlp.up_proj
pruning layer 27 name self_attn.q_proj
pruning layer 27 name self_attn.k_proj
pruning layer 27 name self_attn.v_proj
pruning layer 27 name self_attn.o_proj
pruning layer 27 name mlp.gate_proj
pruning layer 27 name mlp.down_proj
pruning layer 27 name mlp.up_proj
pruning layer 28 name self_attn.q_proj
pruning layer 28 name self_attn.k_proj
pruning layer 28 name self_attn.v_proj
pruning layer 28 name self_attn.o_proj
pruning layer 28 name mlp.gate_proj
pruning layer 28 name mlp.down_proj
pruning layer 28 name mlp.up_proj
pruning layer 29 name self_attn.q_proj
pruning layer 29 name self_attn.k_proj
pruning layer 29 name self_attn.v_proj
pruning layer 29 name self_attn.o_proj
pruning layer 29 name mlp.gate_proj
pruning layer 29 name mlp.down_proj
pruning layer 29 name mlp.up_proj
pruning layer 30 name self_attn.q_proj
pruning layer 30 name self_attn.k_proj
pruning layer 30 name self_attn.v_proj
pruning layer 30 name self_attn.o_proj
pruning layer 30 name mlp.gate_proj
pruning layer 30 name mlp.down_proj
pruning layer 30 name mlp.up_proj
pruning layer 31 name self_attn.q_proj
pruning layer 31 name self_attn.k_proj
pruning layer 31 name self_attn.v_proj
pruning layer 31 name self_attn.o_proj
pruning layer 31 name mlp.gate_proj
pruning layer 31 name mlp.down_proj
pruning layer 31 name mlp.up_proj
******************************
layer 0 sparsity 0.670203
layer 1 sparsity 0.647937
layer 2 sparsity 0.646745
layer 3 sparsity 0.596966
layer 4 sparsity 0.646014
layer 5 sparsity 0.657502
layer 6 sparsity 0.638222
layer 7 sparsity 0.646725
layer 8 sparsity 0.660657
layer 9 sparsity 0.664083
layer 10 sparsity 0.665064
layer 11 sparsity 0.667508
layer 12 sparsity 0.669932
layer 13 sparsity 0.680188
layer 14 sparsity 0.686308
layer 15 sparsity 0.702164
layer 16 sparsity 0.713612
layer 17 sparsity 0.720984
layer 18 sparsity 0.727544
layer 19 sparsity 0.733684
layer 20 sparsity 0.738532
layer 21 sparsity 0.738301
layer 22 sparsity 0.741246
layer 23 sparsity 0.741687
layer 24 sparsity 0.745403
layer 25 sparsity 0.741707
layer 26 sparsity 0.748558
layer 27 sparsity 0.751483
layer 28 sparsity 0.752484
layer 29 sparsity 0.757081
layer 30 sparsity 0.751733
layer 31 sparsity 0.746094
sparsity sanity check 0.6999
******************************
evaluating on wikitext2
nsamples 166
sample 0
sample 50
sample 100
sample 150
begin calcualte ppl
[TIME] this run took 436.88 seconds (7.28 min)
[RESULT] final ppl on wikitext = 30.4131
===== 1|0.01|0.5|exponential|0.019|0.2|True | 440s | exit=0 =====
/home/xiaokang/miniconda3/envs/prune_llm/lib/python3.9/site-packages/torch/torch_version.py:3: UserWarning: pkg_resources is deprecated as an API. See https://setuptools.pypa.io/en/latest/pkg_resources.html. The pkg_resources package is slated for removal as early as 2025-11-30. Refrain from using this package or pin to Setuptools<81.
  from pkg_resources import packaging  # type: ignore[attr-defined]
[DEBUG] running: /home/xiaokang/OWL/OWL-version2/risk-prune/main.py
[DEBUG] HF_ENDPOINT env: None
[DEBUG] HfApi endpoint: https://huggingface.co
# of gpus:  1
[DEBUG] Parsed args:
  nsamples               = 32
  risk_k                 = 1
  risk_probe             = 0.01
  risk_decay             = 0.5
  risk_decay_type        = exponential
  risk_decay_beta        = 0.019
  risk_alpha             = 0.2
  consider_current_layer_in_risk = True
Loading checkpoint shards:   0%|          | 0/2 [00:00<?, ?it/s]Loading checkpoint shards:  50%|█████     | 1/2 [00:03<00:03,  3.35s/it]Loading checkpoint shards: 100%|██████████| 2/2 [00:04<00:00,  2.13s/it]Loading checkpoint shards: 100%|██████████| 2/2 [00:04<00:00,  2.31s/it]
use device  cuda:0
target sparsity 0.7
pruning starts
loading calibration data
dataset loading complete
after adjustment [0.32958993 0.35201764 0.3531447  0.40285856 0.35389492 0.34238687
 0.3616122  0.35324785 0.33922172 0.33577734 0.33478847 0.33232886
 0.33001202 0.31973645 0.31355914 0.29771018 0.28634277 0.27885374
 0.27234805 0.26612282 0.26138875 0.2615431  0.25859636 0.2582925
 0.25443995 0.25821882 0.2513008  0.24841619 0.2473247  0.24285854
 0.24818015 0.25388646] mean 0.3 max 0.40285856 min 0.24285854
pruning layer 0 name self_attn.q_proj
pruning layer 0 name self_attn.k_proj
pruning layer 0 name self_attn.v_proj
pruning layer 0 name self_attn.o_proj
pruning layer 0 name mlp.gate_proj
pruning layer 0 name mlp.down_proj
pruning layer 0 name mlp.up_proj
pruning layer 1 name self_attn.q_proj
pruning layer 1 name self_attn.k_proj
pruning layer 1 name self_attn.v_proj
pruning layer 1 name self_attn.o_proj
pruning layer 1 name mlp.gate_proj
pruning layer 1 name mlp.down_proj
pruning layer 1 name mlp.up_proj
pruning layer 2 name self_attn.q_proj
pruning layer 2 name self_attn.k_proj
pruning layer 2 name self_attn.v_proj
pruning layer 2 name self_attn.o_proj
pruning layer 2 name mlp.gate_proj
pruning layer 2 name mlp.down_proj
pruning layer 2 name mlp.up_proj
pruning layer 3 name self_attn.q_proj
pruning layer 3 name self_attn.k_proj
pruning layer 3 name self_attn.v_proj
pruning layer 3 name self_attn.o_proj
pruning layer 3 name mlp.gate_proj
pruning layer 3 name mlp.down_proj
pruning layer 3 name mlp.up_proj
pruning layer 4 name self_attn.q_proj
pruning layer 4 name self_attn.k_proj
pruning layer 4 name self_attn.v_proj
pruning layer 4 name self_attn.o_proj
pruning layer 4 name mlp.gate_proj
pruning layer 4 name mlp.down_proj
pruning layer 4 name mlp.up_proj
pruning layer 5 name self_attn.q_proj
pruning layer 5 name self_attn.k_proj
pruning layer 5 name self_attn.v_proj
pruning layer 5 name self_attn.o_proj
pruning layer 5 name mlp.gate_proj
pruning layer 5 name mlp.down_proj
pruning layer 5 name mlp.up_proj
pruning layer 6 name self_attn.q_proj
pruning layer 6 name self_attn.k_proj
pruning layer 6 name self_attn.v_proj
pruning layer 6 name self_attn.o_proj
pruning layer 6 name mlp.gate_proj
pruning layer 6 name mlp.down_proj
pruning layer 6 name mlp.up_proj
pruning layer 7 name self_attn.q_proj
pruning layer 7 name self_attn.k_proj
pruning layer 7 name self_attn.v_proj
pruning layer 7 name self_attn.o_proj
pruning layer 7 name mlp.gate_proj
pruning layer 7 name mlp.down_proj
pruning layer 7 name mlp.up_proj
pruning layer 8 name self_attn.q_proj
pruning layer 8 name self_attn.k_proj
pruning layer 8 name self_attn.v_proj
pruning layer 8 name self_attn.o_proj
pruning layer 8 name mlp.gate_proj
pruning layer 8 name mlp.down_proj
pruning layer 8 name mlp.up_proj
pruning layer 9 name self_attn.q_proj
pruning layer 9 name self_attn.k_proj
pruning layer 9 name self_attn.v_proj
pruning layer 9 name self_attn.o_proj
pruning layer 9 name mlp.gate_proj
pruning layer 9 name mlp.down_proj
pruning layer 9 name mlp.up_proj
pruning layer 10 name self_attn.q_proj
pruning layer 10 name self_attn.k_proj
pruning layer 10 name self_attn.v_proj
pruning layer 10 name self_attn.o_proj
pruning layer 10 name mlp.gate_proj
pruning layer 10 name mlp.down_proj
pruning layer 10 name mlp.up_proj
pruning layer 11 name self_attn.q_proj
pruning layer 11 name self_attn.k_proj
pruning layer 11 name self_attn.v_proj
pruning layer 11 name self_attn.o_proj
pruning layer 11 name mlp.gate_proj
pruning layer 11 name mlp.down_proj
pruning layer 11 name mlp.up_proj
pruning layer 12 name self_attn.q_proj
pruning layer 12 name self_attn.k_proj
pruning layer 12 name self_attn.v_proj
pruning layer 12 name self_attn.o_proj
pruning layer 12 name mlp.gate_proj
pruning layer 12 name mlp.down_proj
pruning layer 12 name mlp.up_proj
pruning layer 13 name self_attn.q_proj
pruning layer 13 name self_attn.k_proj
pruning layer 13 name self_attn.v_proj
pruning layer 13 name self_attn.o_proj
pruning layer 13 name mlp.gate_proj
pruning layer 13 name mlp.down_proj
pruning layer 13 name mlp.up_proj
pruning layer 14 name self_attn.q_proj
pruning layer 14 name self_attn.k_proj
pruning layer 14 name self_attn.v_proj
pruning layer 14 name self_attn.o_proj
pruning layer 14 name mlp.gate_proj
pruning layer 14 name mlp.down_proj
pruning layer 14 name mlp.up_proj
pruning layer 15 name self_attn.q_proj
pruning layer 15 name self_attn.k_proj
pruning layer 15 name self_attn.v_proj
pruning layer 15 name self_attn.o_proj
pruning layer 15 name mlp.gate_proj
pruning layer 15 name mlp.down_proj
pruning layer 15 name mlp.up_proj
pruning layer 16 name self_attn.q_proj
pruning layer 16 name self_attn.k_proj
pruning layer 16 name self_attn.v_proj
pruning layer 16 name self_attn.o_proj
pruning layer 16 name mlp.gate_proj
pruning layer 16 name mlp.down_proj
pruning layer 16 name mlp.up_proj
pruning layer 17 name self_attn.q_proj
pruning layer 17 name self_attn.k_proj
pruning layer 17 name self_attn.v_proj
pruning layer 17 name self_attn.o_proj
pruning layer 17 name mlp.gate_proj
pruning layer 17 name mlp.down_proj
pruning layer 17 name mlp.up_proj
pruning layer 18 name self_attn.q_proj
pruning layer 18 name self_attn.k_proj
pruning layer 18 name self_attn.v_proj
pruning layer 18 name self_attn.o_proj
pruning layer 18 name mlp.gate_proj
pruning layer 18 name mlp.down_proj
pruning layer 18 name mlp.up_proj
pruning layer 19 name self_attn.q_proj
pruning layer 19 name self_attn.k_proj
pruning layer 19 name self_attn.v_proj
pruning layer 19 name self_attn.o_proj
pruning layer 19 name mlp.gate_proj
pruning layer 19 name mlp.down_proj
pruning layer 19 name mlp.up_proj
pruning layer 20 name self_attn.q_proj
pruning layer 20 name self_attn.k_proj
pruning layer 20 name self_attn.v_proj
pruning layer 20 name self_attn.o_proj
pruning layer 20 name mlp.gate_proj
pruning layer 20 name mlp.down_proj
pruning layer 20 name mlp.up_proj
pruning layer 21 name self_attn.q_proj
pruning layer 21 name self_attn.k_proj
pruning layer 21 name self_attn.v_proj
pruning layer 21 name self_attn.o_proj
pruning layer 21 name mlp.gate_proj
pruning layer 21 name mlp.down_proj
pruning layer 21 name mlp.up_proj
pruning layer 22 name self_attn.q_proj
pruning layer 22 name self_attn.k_proj
pruning layer 22 name self_attn.v_proj
pruning layer 22 name self_attn.o_proj
pruning layer 22 name mlp.gate_proj
pruning layer 22 name mlp.down_proj
pruning layer 22 name mlp.up_proj
pruning layer 23 name self_attn.q_proj
pruning layer 23 name self_attn.k_proj
pruning layer 23 name self_attn.v_proj
pruning layer 23 name self_attn.o_proj
pruning layer 23 name mlp.gate_proj
pruning layer 23 name mlp.down_proj
pruning layer 23 name mlp.up_proj
pruning layer 24 name self_attn.q_proj
pruning layer 24 name self_attn.k_proj
pruning layer 24 name self_attn.v_proj
pruning layer 24 name self_attn.o_proj
pruning layer 24 name mlp.gate_proj
pruning layer 24 name mlp.down_proj
pruning layer 24 name mlp.up_proj
pruning layer 25 name self_attn.q_proj
pruning layer 25 name self_attn.k_proj
pruning layer 25 name self_attn.v_proj
pruning layer 25 name self_attn.o_proj
pruning layer 25 name mlp.gate_proj
pruning layer 25 name mlp.down_proj
pruning layer 25 name mlp.up_proj
pruning layer 26 name self_attn.q_proj
pruning layer 26 name self_attn.k_proj
pruning layer 26 name self_attn.v_proj
pruning layer 26 name self_attn.o_proj
pruning layer 26 name mlp.gate_proj
pruning layer 26 name mlp.down_proj
pruning layer 26 name mlp.up_proj
pruning layer 27 name self_attn.q_proj
pruning layer 27 name self_attn.k_proj
pruning layer 27 name self_attn.v_proj
pruning layer 27 name self_attn.o_proj
pruning layer 27 name mlp.gate_proj
pruning layer 27 name mlp.down_proj
pruning layer 27 name mlp.up_proj
pruning layer 28 name self_attn.q_proj
pruning layer 28 name self_attn.k_proj
pruning layer 28 name self_attn.v_proj
pruning layer 28 name self_attn.o_proj
pruning layer 28 name mlp.gate_proj
pruning layer 28 name mlp.down_proj
pruning layer 28 name mlp.up_proj
pruning layer 29 name self_attn.q_proj
pruning layer 29 name self_attn.k_proj
pruning layer 29 name self_attn.v_proj
pruning layer 29 name self_attn.o_proj
pruning layer 29 name mlp.gate_proj
pruning layer 29 name mlp.down_proj
pruning layer 29 name mlp.up_proj
pruning layer 30 name self_attn.q_proj
pruning layer 30 name self_attn.k_proj
pruning layer 30 name self_attn.v_proj
pruning layer 30 name self_attn.o_proj
pruning layer 30 name mlp.gate_proj
pruning layer 30 name mlp.down_proj
pruning layer 30 name mlp.up_proj
pruning layer 31 name self_attn.q_proj
pruning layer 31 name self_attn.k_proj
pruning layer 31 name self_attn.v_proj
pruning layer 31 name self_attn.o_proj
pruning layer 31 name mlp.gate_proj
pruning layer 31 name mlp.down_proj
pruning layer 31 name mlp.up_proj
******************************
layer 0 sparsity 0.670203
layer 1 sparsity 0.647937
layer 2 sparsity 0.646745
layer 3 sparsity 0.596966
layer 4 sparsity 0.646014
layer 5 sparsity 0.657502
layer 6 sparsity 0.638222
layer 7 sparsity 0.646725
layer 8 sparsity 0.660657
layer 9 sparsity 0.664083
layer 10 sparsity 0.665064
layer 11 sparsity 0.667508
layer 12 sparsity 0.669932
layer 13 sparsity 0.680188
layer 14 sparsity 0.686308
layer 15 sparsity 0.702164
layer 16 sparsity 0.713612
layer 17 sparsity 0.720984
layer 18 sparsity 0.727544
layer 19 sparsity 0.733684
layer 20 sparsity 0.738532
layer 21 sparsity 0.738301
layer 22 sparsity 0.741246
layer 23 sparsity 0.741687
layer 24 sparsity 0.745403
layer 25 sparsity 0.741707
layer 26 sparsity 0.748558
layer 27 sparsity 0.751483
layer 28 sparsity 0.752484
layer 29 sparsity 0.757081
layer 30 sparsity 0.751733
layer 31 sparsity 0.746094
sparsity sanity check 0.6999
******************************
evaluating on wikitext2
nsamples 166
sample 0
sample 50
sample 100
sample 150
begin calcualte ppl
[TIME] this run took 437.48 seconds (7.29 min)
[RESULT] final ppl on wikitext = 30.4131
===== 1|0.01|0.5|exponential|0.019|0.25|False | 443s | exit=0 =====
/home/xiaokang/miniconda3/envs/prune_llm/lib/python3.9/site-packages/torch/torch_version.py:3: UserWarning: pkg_resources is deprecated as an API. See https://setuptools.pypa.io/en/latest/pkg_resources.html. The pkg_resources package is slated for removal as early as 2025-11-30. Refrain from using this package or pin to Setuptools<81.
  from pkg_resources import packaging  # type: ignore[attr-defined]
[DEBUG] running: /home/xiaokang/OWL/OWL-version2/risk-prune/main.py
[DEBUG] HF_ENDPOINT env: None
[DEBUG] HfApi endpoint: https://huggingface.co
# of gpus:  1
[DEBUG] Parsed args:
  nsamples               = 32
  risk_k                 = 1
  risk_probe             = 0.01
  risk_decay             = 0.5
  risk_decay_type        = exponential
  risk_decay_beta        = 0.019
  risk_alpha             = 0.25
  consider_current_layer_in_risk = True
Loading checkpoint shards:   0%|          | 0/2 [00:00<?, ?it/s]Loading checkpoint shards:  50%|█████     | 1/2 [00:03<00:03,  3.39s/it]Loading checkpoint shards: 100%|██████████| 2/2 [00:04<00:00,  2.14s/it]Loading checkpoint shards: 100%|██████████| 2/2 [00:04<00:00,  2.32s/it]
use device  cuda:0
target sparsity 0.7
pruning starts
loading calibration data
dataset loading complete
after adjustment [0.33248317 0.35974663 0.35228512 0.40250945 0.353249   0.34171396
 0.36117813 0.35283303 0.33879372 0.33539835 0.33447    0.3320549
 0.32977468 0.3194371  0.31330344 0.2974399  0.2861223  0.2785144
 0.27204227 0.26579833 0.26111683 0.2612246  0.25833556 0.25804698
 0.25415277 0.25806537 0.25110978 0.24813733 0.2470479  0.24250945
 0.24925166 0.2518543 ] mean 0.3 max 0.40250945 min 0.24250945
pruning layer 0 name self_attn.q_proj
pruning layer 0 name self_attn.k_proj
pruning layer 0 name self_attn.v_proj
pruning layer 0 name self_attn.o_proj
pruning layer 0 name mlp.gate_proj
pruning layer 0 name mlp.down_proj
pruning layer 0 name mlp.up_proj
pruning layer 1 name self_attn.q_proj
pruning layer 1 name self_attn.k_proj
pruning layer 1 name self_attn.v_proj
pruning layer 1 name self_attn.o_proj
pruning layer 1 name mlp.gate_proj
pruning layer 1 name mlp.down_proj
pruning layer 1 name mlp.up_proj
pruning layer 2 name self_attn.q_proj
pruning layer 2 name self_attn.k_proj
pruning layer 2 name self_attn.v_proj
pruning layer 2 name self_attn.o_proj
pruning layer 2 name mlp.gate_proj
pruning layer 2 name mlp.down_proj
pruning layer 2 name mlp.up_proj
pruning layer 3 name self_attn.q_proj
pruning layer 3 name self_attn.k_proj
pruning layer 3 name self_attn.v_proj
pruning layer 3 name self_attn.o_proj
pruning layer 3 name mlp.gate_proj
pruning layer 3 name mlp.down_proj
pruning layer 3 name mlp.up_proj
pruning layer 4 name self_attn.q_proj
pruning layer 4 name self_attn.k_proj
pruning layer 4 name self_attn.v_proj
pruning layer 4 name self_attn.o_proj
pruning layer 4 name mlp.gate_proj
pruning layer 4 name mlp.down_proj
pruning layer 4 name mlp.up_proj
pruning layer 5 name self_attn.q_proj
pruning layer 5 name self_attn.k_proj
pruning layer 5 name self_attn.v_proj
pruning layer 5 name self_attn.o_proj
pruning layer 5 name mlp.gate_proj
pruning layer 5 name mlp.down_proj
pruning layer 5 name mlp.up_proj
pruning layer 6 name self_attn.q_proj
pruning layer 6 name self_attn.k_proj
pruning layer 6 name self_attn.v_proj
pruning layer 6 name self_attn.o_proj
pruning layer 6 name mlp.gate_proj
pruning layer 6 name mlp.down_proj
pruning layer 6 name mlp.up_proj
pruning layer 7 name self_attn.q_proj
pruning layer 7 name self_attn.k_proj
pruning layer 7 name self_attn.v_proj
pruning layer 7 name self_attn.o_proj
pruning layer 7 name mlp.gate_proj
pruning layer 7 name mlp.down_proj
pruning layer 7 name mlp.up_proj
pruning layer 8 name self_attn.q_proj
pruning layer 8 name self_attn.k_proj
pruning layer 8 name self_attn.v_proj
pruning layer 8 name self_attn.o_proj
pruning layer 8 name mlp.gate_proj
pruning layer 8 name mlp.down_proj
pruning layer 8 name mlp.up_proj
pruning layer 9 name self_attn.q_proj
pruning layer 9 name self_attn.k_proj
pruning layer 9 name self_attn.v_proj
pruning layer 9 name self_attn.o_proj
pruning layer 9 name mlp.gate_proj
pruning layer 9 name mlp.down_proj
pruning layer 9 name mlp.up_proj
pruning layer 10 name self_attn.q_proj
pruning layer 10 name self_attn.k_proj
pruning layer 10 name self_attn.v_proj
pruning layer 10 name self_attn.o_proj
pruning layer 10 name mlp.gate_proj
pruning layer 10 name mlp.down_proj
pruning layer 10 name mlp.up_proj
pruning layer 11 name self_attn.q_proj
pruning layer 11 name self_attn.k_proj
pruning layer 11 name self_attn.v_proj
pruning layer 11 name self_attn.o_proj
pruning layer 11 name mlp.gate_proj
pruning layer 11 name mlp.down_proj
pruning layer 11 name mlp.up_proj
pruning layer 12 name self_attn.q_proj
pruning layer 12 name self_attn.k_proj
pruning layer 12 name self_attn.v_proj
pruning layer 12 name self_attn.o_proj
pruning layer 12 name mlp.gate_proj
pruning layer 12 name mlp.down_proj
pruning layer 12 name mlp.up_proj
pruning layer 13 name self_attn.q_proj
pruning layer 13 name self_attn.k_proj
pruning layer 13 name self_attn.v_proj
pruning layer 13 name self_attn.o_proj
pruning layer 13 name mlp.gate_proj
pruning layer 13 name mlp.down_proj
pruning layer 13 name mlp.up_proj
pruning layer 14 name self_attn.q_proj
pruning layer 14 name self_attn.k_proj
pruning layer 14 name self_attn.v_proj
pruning layer 14 name self_attn.o_proj
pruning layer 14 name mlp.gate_proj
pruning layer 14 name mlp.down_proj
pruning layer 14 name mlp.up_proj
pruning layer 15 name self_attn.q_proj
pruning layer 15 name self_attn.k_proj
pruning layer 15 name self_attn.v_proj
pruning layer 15 name self_attn.o_proj
pruning layer 15 name mlp.gate_proj
pruning layer 15 name mlp.down_proj
pruning layer 15 name mlp.up_proj
pruning layer 16 name self_attn.q_proj
pruning layer 16 name self_attn.k_proj
pruning layer 16 name self_attn.v_proj
pruning layer 16 name self_attn.o_proj
pruning layer 16 name mlp.gate_proj
pruning layer 16 name mlp.down_proj
pruning layer 16 name mlp.up_proj
pruning layer 17 name self_attn.q_proj
pruning layer 17 name self_attn.k_proj
pruning layer 17 name self_attn.v_proj
pruning layer 17 name self_attn.o_proj
pruning layer 17 name mlp.gate_proj
pruning layer 17 name mlp.down_proj
pruning layer 17 name mlp.up_proj
pruning layer 18 name self_attn.q_proj
pruning layer 18 name self_attn.k_proj
pruning layer 18 name self_attn.v_proj
pruning layer 18 name self_attn.o_proj
pruning layer 18 name mlp.gate_proj
pruning layer 18 name mlp.down_proj
pruning layer 18 name mlp.up_proj
pruning layer 19 name self_attn.q_proj
pruning layer 19 name self_attn.k_proj
pruning layer 19 name self_attn.v_proj
pruning layer 19 name self_attn.o_proj
pruning layer 19 name mlp.gate_proj
pruning layer 19 name mlp.down_proj
pruning layer 19 name mlp.up_proj
pruning layer 20 name self_attn.q_proj
pruning layer 20 name self_attn.k_proj
pruning layer 20 name self_attn.v_proj
pruning layer 20 name self_attn.o_proj
pruning layer 20 name mlp.gate_proj
pruning layer 20 name mlp.down_proj
pruning layer 20 name mlp.up_proj
pruning layer 21 name self_attn.q_proj
pruning layer 21 name self_attn.k_proj
pruning layer 21 name self_attn.v_proj
pruning layer 21 name self_attn.o_proj
pruning layer 21 name mlp.gate_proj
pruning layer 21 name mlp.down_proj
pruning layer 21 name mlp.up_proj
pruning layer 22 name self_attn.q_proj
pruning layer 22 name self_attn.k_proj
pruning layer 22 name self_attn.v_proj
pruning layer 22 name self_attn.o_proj
pruning layer 22 name mlp.gate_proj
pruning layer 22 name mlp.down_proj
pruning layer 22 name mlp.up_proj
pruning layer 23 name self_attn.q_proj
pruning layer 23 name self_attn.k_proj
pruning layer 23 name self_attn.v_proj
pruning layer 23 name self_attn.o_proj
pruning layer 23 name mlp.gate_proj
pruning layer 23 name mlp.down_proj
pruning layer 23 name mlp.up_proj
pruning layer 24 name self_attn.q_proj
pruning layer 24 name self_attn.k_proj
pruning layer 24 name self_attn.v_proj
pruning layer 24 name self_attn.o_proj
pruning layer 24 name mlp.gate_proj
pruning layer 24 name mlp.down_proj
pruning layer 24 name mlp.up_proj
pruning layer 25 name self_attn.q_proj
pruning layer 25 name self_attn.k_proj
pruning layer 25 name self_attn.v_proj
pruning layer 25 name self_attn.o_proj
pruning layer 25 name mlp.gate_proj
pruning layer 25 name mlp.down_proj
pruning layer 25 name mlp.up_proj
pruning layer 26 name self_attn.q_proj
pruning layer 26 name self_attn.k_proj
pruning layer 26 name self_attn.v_proj
pruning layer 26 name self_attn.o_proj
pruning layer 26 name mlp.gate_proj
pruning layer 26 name mlp.down_proj
pruning layer 26 name mlp.up_proj
pruning layer 27 name self_attn.q_proj
pruning layer 27 name self_attn.k_proj
pruning layer 27 name self_attn.v_proj
pruning layer 27 name self_attn.o_proj
pruning layer 27 name mlp.gate_proj
pruning layer 27 name mlp.down_proj
pruning layer 27 name mlp.up_proj
pruning layer 28 name self_attn.q_proj
pruning layer 28 name self_attn.k_proj
pruning layer 28 name self_attn.v_proj
pruning layer 28 name self_attn.o_proj
pruning layer 28 name mlp.gate_proj
pruning layer 28 name mlp.down_proj
pruning layer 28 name mlp.up_proj
pruning layer 29 name self_attn.q_proj
pruning layer 29 name self_attn.k_proj
pruning layer 29 name self_attn.v_proj
pruning layer 29 name self_attn.o_proj
pruning layer 29 name mlp.gate_proj
pruning layer 29 name mlp.down_proj
pruning layer 29 name mlp.up_proj
pruning layer 30 name self_attn.q_proj
pruning layer 30 name self_attn.k_proj
pruning layer 30 name self_attn.v_proj
pruning layer 30 name self_attn.o_proj
pruning layer 30 name mlp.gate_proj
pruning layer 30 name mlp.down_proj
pruning layer 30 name mlp.up_proj
pruning layer 31 name self_attn.q_proj
pruning layer 31 name self_attn.k_proj
pruning layer 31 name self_attn.v_proj
pruning layer 31 name self_attn.o_proj
pruning layer 31 name mlp.gate_proj
pruning layer 31 name mlp.down_proj
pruning layer 31 name mlp.up_proj
******************************
layer 0 sparsity 0.667488
layer 1 sparsity 0.640144
layer 2 sparsity 0.647706
layer 3 sparsity 0.597426
layer 4 sparsity 0.646725
layer 5 sparsity 0.658213
layer 6 sparsity 0.638702
layer 7 sparsity 0.647016
layer 8 sparsity 0.661138
layer 9 sparsity 0.664543
layer 10 sparsity 0.665525
layer 11 sparsity 0.667759
layer 12 sparsity 0.670162
layer 13 sparsity 0.680439
layer 14 sparsity 0.686559
layer 15 sparsity 0.702414
layer 16 sparsity 0.713862
layer 17 sparsity 0.721444
layer 18 sparsity 0.727815
layer 19 sparsity 0.734145
layer 20 sparsity 0.738782
layer 21 sparsity 0.738762
layer 22 sparsity 0.741497
layer 23 sparsity 0.741937
layer 24 sparsity 0.745654
layer 25 sparsity 0.741747
layer 26 sparsity 0.748788
layer 27 sparsity 0.751733
layer 28 sparsity 0.752925
layer 29 sparsity 0.757352
layer 30 sparsity 0.750731
layer 31 sparsity 0.748057
sparsity sanity check 0.6999
******************************
evaluating on wikitext2
nsamples 166
sample 0
sample 50
sample 100
sample 150
begin calcualte ppl
[TIME] this run took 439.75 seconds (7.33 min)
[RESULT] final ppl on wikitext = 31.5447
===== 1|0.01|0.5|exponential|0.019|0.25|True | 439s | exit=0 =====
/home/xiaokang/miniconda3/envs/prune_llm/lib/python3.9/site-packages/torch/torch_version.py:3: UserWarning: pkg_resources is deprecated as an API. See https://setuptools.pypa.io/en/latest/pkg_resources.html. The pkg_resources package is slated for removal as early as 2025-11-30. Refrain from using this package or pin to Setuptools<81.
  from pkg_resources import packaging  # type: ignore[attr-defined]
[DEBUG] running: /home/xiaokang/OWL/OWL-version2/risk-prune/main.py
[DEBUG] HF_ENDPOINT env: None
[DEBUG] HfApi endpoint: https://huggingface.co
# of gpus:  1
[DEBUG] Parsed args:
  nsamples               = 32
  risk_k                 = 1
  risk_probe             = 0.01
  risk_decay             = 0.5
  risk_decay_type        = exponential
  risk_decay_beta        = 0.019
  risk_alpha             = 0.25
  consider_current_layer_in_risk = True
Loading checkpoint shards:   0%|          | 0/2 [00:00<?, ?it/s]Loading checkpoint shards:  50%|█████     | 1/2 [00:03<00:03,  3.31s/it]Loading checkpoint shards: 100%|██████████| 2/2 [00:04<00:00,  2.16s/it]Loading checkpoint shards: 100%|██████████| 2/2 [00:04<00:00,  2.33s/it]
use device  cuda:0
target sparsity 0.7
pruning starts
loading calibration data
dataset loading complete
after adjustment [0.33248317 0.35974663 0.35228512 0.40250945 0.353249   0.34171396
 0.36117813 0.35283303 0.33879372 0.33539835 0.33447    0.3320549
 0.32977468 0.3194371  0.31330344 0.2974399  0.2861223  0.2785144
 0.27204227 0.26579833 0.26111683 0.2612246  0.25833556 0.25804698
 0.25415277 0.25806537 0.25110978 0.24813733 0.2470479  0.24250945
 0.24925166 0.2518543 ] mean 0.3 max 0.40250945 min 0.24250945
pruning layer 0 name self_attn.q_proj
pruning layer 0 name self_attn.k_proj
pruning layer 0 name self_attn.v_proj
pruning layer 0 name self_attn.o_proj
pruning layer 0 name mlp.gate_proj
pruning layer 0 name mlp.down_proj
pruning layer 0 name mlp.up_proj
pruning layer 1 name self_attn.q_proj
pruning layer 1 name self_attn.k_proj
pruning layer 1 name self_attn.v_proj
pruning layer 1 name self_attn.o_proj
pruning layer 1 name mlp.gate_proj
pruning layer 1 name mlp.down_proj
pruning layer 1 name mlp.up_proj
pruning layer 2 name self_attn.q_proj
pruning layer 2 name self_attn.k_proj
pruning layer 2 name self_attn.v_proj
pruning layer 2 name self_attn.o_proj
pruning layer 2 name mlp.gate_proj
pruning layer 2 name mlp.down_proj
pruning layer 2 name mlp.up_proj
pruning layer 3 name self_attn.q_proj
pruning layer 3 name self_attn.k_proj
pruning layer 3 name self_attn.v_proj
pruning layer 3 name self_attn.o_proj
pruning layer 3 name mlp.gate_proj
pruning layer 3 name mlp.down_proj
pruning layer 3 name mlp.up_proj
pruning layer 4 name self_attn.q_proj
pruning layer 4 name self_attn.k_proj
pruning layer 4 name self_attn.v_proj
pruning layer 4 name self_attn.o_proj
pruning layer 4 name mlp.gate_proj
pruning layer 4 name mlp.down_proj
pruning layer 4 name mlp.up_proj
pruning layer 5 name self_attn.q_proj
pruning layer 5 name self_attn.k_proj
pruning layer 5 name self_attn.v_proj
pruning layer 5 name self_attn.o_proj
pruning layer 5 name mlp.gate_proj
pruning layer 5 name mlp.down_proj
pruning layer 5 name mlp.up_proj
pruning layer 6 name self_attn.q_proj
pruning layer 6 name self_attn.k_proj
pruning layer 6 name self_attn.v_proj
pruning layer 6 name self_attn.o_proj
pruning layer 6 name mlp.gate_proj
pruning layer 6 name mlp.down_proj
pruning layer 6 name mlp.up_proj
pruning layer 7 name self_attn.q_proj
pruning layer 7 name self_attn.k_proj
pruning layer 7 name self_attn.v_proj
pruning layer 7 name self_attn.o_proj
pruning layer 7 name mlp.gate_proj
pruning layer 7 name mlp.down_proj
pruning layer 7 name mlp.up_proj
pruning layer 8 name self_attn.q_proj
pruning layer 8 name self_attn.k_proj
pruning layer 8 name self_attn.v_proj
pruning layer 8 name self_attn.o_proj
pruning layer 8 name mlp.gate_proj
pruning layer 8 name mlp.down_proj
pruning layer 8 name mlp.up_proj
pruning layer 9 name self_attn.q_proj
pruning layer 9 name self_attn.k_proj
pruning layer 9 name self_attn.v_proj
pruning layer 9 name self_attn.o_proj
pruning layer 9 name mlp.gate_proj
pruning layer 9 name mlp.down_proj
pruning layer 9 name mlp.up_proj
pruning layer 10 name self_attn.q_proj
pruning layer 10 name self_attn.k_proj
pruning layer 10 name self_attn.v_proj
pruning layer 10 name self_attn.o_proj
pruning layer 10 name mlp.gate_proj
pruning layer 10 name mlp.down_proj
pruning layer 10 name mlp.up_proj
pruning layer 11 name self_attn.q_proj
pruning layer 11 name self_attn.k_proj
pruning layer 11 name self_attn.v_proj
pruning layer 11 name self_attn.o_proj
pruning layer 11 name mlp.gate_proj
pruning layer 11 name mlp.down_proj
pruning layer 11 name mlp.up_proj
pruning layer 12 name self_attn.q_proj
pruning layer 12 name self_attn.k_proj
pruning layer 12 name self_attn.v_proj
pruning layer 12 name self_attn.o_proj
pruning layer 12 name mlp.gate_proj
pruning layer 12 name mlp.down_proj
pruning layer 12 name mlp.up_proj
pruning layer 13 name self_attn.q_proj
pruning layer 13 name self_attn.k_proj
pruning layer 13 name self_attn.v_proj
pruning layer 13 name self_attn.o_proj
pruning layer 13 name mlp.gate_proj
pruning layer 13 name mlp.down_proj
pruning layer 13 name mlp.up_proj
pruning layer 14 name self_attn.q_proj
pruning layer 14 name self_attn.k_proj
pruning layer 14 name self_attn.v_proj
pruning layer 14 name self_attn.o_proj
pruning layer 14 name mlp.gate_proj
pruning layer 14 name mlp.down_proj
pruning layer 14 name mlp.up_proj
pruning layer 15 name self_attn.q_proj
pruning layer 15 name self_attn.k_proj
pruning layer 15 name self_attn.v_proj
pruning layer 15 name self_attn.o_proj
pruning layer 15 name mlp.gate_proj
pruning layer 15 name mlp.down_proj
pruning layer 15 name mlp.up_proj
pruning layer 16 name self_attn.q_proj
pruning layer 16 name self_attn.k_proj
pruning layer 16 name self_attn.v_proj
pruning layer 16 name self_attn.o_proj
pruning layer 16 name mlp.gate_proj
pruning layer 16 name mlp.down_proj
pruning layer 16 name mlp.up_proj
pruning layer 17 name self_attn.q_proj
pruning layer 17 name self_attn.k_proj
pruning layer 17 name self_attn.v_proj
pruning layer 17 name self_attn.o_proj
pruning layer 17 name mlp.gate_proj
pruning layer 17 name mlp.down_proj
pruning layer 17 name mlp.up_proj
pruning layer 18 name self_attn.q_proj
pruning layer 18 name self_attn.k_proj
pruning layer 18 name self_attn.v_proj
pruning layer 18 name self_attn.o_proj
pruning layer 18 name mlp.gate_proj
pruning layer 18 name mlp.down_proj
pruning layer 18 name mlp.up_proj
pruning layer 19 name self_attn.q_proj
pruning layer 19 name self_attn.k_proj
pruning layer 19 name self_attn.v_proj
pruning layer 19 name self_attn.o_proj
pruning layer 19 name mlp.gate_proj
pruning layer 19 name mlp.down_proj
pruning layer 19 name mlp.up_proj
pruning layer 20 name self_attn.q_proj
pruning layer 20 name self_attn.k_proj
pruning layer 20 name self_attn.v_proj
pruning layer 20 name self_attn.o_proj
pruning layer 20 name mlp.gate_proj
pruning layer 20 name mlp.down_proj
pruning layer 20 name mlp.up_proj
pruning layer 21 name self_attn.q_proj
pruning layer 21 name self_attn.k_proj
pruning layer 21 name self_attn.v_proj
pruning layer 21 name self_attn.o_proj
pruning layer 21 name mlp.gate_proj
pruning layer 21 name mlp.down_proj
pruning layer 21 name mlp.up_proj
pruning layer 22 name self_attn.q_proj
pruning layer 22 name self_attn.k_proj
pruning layer 22 name self_attn.v_proj
pruning layer 22 name self_attn.o_proj
pruning layer 22 name mlp.gate_proj
pruning layer 22 name mlp.down_proj
pruning layer 22 name mlp.up_proj
pruning layer 23 name self_attn.q_proj
pruning layer 23 name self_attn.k_proj
pruning layer 23 name self_attn.v_proj
pruning layer 23 name self_attn.o_proj
pruning layer 23 name mlp.gate_proj
pruning layer 23 name mlp.down_proj
pruning layer 23 name mlp.up_proj
pruning layer 24 name self_attn.q_proj
pruning layer 24 name self_attn.k_proj
pruning layer 24 name self_attn.v_proj
pruning layer 24 name self_attn.o_proj
pruning layer 24 name mlp.gate_proj
pruning layer 24 name mlp.down_proj
pruning layer 24 name mlp.up_proj
pruning layer 25 name self_attn.q_proj
pruning layer 25 name self_attn.k_proj
pruning layer 25 name self_attn.v_proj
pruning layer 25 name self_attn.o_proj
pruning layer 25 name mlp.gate_proj
pruning layer 25 name mlp.down_proj
pruning layer 25 name mlp.up_proj
pruning layer 26 name self_attn.q_proj
pruning layer 26 name self_attn.k_proj
pruning layer 26 name self_attn.v_proj
pruning layer 26 name self_attn.o_proj
pruning layer 26 name mlp.gate_proj
pruning layer 26 name mlp.down_proj
pruning layer 26 name mlp.up_proj
pruning layer 27 name self_attn.q_proj
pruning layer 27 name self_attn.k_proj
pruning layer 27 name self_attn.v_proj
pruning layer 27 name self_attn.o_proj
pruning layer 27 name mlp.gate_proj
pruning layer 27 name mlp.down_proj
pruning layer 27 name mlp.up_proj
pruning layer 28 name self_attn.q_proj
pruning layer 28 name self_attn.k_proj
pruning layer 28 name self_attn.v_proj
pruning layer 28 name self_attn.o_proj
pruning layer 28 name mlp.gate_proj
pruning layer 28 name mlp.down_proj
pruning layer 28 name mlp.up_proj
pruning layer 29 name self_attn.q_proj
pruning layer 29 name self_attn.k_proj
pruning layer 29 name self_attn.v_proj
pruning layer 29 name self_attn.o_proj
pruning layer 29 name mlp.gate_proj
pruning layer 29 name mlp.down_proj
pruning layer 29 name mlp.up_proj
pruning layer 30 name self_attn.q_proj
pruning layer 30 name self_attn.k_proj
pruning layer 30 name self_attn.v_proj
pruning layer 30 name self_attn.o_proj
pruning layer 30 name mlp.gate_proj
pruning layer 30 name mlp.down_proj
pruning layer 30 name mlp.up_proj
pruning layer 31 name self_attn.q_proj
pruning layer 31 name self_attn.k_proj
pruning layer 31 name self_attn.v_proj
pruning layer 31 name self_attn.o_proj
pruning layer 31 name mlp.gate_proj
pruning layer 31 name mlp.down_proj
pruning layer 31 name mlp.up_proj
******************************
layer 0 sparsity 0.667488
layer 1 sparsity 0.640144
layer 2 sparsity 0.647706
layer 3 sparsity 0.597426
layer 4 sparsity 0.646725
layer 5 sparsity 0.658213
layer 6 sparsity 0.638702
layer 7 sparsity 0.647016
layer 8 sparsity 0.661138
layer 9 sparsity 0.664543
layer 10 sparsity 0.665525
layer 11 sparsity 0.667759
layer 12 sparsity 0.670162
layer 13 sparsity 0.680439
layer 14 sparsity 0.686559
layer 15 sparsity 0.702414
layer 16 sparsity 0.713862
layer 17 sparsity 0.721444
layer 18 sparsity 0.727815
layer 19 sparsity 0.734145
layer 20 sparsity 0.738782
layer 21 sparsity 0.738762
layer 22 sparsity 0.741497
layer 23 sparsity 0.741937
layer 24 sparsity 0.745654
layer 25 sparsity 0.741747
layer 26 sparsity 0.748788
layer 27 sparsity 0.751733
layer 28 sparsity 0.752925
layer 29 sparsity 0.757352
layer 30 sparsity 0.750731
layer 31 sparsity 0.748057
sparsity sanity check 0.6999
******************************
evaluating on wikitext2
nsamples 166
sample 0
sample 50
sample 100
sample 150
begin calcualte ppl
[TIME] this run took 436.83 seconds (7.28 min)
[RESULT] final ppl on wikitext = 31.5447
